{"type":"FeatureCollection","crs":{"type":"name","properties":{"name":"EPSG:4326"}},"features":[{"type":"Feature","id":1,"geometry":{"type":"Point","coordinates":[-112.238699198,33.579132058]},"properties":{"OBJECTID":1,"globalid":"bfe023ff-9507-4b11-9800-199cf787c31e","City":"Peoria","Year":2026,"LUT_Location":"PE_Comm_Cntr","Organization":"City of Peoria","Location":"Peoria Community Center","Address":"8335 W. Jefferson St. Peoria AZ 85345","map_link":"https://www.google.com/maps/place/8335+W+Jefferson+St,+Peoria,+AZ+85345","Start_Date":"2026-05-01","End_Date":"2026-09-30","PrimaryPhone":"623-773-5247","HeatRelief":"Yes","HeatRelief_Type":"Cooling Center","Collection":"Yes","Collection_Type":"Water and General Collection","Hours":"Mo-Th 8am-9pm, Fr 8am-5pm, Sa 8am-3pm","MondayOpen":"8:00 AM","MondayClose":"9:00 PM","TuesdayOpen":"8:00 AM","TuesdayClose":"9:00 PM","WednesdayOpen":"8:00 AM","WednesdayClose":"9:00 PM","ThursdayOpen":"8:00 AM","ThursdayClose":"9:00 PM","FridayOpen":"8:00 AM","FridayClose":"5:00 PM","SaturdayOpen":"8:00 AM","SaturdayClose":"3:00 PM","SundayOpen":null,"SundayClose":null,"MemorialDay":"Closed","Juneteenth":"Closed","IndependenceDay":"Closed","LaborDay":"Closed","Pets":null,"Wheelchair_access":"Yes","ADA_accessible":"Yes","Services":"Homeless services, Hygiene items","Note":null,"image":null,"Status":1,"Active":"Yes"}},{"type":"Feature","id":2,"geometry":{"type":"Point","coordinates":[-112.24089,33.57446]},"properties":{"OBJECTID":2,"globalid":"db38304c-0636-4862-aaf5-cb978cc9ac6a","City":"Peoria","Year":2026,"LUT_Location":"PE_CS_Admin_Offc","Organization":"City of Peoria","Location":"Peoria Development and Community Services","Address":"9875 N. 85th Ave. Peoria AZ 85345","map_link":"https://www.google.com/maps/place/9875+N+85th+Ave,+Peoria,+AZ+85345","Start_Date":"2026-05-01","End_Date":"2026-09-30","PrimaryPhone":"623-773-5247","HeatRelief":"Yes","HeatRelief_Type":"Hydration Station","Collection":"Yes","Collection_Type":"Water and General Collection","Hours":"Mo-Th 7am-6pm","MondayOpen":"7:00 AM","MondayClose":"6:00 PM","TuesdayOpen":"7:00 AM","TuesdayClose":"6:00 PM","WednesdayOpen":"7:00 AM","WednesdayClose":"6:00 PM","ThursdayOpen":"7:00 AM","ThursdayClose":"6:00 PM","FridayOpen":null,"FridayClose":null,"SaturdayOpen":null,"SaturdayClose":null,"SundayOpen":null,"SundayClose":null,"MemorialDay":"Closed","Juneteenth":"Closed","IndependenceDay":"Closed","LaborDay":"Closed","Pets":null,"Wheelchair_access":null,"ADA_accessible":null,"Services":null,"Note":null,"image":null,"Status":1,"Active":"Yes"}},{"type":"Feature","id":3,"geometry":{"type":"Point","coordinates":[-112.244567871,33.615244723]},"properties":{"OBJECTID":3,"globalid":"d998c73f-bc31-46d4-8ea3-2642692e2720","City":"Peoria","Year":2026,"LUT_Location":"Rio_Vista_Rec_Cntr","Organization":"City of Peoria","Location":"Rio Vista Recreation Center","Address":"8866 W. Thunderbird Rd. Peoria AZ 85381","map_link":"https://www.google.com/maps/place/8866+W+Thunderbird+Rd,+Peoria,+AZ+85381","Start_Date":"2026-05-01","End_Date":"2026-09-30","PrimaryPhone":"623-773-5247","HeatRelief":"Yes","HeatRelief_Type":"Cooling Center","Collection":"Yes","Collection_Type":"Water and General Collection","Hours":"Mo-Fr 5am-8pm, Sa 9am-4pm, Su 11am-6pm","MondayOpen":"5:00 AM","MondayClose":"8:00 PM","TuesdayOpen":"5:00 AM","TuesdayClose":"8:00 PM","WednesdayOpen":"5:00 AM","WednesdayClose":"8:00 PM","ThursdayOpen":"5:00 AM","ThursdayClose":"8:00 PM","FridayOpen":"5:00 AM","FridayClose":"8:00 PM","SaturdayOpen":"9:00 AM","SaturdayClose":"4:00 PM","SundayOpen":"11:00 AM","SundayClose":"6:00 PM","MemorialDay":"Regular Hours","Juneteenth":"Closed","IndependenceDay":"Closed","LaborDay":"Regular Hours","Pets":null,"Wheelchair_access":"Yes","ADA_accessible":"Yes","Services":null,"Note":null,"image":null,"Status":1,"Active":"Yes"}},{"type":"Feature","id":4,"geometry":{"type":"Point","coordinates":[-112.269195871,33.6754221680001]},"properties":{"OBJECTID":4,"globalid":"1fab166c-fa4d-45a9-9961-bca236661031","City":"Peoria","Year":2026,"LUT_Location":"PE_Sunris_Mt_Lib","Organization":"City of Peoria","Location":"Sunrise Mountain Library","Address":"21109 N. 98th Ave. Peoria AZ 85382","map_link":"https://www.google.com/maps/place/21109+N+98th+Ave,+Peoria,+AZ+85382","Start_Date":"2026-05-01","End_Date":"2026-09-30","PrimaryPhone":"623-773-5247","HeatRelief":"Yes","HeatRelief_Type":"Cooling Center","Collection":"Yes","Collection_Type":"Water and General Collection","Hours":"Mo-Th 9am-7pm, Fr-Sa 11am-5pm","MondayOpen":"9:00 AM","MondayClose":"7:00 PM","TuesdayOpen":"9:00 AM","TuesdayClose":"7:00 PM","WednesdayOpen":"9:00 AM","WednesdayClose":"7:00 PM","ThursdayOpen":"9:00 AM","ThursdayClose":"7:00 PM","FridayOpen":"11:00 AM","FridayClose":"5:00 PM","SaturdayOpen":"11:00 AM","SaturdayClose":"5:00 PM","SundayOpen":null,"SundayClose":null,"MemorialDay":"Closed","Juneteenth":"Closed","IndependenceDay":"Closed","LaborDay":"Closed","Pets":null,"Wheelchair_access":"Yes","ADA_accessible":"Yes","Services":null,"Note":null,"image":null,"Status":1,"Active":"Yes"}},{"type":"Feature","id":12,"geometry":{"type":"Point","coordinates":[-112.074075937,33.4031071950001]},"properties":{"OBJECTID":12,"globalid":"3f6c8964-17b7-40b0-aac0-d1e096013214","City":"Phoenix","Year":2026,"LUT_Location":"TLW_Family_Srvcs_Cntr","Organization":"City of Phoenix","Location":"Travis L. Williams Family Services Center  ","Address":"4732 S. Central Ave. Phoenix AZ 85040","map_link":"https://www.google.com/maps/place/4732+S+Central+Ave,+Phoenix,+AZ+85040","Start_Date":"2026-05-01","End_Date":"2026-09-30","PrimaryPhone":"602-495-7504","HeatRelief":"Yes","HeatRelief_Type":"Hydration Station","Collection":"Yes","Collection_Type":"Water and General Collection","Hours":"Mo-Fr 8am-5pm","MondayOpen":"8:00 AM","MondayClose":"5:00 PM","TuesdayOpen":"8:00 AM","TuesdayClose":"5:00 PM","WednesdayOpen":"8:00 AM","WednesdayClose":"5:00 PM","ThursdayOpen":"8:00 AM","ThursdayClose":"5:00 PM","FridayOpen":"8:00 AM","FridayClose":"5:00 PM","SaturdayOpen":null,"SaturdayClose":null,"SundayOpen":null,"SundayClose":null,"MemorialDay":"Closed","Juneteenth":"Closed","IndependenceDay":"Closed","LaborDay":"Closed","Pets":"No","Wheelchair_access":"Yes","ADA_accessible":"Yes","Services":"Homeless services","Note":null,"image":null,"Status":1,"Active":"Yes"}},{"type":"Feature","id":13,"geometry":{"type":"Point","coordinates":[-112.170131206,33.489710367]},"properties":{"OBJECTID":13,"globalid":"b7e9e6eb-893b-4d24-a81a-85cf402673d7","City":"Phoenix","Year":2026,"LUT_Location":"JFL_Fam_Srvc_Cntr","Organization":"City of Phoenix","Location":"John F. Long Family Service Center","Address":"3454 N. 51st Ave. Phoenix AZ 85031","map_link":"https://www.google.com/maps/place/3454+N+51st+Ave,+Phoenix,+AZ+85031","Start_Date":"2026-05-01","End_Date":"2026-09-30","PrimaryPhone":"602-262-6989","HeatRelief":"Yes","HeatRelief_Type":"Hydration Station","Collection":"Yes","Collection_Type":"Water and General Collection","Hours":"Mo-Fr 8am-5pm","MondayOpen":"8:00 AM","MondayClose":"5:00 PM","TuesdayOpen":"8:00 AM","TuesdayClose":"5:00 PM","WednesdayOpen":"8:00 AM","WednesdayClose":"5:00 PM","ThursdayOpen":"8:00 AM","ThursdayClose":"5:00 PM","FridayOpen":"8:00 AM","FridayClose":"5:00 PM","SaturdayOpen":null,"SaturdayClose":null,"SundayOpen":null,"SundayClose":null,"MemorialDay":"Closed","Juneteenth":"Closed","IndependenceDay":"Closed","LaborDay":"Closed","Pets":"No","Wheelchair_access":"Yes","ADA_accessible":"Yes","Services":"Homeless services","Note":null,"image":null,"Status":1,"Active":"Yes"}},{"type":"Feature","id":14,"geometry":{"type":"Point","coordinates":[-112.077713013,33.4328470560001]},"properties":{"OBJECTID":14,"globalid":"13106c15-63d8-4aa3-a458-a2df2f68630c","City":"Phoenix","Year":2026,"LUT_Location":"Marcos_de_Niza_Sr_Cntr","Organization":"City of Phoenix","Location":"Marcos de Niza Senior Center  ","Address":"305 W. Pima Rd. Phoenix AZ 85003","map_link":"https://www.google.com/maps/place/305+W+Pima+St,+Phoenix,+AZ+85003","Start_Date":"2026-05-01","End_Date":"2026-09-30","PrimaryPhone":"602-261-8511","HeatRelief":"Yes","HeatRelief_Type":"Hydration Station","Collection":"Yes","Collection_Type":"Water Collection Only","Hours":"Mo-Fr 9am-3pm","MondayOpen":"9:00 AM","MondayClose":"3:00 PM","TuesdayOpen":"9:00 AM","TuesdayClose":"3:00 PM","WednesdayOpen":"9:00 AM","WednesdayClose":"3:00 PM","ThursdayOpen":"9:00 AM","ThursdayClose":"3:00 PM","FridayOpen":"9:00 AM","FridayClose":"3:00 PM","SaturdayOpen":null,"SaturdayClose":null,"SundayOpen":null,"SundayClose":null,"MemorialDay":"Closed","Juneteenth":"Closed","IndependenceDay":"Closed","LaborDay":"Closed","Pets":"No","Wheelchair_access":"Yes","ADA_accessible":"Yes","Services":null,"Note":null,"image":null,"Status":1,"Active":"Yes"}},{"type":"Feature","id":15,"geometry":{"type":"Point","coordinates":[-112.084364891,33.506834547]},"properties":{"OBJECTID":15,"globalid":"23f8ec75-e336-4b59-b487-e61159f1597a","City":"Phoenix","Year":2026,"LUT_Location":"Chinese_Sr_Cntr","Organization":"City of Phoenix","Location":"Chinese Senior Center  ","Address":"734 W. Elm St. Phoenix AZ 85013","map_link":"https://www.google.com/maps/place/734+W+Elm+St,+Phoenix,+AZ+85013","Start_Date":"2026-05-01","End_Date":"2026-09-30","PrimaryPhone":"602-534-5099","HeatRelief":"Yes","HeatRelief_Type":"Hydration Station","Collection":"Yes","Collection_Type":"Water Collection Only","Hours":"Mo-Fr 9am-3pm","MondayOpen":"9:00 AM","MondayClose":"3:00 PM","TuesdayOpen":"9:00 AM","TuesdayClose":"3:00 PM","WednesdayOpen":"9:00 AM","WednesdayClose":"3:00 PM","ThursdayOpen":"9:00 AM","ThursdayClose":"3:00 PM","FridayOpen":"9:00 AM","FridayClose":"3:00 PM","SaturdayOpen":null,"SaturdayClose":null,"SundayOpen":null,"SundayClose":null,"MemorialDay":"Closed","Juneteenth":"Closed","IndependenceDay":"Closed","LaborDay":"Closed","Pets":"No","Wheelchair_access":"Yes","ADA_accessible":"Yes","Services":null,"Note":null,"image":null,"Status":1,"Active":"Yes"}},{"type":"Feature","id":16,"geometry":{"type":"Point","coordinates":[-112.102947235,33.666300307]},"properties":{"OBJECTID":16,"globalid":"9b2b5dc3-ad83-455d-8c9a-2052d3df11c0","City":"Phoenix","Year":2026,"LUT_Location":"Deer_Vlly_Comm_Cntr","Organization":"City of Phoenix","Location":"Deer Valley Community Center  ","Address":"2001 W. Wahalla Ln. Phoenix AZ 85027","map_link":"https://www.google.com/maps/place/2001+W+Wahalla+Ln,+Phoenix,+AZ+85027","Start_Date":"2026-05-01","End_Date":"2026-09-30","PrimaryPhone":"602-495-3713","HeatRelief":"Yes","HeatRelief_Type":"Hydration Station","Collection":"Yes","Collection_Type":"Water Collection Only","Hours":"Mo-Fr 9am-3pm","MondayOpen":"9:00 AM","MondayClose":"3:00 PM","TuesdayOpen":"9:00 AM","TuesdayClose":"3:00 PM","WednesdayOpen":"9:00 AM","WednesdayClose":"3:00 PM","ThursdayOpen":"9:00 AM","ThursdayClose":"3:00 PM","FridayOpen":"9:00 AM","FridayClose":"3:00 PM","SaturdayOpen":null,"SaturdayClose":null,"SundayOpen":null,"SundayClose":null,"MemorialDay":"Closed","Juneteenth":"Closed","IndependenceDay":"Closed","LaborDay":"Closed","Pets":"No","Wheelchair_access":"Yes","ADA_accessible":"Yes","Services":null,"Note":null,"image":null,"Status":1,"Active":"Yes"}},{"type":"Feature","id":17,"geometry":{"type":"Point","coordinates":[-112.200735211,33.4763951840001]},"properties":{"OBJECTID":17,"globalid":"110160ff-3c6e-413d-9fb6-e99db65c21f9","City":"Phoenix","Year":2026,"LUT_Location":"Desert_W_Comm_Cntr","Organization":"City of Phoenix","Location":"Desert West Community Center  ","Address":"6501 W. Virginia Ave. Phoenix AZ 85035","map_link":"https://www.google.com/maps/place/6501+W+Virginia+Ave,+Phoenix,+AZ+85035","Start_Date":"2026-05-01","End_Date":"2026-09-30","PrimaryPhone":"602-495-3710","HeatRelief":"Yes","HeatRelief_Type":"Hydration Station","Collection":"Yes","Collection_Type":"Water Collection Only","Hours":"Mo-Fr 9am-3pm","MondayOpen":"9:00 AM","MondayClose":"3:00 PM","TuesdayOpen":"9:00 AM","TuesdayClose":"3:00 PM","WednesdayOpen":"9:00 AM","WednesdayClose":"3:00 PM","ThursdayOpen":"9:00 AM","ThursdayClose":"3:00 PM","FridayOpen":"9:00 AM","FridayClose":"3:00 PM","SaturdayOpen":null,"SaturdayClose":null,"SundayOpen":null,"SundayClose":null,"MemorialDay":"Closed","Juneteenth":"Closed","IndependenceDay":"Closed","LaborDay":"Closed","Pets":"No","Wheelchair_access":"Yes","ADA_accessible":"Yes","Services":null,"Note":null,"image":null,"Status":1,"Active":"Yes"}},{"type":"Feature","id":18,"geometry":{"type":"Point","coordinates":[-112.020989656,33.4969666370001]},"properties":{"OBJECTID":18,"globalid":"e8e1e9c2-4b5f-4ec6-84ec-42fda1ddebd3","City":"Phoenix","Year":2026,"LUT_Location":"Devonshire_Snr_Cntr","Organization":"City of Phoenix","Location":"Devonshire Senior Center  ","Address":"2802 E. Devonshire Ave. Phoenix AZ 85016","map_link":"https://www.google.com/maps/place/2802+E+Devonshire+Ave,+Phoenix,+AZ+85016","Start_Date":"2026-05-01","End_Date":"2026-09-30","PrimaryPhone":"602-495-0905","HeatRelief":"Yes","HeatRelief_Type":"Hydration Station","Collection":"Yes","Collection_Type":"Water Collection Only","Hours":"Mo-Fr 9am-3pm","MondayOpen":"9:00 AM","MondayClose":"3:00 PM","TuesdayOpen":"9:00 AM","TuesdayClose":"3:00 PM","WednesdayOpen":"9:00 AM","WednesdayClose":"3:00 PM","ThursdayOpen":"9:00 AM","ThursdayClose":"3:00 PM","FridayOpen":"9:00 AM","FridayClose":"3:00 PM","SaturdayOpen":null,"SaturdayClose":null,"SundayOpen":null,"SundayClose":null,"MemorialDay":"Closed","Juneteenth":"Closed","IndependenceDay":"Closed","LaborDay":"Closed","Pets":"No","Wheelchair_access":"Yes","ADA_accessible":"Yes","Services":null,"Note":null,"image":null,"Status":1,"Active":"Yes"}},{"type":"Feature","id":19,"geometry":{"type":"Point","coordinates":[-112.131764889,33.6970476600001]},"properties":{"OBJECTID":19,"globalid":"522f8b67-c547-400e-888a-b738a2622b55","City":"Phoenix","Year":2026,"LUT_Location":"GACB_Comm_Cntr","Organization":"City of Phoenix","Location":"Goelet A. C. Beuf Community Center  ","Address":"3435 W. Pinnacle Peak Rd. Phoenix AZ 85027","map_link":"https://www.google.com/maps/place/3435+W+Pinnacle+Peak+Rd,+Phoenix,+AZ+85027","Start_Date":"2026-05-01","End_Date":"2026-09-30","PrimaryPhone":"602-534-9740","HeatRelief":"Yes","HeatRelief_Type":"Hydration Station","Collection":"Yes","Collection_Type":"Water Collection Only","Hours":"Mo-Fr 9am-3pm","MondayOpen":"9:00 AM","MondayClose":"3:00 PM","TuesdayOpen":"9:00 AM","TuesdayClose":"3:00 PM","WednesdayOpen":"9:00 AM","WednesdayClose":"3:00 PM","ThursdayOpen":"9:00 AM","ThursdayClose":"3:00 PM","FridayOpen":"9:00 AM","FridayClose":"3:00 PM","SaturdayOpen":null,"SaturdayClose":null,"SundayOpen":null,"SundayClose":null,"MemorialDay":"Closed","Juneteenth":"Closed","IndependenceDay":"Closed","LaborDay":"Closed","Pets":"No","Wheelchair_access":"Yes","ADA_accessible":"Yes","Services":null,"Note":null,"image":null,"Status":1,"Active":"Yes"}},{"type":"Feature","id":20,"geometry":{"type":"Point","coordinates":[-112.117699385,33.5484007110001]},"properties":{"OBJECTID":20,"globalid":"0307e2f0-aac8-4c31-b9f5-7a177a54fe51","City":"Phoenix","Year":2026,"LUT_Location":"Helen_Drake_Snr_Cntr","Organization":"City of Phoenix","Location":"Helen Drake Senior Center  ","Address":"7600 N. 27th Ave. Phoenix AZ 85051","map_link":"https://www.google.com/maps/place/7600+N+27th+Ave,+Phoenix,+AZ+85051","Start_Date":"2026-05-01","End_Date":"2026-09-30","PrimaryPhone":"602-534-6649","HeatRelief":"Yes","HeatRelief_Type":"Hydration Station","Collection":"Yes","Collection_Type":"Water Collection Only","Hours":"Mo-Fr 9am-3pm","MondayOpen":"9:00 AM","MondayClose":"3:00 PM","TuesdayOpen":"9:00 AM","TuesdayClose":"3:00 PM","WednesdayOpen":"9:00 AM","WednesdayClose":"3:00 PM","ThursdayOpen":"9:00 AM","ThursdayClose":"3:00 PM","FridayOpen":"9:00 AM","FridayClose":"3:00 PM","SaturdayOpen":null,"SaturdayClose":null,"SundayOpen":null,"SundayClose":null,"MemorialDay":"Closed","Juneteenth":"Closed","IndependenceDay":"Closed","LaborDay":"Closed","Pets":"No","Wheelchair_access":"Yes","ADA_accessible":"Yes","Services":null,"Note":null,"image":null,"Status":1,"Active":"Yes"}},{"type":"Feature","id":21,"geometry":{"type":"Point","coordinates":[-112.041389532,33.4654545430001]},"properties":{"OBJECTID":21,"globalid":"bd604d6b-4f2f-4ab9-bfdf-91c211d5e967","City":"Phoenix","Year":2026,"LUT_Location":"McDowell_Pl_Snr_Cntr","Organization":"City of Phoenix","Location":"McDowell Place Senior Center  ","Address":"1845 E. McDowell Rd. Phoenix AZ 85006","map_link":"https://www.google.com/maps/place/1845+E+McDowell+Rd,+Phoenix,+AZ+85006","Start_Date":"2026-05-01","End_Date":"2026-09-30","PrimaryPhone":"602-534-3896","HeatRelief":"Yes","HeatRelief_Type":"Hydration Station","Collection":"Yes","Collection_Type":"Water Collection Only","Hours":"Mo-Fr 9am-3pm","MondayOpen":"9:00 AM","MondayClose":"3:00 PM","TuesdayOpen":"9:00 AM","TuesdayClose":"3:00 PM","WednesdayOpen":"9:00 AM","WednesdayClose":"3:00 PM","ThursdayOpen":"9:00 AM","ThursdayClose":"3:00 PM","FridayOpen":"9:00 AM","FridayClose":"3:00 PM","SaturdayOpen":null,"SaturdayClose":null,"SundayOpen":null,"SundayClose":null,"MemorialDay":"Closed","Juneteenth":"Closed","IndependenceDay":"Closed","LaborDay":"Closed","Pets":"No","Wheelchair_access":"Yes","ADA_accessible":"Yes","Services":null,"Note":null,"image":null,"Status":1,"Active":"Yes"}},{"type":"Feature","id":22,"geometry":{"type":"Point","coordinates":[-111.99740231,33.6452020150001]},"properties":{"OBJECTID":22,"globalid":"bf3ca0d5-5ccb-4497-bc6c-c7d510f9fd82","City":"Phoenix","Year":2026,"LUT_Location":"PV_Comm_Cntr","Organization":"City of Phoenix","Location":"Paradise Valley Community Center  ","Address":"17402 N. 40th St. Phoenix AZ 85032","map_link":"https://www.google.com/maps/place/17402+N+40th+St,+Phoenix,+AZ+85032","Start_Date":"2026-05-01","End_Date":"2026-09-30","PrimaryPhone":"602-534-7834","HeatRelief":"Yes","HeatRelief_Type":"Hydration Station","Collection":"Yes","Collection_Type":"Water Collection Only","Hours":"Mo-Fr 9am-3pm","MondayOpen":"9:00 AM","MondayClose":"3:00 PM","TuesdayOpen":"9:00 AM","TuesdayClose":"3:00 PM","WednesdayOpen":"9:00 AM","WednesdayClose":"3:00 PM","ThursdayOpen":"9:00 AM","ThursdayClose":"3:00 PM","FridayOpen":"9:00 AM","FridayClose":"3:00 PM","SaturdayOpen":null,"SaturdayClose":null,"SundayOpen":null,"SundayClose":null,"MemorialDay":"Closed","Juneteenth":"Closed","IndependenceDay":"Closed","LaborDay":"Closed","Pets":"No","Wheelchair_access":"Yes","ADA_accessible":"Yes","Services":null,"Note":null,"image":null,"Status":1,"Active":"Yes"}},{"type":"Feature","id":23,"geometry":{"type":"Point","coordinates":[-111.9810462,33.2918664750001]},"properties":{"OBJECTID":23,"globalid":"e898f067-e724-487b-b68c-5990589a92c4","City":"Phoenix","Year":2026,"LUT_Location":"Pecos_Comm_Cntr","Organization":"City of Phoenix","Location":"Pecos Community Center  ","Address":"17010 S. 48th St. Phoenix AZ 85048","map_link":"https://www.google.com/maps/place/17010+S+48th+St,+Phoenix,+AZ+85048","Start_Date":"2026-05-01","End_Date":"2026-09-30","PrimaryPhone":"602-534-5362","HeatRelief":"Yes","HeatRelief_Type":"Hydration Station","Collection":"Yes","Collection_Type":"Water Collection Only","Hours":"Mo-Fr 9am-3pm","MondayOpen":"9:00 AM","MondayClose":"3:00 PM","TuesdayOpen":"9:00 AM","TuesdayClose":"3:00 PM","WednesdayOpen":"9:00 AM","WednesdayClose":"3:00 PM","ThursdayOpen":"9:00 AM","ThursdayClose":"3:00 PM","FridayOpen":"9:00 AM","FridayClose":"3:00 PM","SaturdayOpen":null,"SaturdayClose":null,"SundayOpen":null,"SundayClose":null,"MemorialDay":"Closed","Juneteenth":"Closed","IndependenceDay":"Closed","LaborDay":"Closed","Pets":"No","Wheelchair_access":"Yes","ADA_accessible":"Yes","Services":null,"Note":null,"image":null,"Status":1,"Active":"Yes"}},{"type":"Feature","id":24,"geometry":{"type":"Point","coordinates":[-112.004971504,33.6047190090001]},"properties":{"OBJECTID":24,"globalid":"23a9c715-c62b-493d-a46d-857b7d2dfe1e","City":"Phoenix","Year":2026,"LUT_Location":"Shadow_Mt_Snr_Cntr","Organization":"City of Phoenix","Location":"Shadow Mountain Senior Center  ","Address":"3546 E. Sweetwater Ave. Phoenix AZ 85032","map_link":"https://www.google.com/maps/place/3546+E+Sweetwater+Ave,+Phoenix,+AZ+85032","Start_Date":"2026-05-01","End_Date":"2026-09-30","PrimaryPhone":"602-534-4944","HeatRelief":"Yes","HeatRelief_Type":"Hydration Station","Collection":"Yes","Collection_Type":"Water Collection Only","Hours":"Mo-Fr 9am-3pm","MondayOpen":"9:00 AM","MondayClose":"3:00 PM","TuesdayOpen":"9:00 AM","TuesdayClose":"3:00 PM","WednesdayOpen":"9:00 AM","WednesdayClose":"3:00 PM","ThursdayOpen":"9:00 AM","ThursdayClose":"3:00 PM","FridayOpen":"9:00 AM","FridayClose":"3:00 PM","SaturdayOpen":null,"SaturdayClose":null,"SundayOpen":null,"SundayClose":null,"MemorialDay":"Closed","Juneteenth":"Closed","IndependenceDay":"Closed","LaborDay":"Closed","Pets":"No","Wheelchair_access":"Yes","ADA_accessible":"Yes","Services":null,"Note":null,"image":null,"Status":1,"Active":"Yes"}},{"type":"Feature","id":25,"geometry":{"type":"Point","coordinates":[-112.070524693,33.3888829090001]},"properties":{"OBJECTID":25,"globalid":"9e74c853-71e6-4127-bb3a-d1a98bfb99b6","City":"Phoenix","Year":2026,"LUT_Location":"S_Mt_Comm_Cntr","Organization":"City of Phoenix","Location":"South Mountain Community Center  ","Address":"212 E. Alta Vista Rd. Phoenix AZ 85042","map_link":"https://www.google.com/maps/place/212+E+Alta+Vista+Rd,+Phoenix,+AZ+85042","Start_Date":"2026-05-01","End_Date":"2026-09-30","PrimaryPhone":"602-262-4097","HeatRelief":"Yes","HeatRelief_Type":"Hydration Station","Collection":"Yes","Collection_Type":"Water Collection Only","Hours":"Mo-Fr 9am-3pm","MondayOpen":"9:00 AM","MondayClose":"3:00 PM","TuesdayOpen":"9:00 AM","TuesdayClose":"3:00 PM","WednesdayOpen":"9:00 AM","WednesdayClose":"3:00 PM","ThursdayOpen":"9:00 AM","ThursdayClose":"3:00 PM","FridayOpen":"9:00 AM","FridayClose":"3:00 PM","SaturdayOpen":null,"SaturdayClose":null,"SundayOpen":null,"SundayClose":null,"MemorialDay":"Closed","Juneteenth":"Closed","IndependenceDay":"Closed","LaborDay":"Closed","Pets":"No","Wheelchair_access":"Yes","ADA_accessible":"Yes","Services":null,"Note":null,"image":null,"Status":1,"Active":"Yes"}},{"type":"Feature","id":37,"geometry":{"type":"Point","coordinates":[-112.24149,33.57683]},"properties":{"OBJECTID":37,"globalid":"8764fe6c-ec22-4f10-b7b0-fb22f8466c00","City":"Peoria","Year":2026,"LUT_Location":"PE_Main_Lib","Organization":"City of Peoria","Location":"Peoria Main Library","Address":"8463 W. Monroe St. Peoria AZ 85345","map_link":"https://www.google.com/maps/place/8463+W+Monroe+St,+Peoria,+AZ+85345","Start_Date":"2026-05-01","End_Date":"2026-09-30","PrimaryPhone":"623-773-5247","HeatRelief":"Yes","HeatRelief_Type":"Cooling Center","Collection":"Yes","Collection_Type":"Water and General Collection","Hours":"Mo-Th 9am-7pm, Fr-Sa 11am-5pm","MondayOpen":"9:00 AM","MondayClose":"7:00 PM","TuesdayOpen":"9:00 AM","TuesdayClose":"7:00 PM","WednesdayOpen":"9:00 AM","WednesdayClose":"7:00 PM","ThursdayOpen":"9:00 AM","ThursdayClose":"7:00 PM","FridayOpen":"11:00 AM","FridayClose":"5:00 PM","SaturdayOpen":"11:00 AM","SaturdayClose":"5:00 PM","SundayOpen":null,"SundayClose":null,"MemorialDay":"Closed","Juneteenth":"Closed","IndependenceDay":"Closed","LaborDay":"Closed","Pets":null,"Wheelchair_access":"Yes","ADA_accessible":"Yes","Services":null,"Note":null,"image":null,"Status":1,"Active":"Yes"}},{"type":"Feature","id":38,"geometry":{"type":"Point","coordinates":[-112.23979,33.5758900000001]},"properties":{"OBJECTID":38,"globalid":"5e2841be-b63a-4dd6-91b2-8f6e5b7f8429","City":"Peoria","Year":2026,"LUT_Location":"PE_City_Hall","Organization":"City of Peoria","Location":"Peoria City Hall","Address":"8401 W. Monroe St. Peoria AZ 85345","map_link":"https://www.google.com/maps/place/8401+W+Monroe+St,+Peoria,+AZ+85345","Start_Date":"2026-05-01","End_Date":"2026-09-30","PrimaryPhone":"623-773-5247","HeatRelief":"Yes","HeatRelief_Type":"Hydration Station","Collection":"Yes","Collection_Type":"Water and General Collection","Hours":"Mo-Th 7am-6pm","MondayOpen":"7:00 AM","MondayClose":"6:00 PM","TuesdayOpen":"7:00 AM","TuesdayClose":"6:00 PM","WednesdayOpen":"7:00 AM","WednesdayClose":"6:00 PM","ThursdayOpen":"7:00 AM","ThursdayClose":"6:00 PM","FridayOpen":null,"FridayClose":null,"SaturdayOpen":null,"SaturdayClose":null,"SundayOpen":null,"SundayClose":null,"MemorialDay":"Closed","Juneteenth":"Closed","IndependenceDay":"Closed","LaborDay":"Closed","Pets":null,"Wheelchair_access":null,"ADA_accessible":null,"Services":null,"Note":null,"image":null,"Status":1,"Active":"Yes"}},{"type":"Feature","id":39,"geometry":{"type":"Point","coordinates":[-112.16965,33.50485]},"properties":{"OBJECTID":39,"globalid":"84bdb108-da0f-40d7-a10a-7573c36d8d1b","City":"Phoenix","Year":2026,"LUT_Location":"Trrs_Hlth_51st","Organization":"Terros Health","Location":"51st Avenue Recovery Center  ","Address":"4616 N. 51st Ave. Phoenix AZ 85031 (Ste #108)","map_link":"https://www.google.com/maps/place/4616+N+51st+Ave,+Phoenix,+AZ+85031","Start_Date":"2026-05-01","End_Date":"2026-10-31","PrimaryPhone":"602-685-6000","HeatRelief":"Yes","HeatRelief_Type":"Hydration Station","Collection":"Yes","Collection_Type":"Water Collection Only","Hours":"Mo-Fr 8am-5pm","MondayOpen":"8:00 AM","MondayClose":"5:00 PM","TuesdayOpen":"8:00 AM","TuesdayClose":"5:00 PM","WednesdayOpen":"8:00 AM","WednesdayClose":"5:00 PM","ThursdayOpen":"8:00 AM","ThursdayClose":"5:00 PM","FridayOpen":"8:00 AM","FridayClose":"5:00 PM","SaturdayOpen":null,"SaturdayClose":null,"SundayOpen":null,"SundayClose":null,"MemorialDay":"Closed","Juneteenth":"Regular Hours","IndependenceDay":"Closed","LaborDay":"Closed","Pets":null,"Wheelchair_access":null,"ADA_accessible":null,"Services":"Health services","Note":null,"image":null,"Status":1,"Active":"Yes"}},{"type":"Feature","id":41,"geometry":{"type":"Point","coordinates":[-112.11711,33.4927000000001]},"properties":{"OBJECTID":41,"globalid":"cd38f6df-45da-4b0c-844f-cf12a6cbbf51","City":"Phoenix","Year":2026,"LUT_Location":"Trrs_Hlth_27th","Organization":"Terros Health","Location":"27th Avenue Integrated Care  ","Address":"3864 N. 27th Ave. Phoenix AZ 85017","map_link":"https://www.google.com/maps/place/3864+N+27th+Ave,+Phoenix,+AZ+85017","Start_Date":"2026-05-01","End_Date":"2026-10-31","PrimaryPhone":"602-685-6093","HeatRelief":"Yes","HeatRelief_Type":"Hydration Station","Collection":"No","Collection_Type":null,"Hours":"Mo-Fr 8am-4:30pm","MondayOpen":"8:00 AM","MondayClose":"4:30 PM","TuesdayOpen":"8:00 AM","TuesdayClose":"4:30 PM","WednesdayOpen":"8:00 AM","WednesdayClose":"4:30 PM","ThursdayOpen":"8:00 AM","ThursdayClose":"4:30 PM","FridayOpen":"8:00 AM","FridayClose":"4:30 PM","SaturdayOpen":null,"SaturdayClose":null,"SundayOpen":null,"SundayClose":null,"MemorialDay":"Closed","Juneteenth":"Regular Hours","IndependenceDay":"Closed","LaborDay":"Closed","Pets":null,"Wheelchair_access":null,"ADA_accessible":null,"Services":"Health services ","Note":null,"image":null,"Status":1,"Active":"Yes"}},{"type":"Feature","id":42,"geometry":{"type":"Point","coordinates":[-111.97606,33.46511]},"properties":{"OBJECTID":42,"globalid":"32a5d696-75b6-44b0-8926-00b4e946a4db","City":"Phoenix","Year":2026,"LUT_Location":"Trrs_Hlth_McDowell","Organization":"Terros Health","Location":"McDowell Road Integrated Care  ","Address":"4909 E. McDowell Rd. Phoenix AZ 85008","map_link":"https://www.google.com/maps/place/4909+E+McDowell+Rd,+Phoenix,+AZ+85008","Start_Date":"2026-05-01","End_Date":"2026-10-31","PrimaryPhone":"602-685-6000","HeatRelief":"Yes","HeatRelief_Type":"Hydration Station","Collection":"Yes","Collection_Type":"Water Collection Only","Hours":"Mo-Fr 8am-5pm","MondayOpen":"8:00 AM","MondayClose":"5:00 PM","TuesdayOpen":"8:00 AM","TuesdayClose":"5:00 PM","WednesdayOpen":"8:00 AM","WednesdayClose":"5:00 PM","ThursdayOpen":"8:00 AM","ThursdayClose":"5:00 PM","FridayOpen":"8:00 AM","FridayClose":"5:00 PM","SaturdayOpen":null,"SaturdayClose":null,"SundayOpen":null,"SundayClose":null,"MemorialDay":"Closed","Juneteenth":"Regular Hours","IndependenceDay":"Closed","LaborDay":"Closed","Pets":null,"Wheelchair_access":null,"ADA_accessible":null,"Services":"Health services ","Note":null,"image":null,"Status":1,"Active":"Yes"}},{"type":"Feature","id":43,"geometry":{"type":"Point","coordinates":[-111.96275,33.4102100000001]},"properties":{"OBJECTID":43,"globalid":"a4d88f21-fae3-4dfa-9be3-74837ad5a0e4","City":"Tempe","Year":2026,"LUT_Location":"Trrs_Hlth_Priest","Organization":"Terros Health","Location":"Priest Drive Recovery Center  ","Address":"1642 S. Priest Dr. Tempe 85281 AZ (Ste. 101)","map_link":"https://www.google.com/maps/place/1642+S+Priest+Dr,+Tempe,+AZ+85281","Start_Date":"2026-05-01","End_Date":"2026-10-31","PrimaryPhone":"602-685-6000","HeatRelief":"Yes","HeatRelief_Type":"Hydration Station","Collection":"No","Collection_Type":null,"Hours":"Mo-Fr 8am-4:30pm","MondayOpen":"8:00 AM","MondayClose":"4:30 PM","TuesdayOpen":"8:00 AM","TuesdayClose":"4:30 PM","WednesdayOpen":"8:00 AM","WednesdayClose":"4:30 PM","ThursdayOpen":"8:00 AM","ThursdayClose":"4:30 PM","FridayOpen":"8:00 AM","FridayClose":"4:30 PM","SaturdayOpen":null,"SaturdayClose":null,"SundayOpen":null,"SundayClose":null,"MemorialDay":"Closed","Juneteenth":"Regular Hours","IndependenceDay":"Closed","LaborDay":"Closed","Pets":null,"Wheelchair_access":null,"ADA_accessible":null,"Services":"Health services ","Note":null,"image":null,"Status":1,"Active":"Yes"}},{"type":"Feature","id":44,"geometry":{"type":"Point","coordinates":[-112.109066059,33.5649833590001]},"properties":{"OBJECTID":44,"globalid":"399d5cb9-245a-4c37-9012-a51e679c01fb","City":"Phoenix","Year":2026,"LUT_Location":"Trrs_Hlth_23rd","Organization":"Terros Health","Location":"23rd Avenue Recovery Center  ","Address":"8836 N. 23rd Ave. Phoenix AZ 85021 (Ste. B-1)","map_link":"https://www.google.com/maps/place/8836+N+23rd+Ave,+Phoenix,+AZ+85021","Start_Date":"2026-05-01","End_Date":"2026-10-31","PrimaryPhone":"602-685-6000","HeatRelief":"Yes","HeatRelief_Type":"Hydration Station","Collection":"No","Collection_Type":null,"Hours":"Mo-Fr 8am-4:30pm","MondayOpen":"8:00 AM","MondayClose":"4:30 PM","TuesdayOpen":"8:00 AM","TuesdayClose":"4:30 PM","WednesdayOpen":"8:00 AM","WednesdayClose":"4:30 PM","ThursdayOpen":"8:00 AM","ThursdayClose":"4:30 PM","FridayOpen":"8:00 AM","FridayClose":"4:30 PM","SaturdayOpen":null,"SaturdayClose":null,"SundayOpen":null,"SundayClose":null,"MemorialDay":"Closed","Juneteenth":"Regular Hours","IndependenceDay":"Closed","LaborDay":"Closed","Pets":null,"Wheelchair_access":null,"ADA_accessible":null,"Services":"Health services ","Note":null,"image":null,"Status":1,"Active":"Yes"}},{"type":"Feature","id":48,"geometry":{"type":"Point","coordinates":[-112.332061236,33.626402263]},"properties":{"OBJECTID":48,"globalid":"4bb24f8f-af33-4350-8df5-af58a49078a2","City":"Surprise","Year":2026,"LUT_Location":"SU_Hmn_Srvcs_Rsrc_Cntr","Organization":"City of Surprise","Location":"Surprise Resource Center","Address":"12641 W. Santa Fe Dr.","map_link":"https://www.google.com/maps/place/12641+W+Santa+Fe+Dr,+Surprise,+AZ+85378","Start_Date":"2026-05-01","End_Date":"2026-09-30","PrimaryPhone":"623-222-1600","HeatRelief":"Yes","HeatRelief_Type":"Cooling Center","Collection":"No","Collection_Type":null,"Hours":"Mo-Tu & Fr 7:30am-5pm, We-Th 7:30am-7pm ","MondayOpen":"7:30 AM","MondayClose":"5:00 PM","TuesdayOpen":"7:30 AM","TuesdayClose":"5:00 PM","WednesdayOpen":"7:30 AM","WednesdayClose":"7:00 PM","ThursdayOpen":"7:30 AM","ThursdayClose":"7:00 PM","FridayOpen":"7:30 AM","FridayClose":"5:00 PM","SaturdayOpen":null,"SaturdayClose":null,"SundayOpen":null,"SundayClose":null,"MemorialDay":"Closed","Juneteenth":"Closed","IndependenceDay":"Closed","LaborDay":"Closed","Pets":null,"Wheelchair_access":null,"ADA_accessible":null,"Services":"Homeless services, Health services, Food, Hygiene items, Utility Assistance","Note":"Open every 3rd Saturday of the month 9am-1pm","image":null,"Status":1,"Active":"Yes"}},{"type":"Feature","id":55,"geometry":{"type":"Point","coordinates":[-111.913726304,33.4587720220001]},"properties":{"OBJECTID":55,"globalid":"aa658721-fd64-41b0-8ac7-1c7325e3d641","City":"Scottsdale","Year":2026,"LUT_Location":"SC_Vista_Camino_Comm_Cntr","Organization":"City of Scottsdale","Location":"Vista del Camino Community Center  ","Address":"7700 E. Roosevelt St. Scottsdale AZ 85257","map_link":"https://www.google.com/maps/place/7700+E+Roosevelt+St,+Scottsdale,+AZ+85257","Start_Date":"2026-05-01","End_Date":"2026-10-31","PrimaryPhone":"480-312-2323","HeatRelief":"Yes","HeatRelief_Type":"Cooling Center","Collection":"Yes","Collection_Type":"Water and General Collection","Hours":"Mo-Fr 8am-5pm","MondayOpen":"8:00 AM","MondayClose":"5:00 PM","TuesdayOpen":"8:00 AM","TuesdayClose":"5:00 PM","WednesdayOpen":"8:00 AM","WednesdayClose":"5:00 PM","ThursdayOpen":"8:00 AM","ThursdayClose":"5:00 PM","FridayOpen":"8:00 AM","FridayClose":"5:00 PM","SaturdayOpen":null,"SaturdayClose":null,"SundayOpen":null,"SundayClose":null,"MemorialDay":"Closed","Juneteenth":"Closed","IndependenceDay":"Closed","LaborDay":"Closed","Pets":null,"Wheelchair_access":"Yes","ADA_accessible":"Yes","Services":"Utility Assistance","Note":null,"image":"https://geo.azmag.gov/maps/images/heatrelief/SC_Vista_Camino_Comm_Cntr.jpg","Status":1,"Active":"Yes"}},{"type":"Feature","id":65,"geometry":{"type":"Point","coordinates":[-112.139875889,33.6993862940001]},"properties":{"OBJECTID":65,"globalid":"4f974c7a-b67e-469c-93f1-704a7c0e38c1","City":"Phoenix","Year":2026,"LUT_Location":"PH_Agave_Lib","Organization":"City of Phoenix","Location":"Agave Library  ","Address":"23550 N. 36th Ave. Phoenix AZ 85310","map_link":"https://www.google.com/maps/place/23550+N+36th+Ave,+Glendale,+AZ+85310","Start_Date":"2026-05-01","End_Date":"2026-10-31","PrimaryPhone":"602-262-4636","HeatRelief":"Yes","HeatRelief_Type":"Cooling Center","Collection":"No","Collection_Type":null,"Hours":"Mo, Fr, Sa 9am-5pm; Tu-Th 9am-6pm","MondayOpen":"9:00 AM","MondayClose":"5:00 PM","TuesdayOpen":"9:00 AM","TuesdayClose":"6:00 PM","WednesdayOpen":"9:00 AM","WednesdayClose":"6:00 PM","ThursdayOpen":"9:00 AM","ThursdayClose":"6:00 PM","FridayOpen":"9:00 AM","FridayClose":"5:00 PM","SaturdayOpen":"9:00 AM","SaturdayClose":"5:00 PM","SundayOpen":null,"SundayClose":null,"MemorialDay":"Closed","Juneteenth":"Closed","IndependenceDay":"Closed","LaborDay":"Closed","Pets":"No","Wheelchair_access":"Yes","ADA_accessible":"Yes","Services":null,"Note":null,"image":null,"Status":1,"Active":"Yes"}},{"type":"Feature","id":66,"geometry":{"type":"Point","coordinates":[-112.043418288,33.505984681]},"properties":{"OBJECTID":66,"globalid":"ba2706b5-f570-4ed1-8d17-3204e8326e74","City":"Phoenix","Year":2026,"LUT_Location":"PH_Centrury_Lib","Organization":"City of Phoenix","Location":"Century Library  ","Address":"1750 E. Highland Ave. Phoenix AZ 85016","map_link":"https://www.google.com/maps/place/1750+E+Highland+Ave,+Phoenix,+AZ+85016","Start_Date":"2026-05-01","End_Date":"2026-10-31","PrimaryPhone":"602-262-4636","HeatRelief":"Yes","HeatRelief_Type":"Cooling Center","Collection":"No","Collection_Type":null,"Hours":"Mo, Fr, Sa 9am-5pm; Tu-Th 10am-6pm","MondayOpen":"9:00 AM","MondayClose":"5:00 PM","TuesdayOpen":"10:00 AM","TuesdayClose":"6:00 PM","WednesdayOpen":"10:00 AM","WednesdayClose":"6:00 PM","ThursdayOpen":"10:00 AM","ThursdayClose":"6:00 PM","FridayOpen":"9:00 AM","FridayClose":"5:00 PM","SaturdayOpen":"9:00 AM","SaturdayClose":"5:00 PM","SundayOpen":null,"SundayClose":null,"MemorialDay":"Closed","Juneteenth":"Closed","IndependenceDay":"Closed","LaborDay":"Closed","Pets":"No","Wheelchair_access":"Yes","ADA_accessible":"Yes","Services":null,"Note":null,"image":null,"Status":1,"Active":"Yes"}},{"type":"Feature","id":67,"geometry":{"type":"Point","coordinates":[-112.13876009,33.376555701]},"properties":{"OBJECTID":67,"globalid":"10b77112-1198-4022-8649-8479dd994eea","City":"Phoenix","Year":2026,"LUT_Location":"PH_Prickly_Pear_Lib","Organization":"City of Phoenix","Location":"Prickly Pear Library  ","Address":"3635 W. Baseline Rd. Phoenix AZ 85339","map_link":"https://www.google.com/maps/place/3635+W+Baseline+Rd,+Laveen+Village,+AZ+85339","Start_Date":"2026-05-01","End_Date":"2026-10-31","PrimaryPhone":"602-262-4636","HeatRelief":"Yes","HeatRelief_Type":"Cooling Center","Collection":"No","Collection_Type":null,"Hours":"Mo, Fr, Sa 9am-5pm; Tu-Th 9am-6pm","MondayOpen":"9:00 AM","MondayClose":"5:00 PM","TuesdayOpen":"9:00 AM","TuesdayClose":"6:00 PM","WednesdayOpen":"9:00 AM","WednesdayClose":"6:00 PM","ThursdayOpen":"9:00 AM","ThursdayClose":"6:00 PM","FridayOpen":"9:00 AM","FridayClose":"5:00 PM","SaturdayOpen":"9:00 AM","SaturdayClose":"5:00 PM","SundayOpen":null,"SundayClose":null,"MemorialDay":"Closed","Juneteenth":"Closed","IndependenceDay":"Closed","LaborDay":"Closed","Pets":"No","Wheelchair_access":"Yes","ADA_accessible":"Yes","Services":null,"Note":null,"image":null,"Status":1,"Active":"Yes"}},{"type":"Feature","id":68,"geometry":{"type":"Point","coordinates":[-112.119641937,33.5782354850001]},"properties":{"OBJECTID":68,"globalid":"e67cf003-9bec-4681-b201-94679dd1fb93","City":"Phoenix","Year":2026,"LUT_Location":"PH_Cholla_Lib","Organization":"City of Phoenix","Location":"Cholla Library  ","Address":"10050 E. Metro Pkwy. Phoenix AZ 85051","map_link":"https://www.google.com/maps/place/10050+N+Metro+Pkwy+E,+Phoenix,+AZ+85051","Start_Date":"2026-05-01","End_Date":"2026-10-31","PrimaryPhone":"602-262-4636","HeatRelief":"Yes","HeatRelief_Type":"Cooling Center","Collection":"No","Collection_Type":null,"Hours":"Mo-Sa 9am-9pm, Su 12pm-9pm","MondayOpen":"9:00 AM","MondayClose":"9:00 PM","TuesdayOpen":"9:00 AM","TuesdayClose":"9:00 PM","WednesdayOpen":"9:00 AM","WednesdayClose":"9:00 PM","ThursdayOpen":"9:00 AM","ThursdayClose":"9:00 PM","FridayOpen":"9:00 AM","FridayClose":"9:00 PM","SaturdayOpen":"9:00 AM","SaturdayClose":"9:00 PM","SundayOpen":"12:00 PM","SundayClose":"9:00 PM","MemorialDay":"12pm-9pm","Juneteenth":"12pm-9pm","IndependenceDay":null,"LaborDay":"12pm-9pm","Pets":"No","Wheelchair_access":"Yes","ADA_accessible":"Yes","Services":null,"Note":null,"image":null,"Status":1,"Active":"Yes"}},{"type":"Feature","id":69,"geometry":{"type":"Point","coordinates":[-111.992268562,33.754486431]},"properties":{"OBJECTID":69,"globalid":"ef549dba-7137-499d-bedb-d70b15950729","City":"Phoenix","Year":2026,"LUT_Location":"PH_Dsrt_Brm_Lib","Organization":"City of Phoenix","Location":"Desert Broom Library  ","Address":"29710 N. Cave Creek Rd. Phoenix AZ 85331","map_link":"https://www.google.com/maps/place/29710+N+Cave+Creek+Rd,+Cave+Creek,+AZ+85331","Start_Date":"2026-05-01","End_Date":"2026-10-31","PrimaryPhone":"602-262-4636","HeatRelief":"Yes","HeatRelief_Type":"Cooling Center","Collection":"No","Collection_Type":null,"Hours":"Mo, Fr, Sa 9am-5pm; Tu-Th 9am-6pm","MondayOpen":"9:00 AM","MondayClose":"5:00 PM","TuesdayOpen":"9:00 AM","TuesdayClose":"6:00 PM","WednesdayOpen":"9:00 AM","WednesdayClose":"6:00 PM","ThursdayOpen":"9:00 AM","ThursdayClose":"6:00 PM","FridayOpen":"9:00 AM","FridayClose":"5:00 PM","SaturdayOpen":"9:00 AM","SaturdayClose":"5:00 PM","SundayOpen":null,"SundayClose":null,"MemorialDay":"Closed","Juneteenth":"Closed","IndependenceDay":"Closed","LaborDay":"Closed","Pets":"No","Wheelchair_access":"Yes","ADA_accessible":"Yes","Services":null,"Note":null,"image":null,"Status":1,"Active":"Yes"}},{"type":"Feature","id":70,"geometry":{"type":"Point","coordinates":[-112.223291919,33.473966089]},"properties":{"OBJECTID":70,"globalid":"726fc52b-752f-4a51-a21d-2bb4abaa3954","City":"Phoenix","Year":2026,"LUT_Location":"PH_Dsrt_Sage_Lib","Organization":"City of Phoenix","Location":"Desert Sage Library  ","Address":"7602 W. Encanto Blvd. Phoenix AZ 85035","map_link":"https://www.google.com/maps/place/7602+W+Encanto+Blvd,+Phoenix,+AZ+85035","Start_Date":"2026-05-01","End_Date":"2026-10-31","PrimaryPhone":"602-262-4636","HeatRelief":"Yes","HeatRelief_Type":"Cooling Center","Collection":"No","Collection_Type":null,"Hours":"Mo, Fr, Sa 9am-5pm; Tu-Th 10am-6pm","MondayOpen":"9:00 AM","MondayClose":"5:00 PM","TuesdayOpen":"10:00 AM","TuesdayClose":"6:00 PM","WednesdayOpen":"10:00 AM","WednesdayClose":"6:00 PM","ThursdayOpen":"10:00 AM","ThursdayClose":"6:00 PM","FridayOpen":"9:00 AM","FridayClose":"5:00 PM","SaturdayOpen":"9:00 AM","SaturdayClose":"5:00 PM","SundayOpen":null,"SundayClose":null,"MemorialDay":"Closed","Juneteenth":"Closed","IndependenceDay":"Closed","LaborDay":"Closed","Pets":"No","Wheelchair_access":"Yes","ADA_accessible":"Yes","Services":null,"Note":null,"image":null,"Status":1,"Active":"Yes"}},{"type":"Feature","id":71,"geometry":{"type":"Point","coordinates":[-112.080062628,33.435913595]},"properties":{"OBJECTID":71,"globalid":"798674e4-d314-4759-8401-54009a704144","City":"Phoenix","Year":2026,"LUT_Location":"PH_Harmon_Lib","Organization":"City of Phoenix","Location":"Harmon Library  ","Address":"1325 S. 5th Ave. Phoenix AZ 85003","map_link":"https://www.google.com/maps/place/1325+S+5th+Ave,+Phoenix,+AZ+85003","Start_Date":"2026-05-01","End_Date":"2026-10-31","PrimaryPhone":"602-262-4636","HeatRelief":"Yes","HeatRelief_Type":"Cooling Center","Collection":"No","Collection_Type":null,"Hours":"Mo, Fr, Sa 9am-5pm; Tu-Th 10am-6pm","MondayOpen":"9:00 AM","MondayClose":"5:00 PM","TuesdayOpen":"10:00 AM","TuesdayClose":"6:00 PM","WednesdayOpen":"10:00 AM","WednesdayClose":"6:00 PM","ThursdayOpen":"10:00 AM","ThursdayClose":"6:00 PM","FridayOpen":"9:00 AM","FridayClose":"5:00 PM","SaturdayOpen":"9:00 AM","SaturdayClose":"5:00 PM","SundayOpen":null,"SundayClose":null,"MemorialDay":"Closed","Juneteenth":"Closed","IndependenceDay":"Closed","LaborDay":"Closed","Pets":"No","Wheelchair_access":"Yes","ADA_accessible":"Yes","Services":null,"Note":null,"image":null,"Status":1,"Active":"Yes"}},{"type":"Feature","id":72,"geometry":{"type":"Point","coordinates":[-111.989479065,33.30483335]},"properties":{"OBJECTID":72,"globalid":"9214c412-2570-4400-94f4-5c9d0807a07b","City":"Phoenix","Year":2026,"LUT_Location":"PH_Ironwood_Lib","Organization":"City of Phoenix","Location":"Ironwood Library  ","Address":"4333 E. Chandler Blvd. Phoenix AZ 85048","map_link":"https://www.google.com/maps/place/4333+E+Chandler+Blvd,+Phoenix,+AZ+85048","Start_Date":"2026-05-01","End_Date":"2026-10-31","PrimaryPhone":"602-262-4636","HeatRelief":"Yes","HeatRelief_Type":"Cooling Center","Collection":"No","Collection_Type":null,"Hours":"Mo, Fr, Sa 9am-5pm; Tu-Th 9am-6pm","MondayOpen":"9:00 AM","MondayClose":"5:00 PM","TuesdayOpen":"9:00 AM","TuesdayClose":"6:00 PM","WednesdayOpen":"9:00 AM","WednesdayClose":"6:00 PM","ThursdayOpen":"9:00 AM","ThursdayClose":"6:00 PM","FridayOpen":"9:00 AM","FridayClose":"5:00 PM","SaturdayOpen":"9:00 AM","SaturdayClose":"5:00 PM","SundayOpen":null,"SundayClose":null,"MemorialDay":"Closed","Juneteenth":"Closed","IndependenceDay":"Closed","LaborDay":"Closed","Pets":"No","Wheelchair_access":"Yes","ADA_accessible":"Yes","Services":null,"Note":null,"image":null,"Status":1,"Active":"Yes"}},{"type":"Feature","id":73,"geometry":{"type":"Point","coordinates":[-112.09829092,33.654164398]},"properties":{"OBJECTID":73,"globalid":"e76bf29a-dc35-4ee0-a196-e918040732d5","City":"Phoenix","Year":2026,"LUT_Location":"PH_Juniper_Lib","Organization":"City of Phoenix","Location":"Juniper Library  ","Address":"1825 W. Union Hills Dr. Phoenix AZ 85027","map_link":"https://www.google.com/maps/place/1825+W+Union+Hills+Dr,+Phoenix,+AZ+85027","Start_Date":"2026-05-01","End_Date":"2026-10-31","PrimaryPhone":"602-262-4636","HeatRelief":"Yes","HeatRelief_Type":"Cooling Center","Collection":"No","Collection_Type":null,"Hours":"Mo, Fr, Sa 9am-5pm; Tu-Th 9am-6pm","MondayOpen":"9:00 AM","MondayClose":"5:00 PM","TuesdayOpen":"9:00 AM","TuesdayClose":"6:00 PM","WednesdayOpen":"9:00 AM","WednesdayClose":"6:00 PM","ThursdayOpen":"9:00 AM","ThursdayClose":"6:00 PM","FridayOpen":"9:00 AM","FridayClose":"5:00 PM","SaturdayOpen":"9:00 AM","SaturdayClose":"5:00 PM","SundayOpen":null,"SundayClose":null,"MemorialDay":"Closed","Juneteenth":"Closed","IndependenceDay":"Closed","LaborDay":"Closed","Pets":"No","Wheelchair_access":"Yes","ADA_accessible":"Yes","Services":null,"Note":null,"image":null,"Status":1,"Active":"Yes"}},{"type":"Feature","id":74,"geometry":{"type":"Point","coordinates":[-111.983395815,33.6046832660001]},"properties":{"OBJECTID":74,"globalid":"a04230cf-65d3-4874-a938-62ef6134d091","City":"Phoenix","Year":2026,"LUT_Location":"PH_Mesquite_Lib","Organization":"City of Phoenix","Location":"Mesquite Library  ","Address":"4525 E. Paradise Village Pkwy N. Phoenix AZ 85032","map_link":"https://www.google.com/maps/place/4525+E+Paradise+Village+Pkwy+N,+Phoenix,+AZ+85032","Start_Date":"2026-05-01","End_Date":"2026-10-31","PrimaryPhone":"602-262-4636","HeatRelief":"Yes","HeatRelief_Type":"Cooling Center","Collection":"No","Collection_Type":null,"Hours":"Mo, Fr, Sa 9am-5pm; Tu-Th 9am-6pm","MondayOpen":"9:00 AM","MondayClose":"5:00 PM","TuesdayOpen":"9:00 AM","TuesdayClose":"6:00 PM","WednesdayOpen":"9:00 AM","WednesdayClose":"6:00 PM","ThursdayOpen":"9:00 AM","ThursdayClose":"6:00 PM","FridayOpen":"9:00 AM","FridayClose":"5:00 PM","SaturdayOpen":"9:00 AM","SaturdayClose":"5:00 PM","SundayOpen":null,"SundayClose":null,"MemorialDay":"Closed","Juneteenth":"Closed","IndependenceDay":"Closed","LaborDay":"Closed","Pets":"No","Wheelchair_access":"Yes","ADA_accessible":"Yes","Services":null,"Note":null,"image":null,"Status":1,"Active":"Yes"}},{"type":"Feature","id":75,"geometry":{"type":"Point","coordinates":[-112.074751854,33.392519818]},"properties":{"OBJECTID":75,"globalid":"d0dfad33-20f8-483b-a024-945e7e55f036","City":"Phoenix","Year":2026,"LUT_Location":"PH_Ocotillo_Lib","Organization":"City of Phoenix","Location":"Ocotillo Library  ","Address":"102 W. Southern Ave. Phoenix AZ 85041","map_link":"https://www.google.com/maps/place/102+W+Southern+Ave,+Phoenix,+AZ+85041","Start_Date":"2026-05-01","End_Date":"2026-10-31","PrimaryPhone":"602-262-4636","HeatRelief":"Yes","HeatRelief_Type":"Cooling Center","Collection":"No","Collection_Type":null,"Hours":"Mo, Fr, Sa 9am-5pm; Tu-Th 10am-6pm","MondayOpen":"9:00 AM","MondayClose":"5:00 PM","TuesdayOpen":"10:00 AM","TuesdayClose":"6:00 PM","WednesdayOpen":"10:00 AM","WednesdayClose":"6:00 PM","ThursdayOpen":"10:00 AM","ThursdayClose":"6:00 PM","FridayOpen":"9:00 AM","FridayClose":"5:00 PM","SaturdayOpen":"9:00 AM","SaturdayClose":"5:00 PM","SundayOpen":null,"SundayClose":null,"MemorialDay":"Closed","Juneteenth":"Closed","IndependenceDay":"Closed","LaborDay":"Closed","Pets":"No","Wheelchair_access":"Yes","ADA_accessible":"Yes","Services":null,"Note":null,"image":null,"Status":1,"Active":"Yes"}},{"type":"Feature","id":76,"geometry":{"type":"Point","coordinates":[-112.169907276,33.500423841]},"properties":{"OBJECTID":76,"globalid":"f4d579aa-839f-478c-a6b8-c029eba3490c","City":"Phoenix","Year":2026,"LUT_Location":"PH_Palo_Verde_Lib","Organization":"City of Phoenix","Location":"Palo Verde Library  ","Address":"4402 N. 51st Ave. Phoenix AZ 85031","map_link":"https://www.google.com/maps/place/4402+N+51st+Ave,+Phoenix,+AZ+85031","Start_Date":"2026-05-01","End_Date":"2026-10-31","PrimaryPhone":"602-262-4636","HeatRelief":"Yes","HeatRelief_Type":"Cooling Center","Collection":"No","Collection_Type":null,"Hours":"Mo, Fr, Sa 9am-5pm; Tu-Th 9am-6pm","MondayOpen":"9:00 AM","MondayClose":"5:00 PM","TuesdayOpen":"9:00 AM","TuesdayClose":"6:00 PM","WednesdayOpen":"9:00 AM","WednesdayClose":"6:00 PM","ThursdayOpen":"9:00 AM","ThursdayClose":"6:00 PM","FridayOpen":"9:00 AM","FridayClose":"5:00 PM","SaturdayOpen":"9:00 AM","SaturdayClose":"5:00 PM","SundayOpen":null,"SundayClose":null,"MemorialDay":"Closed","Juneteenth":"Closed","IndependenceDay":"Closed","LaborDay":"Closed","Pets":"No","Wheelchair_access":"Yes","ADA_accessible":"Yes","Services":null,"Note":null,"image":null,"Status":1,"Active":"Yes"}},{"type":"Feature","id":77,"geometry":{"type":"Point","coordinates":[-111.982913017,33.478686114]},"properties":{"OBJECTID":77,"globalid":"459541d7-8f84-4d78-8d76-f4c1e0f28c23","City":"Phoenix","Year":2026,"LUT_Location":"PH_Saguaro_Lib","Organization":"City of Phoenix","Location":"Saguaro Library  ","Address":"2808 N. 46th St. Phoenix AZ 85008","map_link":"https://www.google.com/maps/place/2808+N+46th+St,+Phoenix,+AZ+85008","Start_Date":"2026-05-01","End_Date":"2026-10-31","PrimaryPhone":"602-262-4636","HeatRelief":"Yes","HeatRelief_Type":"Cooling Center","Collection":"No","Collection_Type":null,"Hours":"Mo, Fr, Sa 9am-5pm; Tu-Th 9am-6pm","MondayOpen":"9:00 AM","MondayClose":"5:00 PM","TuesdayOpen":"9:00 AM","TuesdayClose":"6:00 PM","WednesdayOpen":"9:00 AM","WednesdayClose":"6:00 PM","ThursdayOpen":"9:00 AM","ThursdayClose":"6:00 PM","FridayOpen":"9:00 AM","FridayClose":"5:00 PM","SaturdayOpen":"9:00 AM","SaturdayClose":"5:00 PM","SundayOpen":null,"SundayClose":null,"MemorialDay":"Closed","Juneteenth":"Closed","IndependenceDay":"Closed","LaborDay":"Closed","Pets":"No","Wheelchair_access":"Yes","ADA_accessible":"Yes","Services":null,"Note":null,"image":null,"Status":1,"Active":"Yes"}},{"type":"Feature","id":78,"geometry":{"type":"Point","coordinates":[-112.091596127,33.5198051560001]},"properties":{"OBJECTID":78,"globalid":"e594bcc2-3ce3-47ad-8f32-deb0068a1d11","City":"Phoenix","Year":2026,"LUT_Location":"PH_Yucca_Lib","Organization":"City of Phoenix","Location":"Yucca Library  ","Address":"5648 N. 15th Ave. Phoenix AZ 85015","map_link":"https://www.google.com/maps/place/5648+N+15th+Ave,+Phoenix,+AZ+85015","Start_Date":"2026-05-01","End_Date":"2026-10-31","PrimaryPhone":"602-262-4636","HeatRelief":"Yes","HeatRelief_Type":"Cooling Center","Collection":"No","Collection_Type":null,"Hours":"Mo, Fr, Sa 9am-5pm; Tu-Th 9am-6pm","MondayOpen":"9:00 AM","MondayClose":"5:00 PM","TuesdayOpen":"9:00 AM","TuesdayClose":"6:00 PM","WednesdayOpen":"9:00 AM","WednesdayClose":"6:00 PM","ThursdayOpen":"9:00 AM","ThursdayClose":"6:00 PM","FridayOpen":"9:00 AM","FridayClose":"5:00 PM","SaturdayOpen":"9:00 AM","SaturdayClose":"5:00 PM","SundayOpen":null,"SundayClose":null,"MemorialDay":"Closed","Juneteenth":"Closed","IndependenceDay":"Closed","LaborDay":"Closed","Pets":"No","Wheelchair_access":"Yes","ADA_accessible":"Yes","Services":null,"Note":null,"image":null,"Status":1,"Active":"Yes"}},{"type":"Feature","id":80,"geometry":{"type":"Point","coordinates":[-112.063089609,33.566179291]},"properties":{"OBJECTID":80,"globalid":"db1c356f-2a98-4e1a-9e4b-cff3121992c4","City":"Phoenix","Year":2026,"LUT_Location":"PH_Acacia_Lib","Organization":"City of Phoenix","Location":"Acacia Library  ","Address":"750 E. Townley Ave. Phoenix AZ 85020","map_link":"https://www.google.com/maps/place/750+E+Townley+Ave,+Phoenix,+AZ+85020","Start_Date":"2026-05-01","End_Date":"2026-10-31","PrimaryPhone":"602-262-4636","HeatRelief":"Yes","HeatRelief_Type":"Cooling Center","Collection":"No","Collection_Type":null,"Hours":"Mo, Fr, Sa 9am-5pm; Tu-Th 10am-6pm","MondayOpen":"9:00 AM","MondayClose":"5:00 PM","TuesdayOpen":"10:00 AM","TuesdayClose":"6:00 PM","WednesdayOpen":"10:00 AM","WednesdayClose":"6:00 PM","ThursdayOpen":"10:00 AM","ThursdayClose":"6:00 PM","FridayOpen":"9:00 AM","FridayClose":"5:00 PM","SaturdayOpen":"9:00 AM","SaturdayClose":"5:00 PM","SundayOpen":null,"SundayClose":null,"MemorialDay":"Closed","Juneteenth":"Closed","IndependenceDay":"Closed","LaborDay":"Closed","Pets":"No","Wheelchair_access":"Yes","ADA_accessible":"Yes","Services":null,"Note":null,"image":null,"Status":1,"Active":"Yes"}},{"type":"Feature","id":81,"geometry":{"type":"Point","coordinates":[-112.135030598,33.465708573]},"properties":{"OBJECTID":81,"globalid":"ea072716-0ae3-4007-b23f-eb8210df3360","City":"Phoenix","Year":2026,"LUT_Location":"Bret_Tarver_Lrng_Cntr","Organization":"City of Phoenix","Location":"Bret Tarver Learning Center","Address":"1516 N. 35th Ave. Phoenix AZ 85009","map_link":"https://www.google.com/maps/place/1516+N+35th+Ave,+Phoenix,+AZ+85009","Start_Date":"2026-05-01","End_Date":"2026-09-30","PrimaryPhone":"602-262-7121","HeatRelief":"Yes","HeatRelief_Type":"Hydration Station","Collection":"Yes","Collection_Type":"Water Collection Only","Hours":"Mo-Fr 1pm-7pm, Sa 10am-3pm","MondayOpen":"1:00 PM","MondayClose":"7:00 PM","TuesdayOpen":"1:00 PM","TuesdayClose":"7:00 PM","WednesdayOpen":"1:00 PM","WednesdayClose":"7:00 PM","ThursdayOpen":"1:00 PM","ThursdayClose":"7:00 PM","FridayOpen":"1:00 PM","FridayClose":"7:00 PM","SaturdayOpen":"10:00 AM","SaturdayClose":"3:00 PM","SundayOpen":null,"SundayClose":null,"MemorialDay":"Closed","Juneteenth":"Closed","IndependenceDay":"Closed","LaborDay":"Closed","Pets":"No","Wheelchair_access":null,"ADA_accessible":"Yes","Services":null,"Note":null,"image":null,"Status":1,"Active":"Yes"}},{"type":"Feature","id":82,"geometry":{"type":"Point","coordinates":[-112.080082069,33.434843834]},"properties":{"OBJECTID":82,"globalid":"cf9aab8b-eadf-4286-b579-35ad3f4d65cb","City":"Phoenix","Year":2026,"LUT_Location":"Harmon_Rec_Cntr","Organization":"City of Phoenix","Location":"Harmon Recreation Center ","Address":"1425 S. 5th Ave. Phoenix AZ 85003","map_link":"https://www.google.com/maps/place/1425+S+5th+Ave,+Phoenix,+AZ+85004","Start_Date":"2026-05-01","End_Date":"2026-09-30","PrimaryPhone":"602-327-9032","HeatRelief":"Yes","HeatRelief_Type":"Hydration Station","Collection":"Yes","Collection_Type":"Water Collection Only","Hours":"Mo-Fr 4pm-7pm, Sa 8am-1pm","MondayOpen":"4:00 PM","MondayClose":"7:00 PM","TuesdayOpen":"4:00 PM","TuesdayClose":"7:00 PM","WednesdayOpen":"4:00 PM","WednesdayClose":"7:00 PM","ThursdayOpen":"4:00 PM","ThursdayClose":"7:00 PM","FridayOpen":"4:00 PM","FridayClose":"7:00 PM","SaturdayOpen":"8:00 AM","SaturdayClose":"1:00 PM","SundayOpen":null,"SundayClose":null,"MemorialDay":"Closed","Juneteenth":"Closed","IndependenceDay":"Closed","LaborDay":"Closed","Pets":"No","Wheelchair_access":null,"ADA_accessible":"Yes","Services":null,"Note":null,"image":null,"Status":1,"Active":"Yes"}},{"type":"Feature","id":83,"geometry":{"type":"Point","coordinates":[-112.079833034,33.404267668]},"properties":{"OBJECTID":83,"globalid":"ef33b53a-2ebc-4f0d-b10e-4c861ec908d6","City":"Phoenix","Year":2026,"LUT_Location":"Hayden_Ngbrhd_Rec_Cntr","Organization":"City of Phoenix","Location":"Hayden Neighborhood Recreation Center","Address":"420 W. Tamarisk Ave. Phoenix AZ 85041","map_link":"https://www.google.com/maps/place/420+W+Tamarisk+St,+Phoenix,+AZ+85041","Start_Date":"2026-05-01","End_Date":"2026-09-30","PrimaryPhone":"602-327-9032","HeatRelief":"Yes","HeatRelief_Type":"Hydration Station","Collection":"Yes","Collection_Type":"Water Collection Only","Hours":"Mo-Fr 4pm-8pm","MondayOpen":"4:00 PM","MondayClose":"8:00 PM","TuesdayOpen":"4:00 PM","TuesdayClose":"8:00 PM","WednesdayOpen":"4:00 PM","WednesdayClose":"8:00 PM","ThursdayOpen":"4:00 PM","ThursdayClose":"8:00 PM","FridayOpen":"4:00 PM","FridayClose":"8:00 PM","SaturdayOpen":null,"SaturdayClose":null,"SundayOpen":null,"SundayClose":null,"MemorialDay":"Closed","Juneteenth":"Closed","IndependenceDay":"Closed","LaborDay":"Closed","Pets":"No","Wheelchair_access":null,"ADA_accessible":null,"Services":null,"Note":null,"image":null,"Status":1,"Active":"Yes"}},{"type":"Feature","id":84,"geometry":{"type":"Point","coordinates":[-112.203820227,33.5035249370001]},"properties":{"OBJECTID":84,"globalid":"db6c0fe8-ba11-46ba-a933-bff44af17061","City":"Phoenix","Year":2026,"LUT_Location":"Holiday_Park_Rec_Cntr","Organization":"City of Phoenix","Location":"Holiday Park Recreation Center ","Address":"4560 N. 67th Ave. Phoenix AZ 85035","map_link":"https://www.google.com/maps/place/4560+N+67th+Ave,+Phoenix,+AZ+85033","Start_Date":"2026-05-01","End_Date":"2026-09-30","PrimaryPhone":"602-495-0950","HeatRelief":"Yes","HeatRelief_Type":"Hydration Station","Collection":"Yes","Collection_Type":"Water Collection Only","Hours":"Mo-Fr 3pm-7pm","MondayOpen":"3:00 PM","MondayClose":"7:00 PM","TuesdayOpen":"3:00 PM","TuesdayClose":"7:00 PM","WednesdayOpen":"8:00 AM","WednesdayClose":"7:00 PM","ThursdayOpen":"3:00 PM","ThursdayClose":"7:00 PM","FridayOpen":"3:00 PM","FridayClose":"7:00 PM","SaturdayOpen":null,"SaturdayClose":null,"SundayOpen":null,"SundayClose":null,"MemorialDay":"Closed","Juneteenth":"Closed","IndependenceDay":"Closed","LaborDay":"Closed","Pets":"No","Wheelchair_access":null,"ADA_accessible":null,"Services":null,"Note":null,"image":null,"Status":1,"Active":"Yes"}},{"type":"Feature","id":86,"geometry":{"type":"Point","coordinates":[-112.086687609,33.4519329880001]},"properties":{"OBJECTID":86,"globalid":"0b84f405-f843-4f10-be50-63d6051cf1c0","City":"Phoenix","Year":2026,"LUT_Location":"University_Park_Rec_Cntr","Organization":"City of Phoenix","Location":"University Park Recreation Center ","Address":"1102 W. Van Buren St. Phoenix AZ 85007","map_link":"https://www.google.com/maps/place/1102+W+Van+Buren+St,+Phoenix,+AZ+85007","Start_Date":"2026-05-01","End_Date":"2026-09-30","PrimaryPhone":"602-327-9032","HeatRelief":"Yes","HeatRelief_Type":"Hydration Station","Collection":"Yes","Collection_Type":"Water Collection Only","Hours":"Mo-Fr 4pm-8pm","MondayOpen":"4:00 PM","MondayClose":"8:00 PM","TuesdayOpen":"4:00 PM","TuesdayClose":"8:00 PM","WednesdayOpen":"4:00 PM","WednesdayClose":"8:00 PM","ThursdayOpen":"4:00 PM","ThursdayClose":"8:00 PM","FridayOpen":"4:00 PM","FridayClose":"8:00 PM","SaturdayOpen":null,"SaturdayClose":null,"SundayOpen":null,"SundayClose":null,"MemorialDay":"Closed","Juneteenth":"Closed","IndependenceDay":"Closed","LaborDay":"Closed","Pets":"No","Wheelchair_access":null,"ADA_accessible":null,"Services":null,"Note":null,"image":null,"Status":1,"Active":"Yes"}},{"type":"Feature","id":87,"geometry":{"type":"Point","coordinates":[-112.061788666,33.4520183820001]},"properties":{"OBJECTID":87,"globalid":"453510ea-ba3f-45ae-abf2-3ec4dfdfcc92","City":"Phoenix","Year":2026,"LUT_Location":"Verde_Park_Rec_Cntr","Organization":"City of Phoenix","Location":"Verde Park Recreation Center ","Address":"916 E. Van Buren St. Phoenix AZ 85006","map_link":"https://www.google.com/maps/place/916+E+Van+Buren+St,+Phoenix,+AZ+85006","Start_Date":"2026-05-01","End_Date":"2026-09-30","PrimaryPhone":"602-327-9032","HeatRelief":"Yes","HeatRelief_Type":"Hydration Station","Collection":"Yes","Collection_Type":"Water Collection Only","Hours":"Mo-Fr 4pm-8pm","MondayOpen":"4:00 PM","MondayClose":"8:00 PM","TuesdayOpen":"4:00 PM","TuesdayClose":"8:00 PM","WednesdayOpen":"4:00 PM","WednesdayClose":"8:00 PM","ThursdayOpen":"4:00 PM","ThursdayClose":"8:00 PM","FridayOpen":"4:00 PM","FridayClose":"8:00 PM","SaturdayOpen":null,"SaturdayClose":null,"SundayOpen":null,"SundayClose":null,"MemorialDay":"Closed","Juneteenth":"Closed","IndependenceDay":"Closed","LaborDay":"Closed","Pets":"No","Wheelchair_access":null,"ADA_accessible":null,"Services":null,"Note":null,"image":null,"Status":1,"Active":"Yes"}},{"type":"Feature","id":97,"geometry":{"type":"Point","coordinates":[-112.048069452,33.4464853480001]},"properties":{"OBJECTID":97,"globalid":"e77e202c-8473-44fc-96a9-997dfaee0e1d","City":"Phoenix","Year":2026,"LUT_Location":"Eastlake_Park_Comm_Cntr","Organization":"City of Phoenix","Location":"Eastlake Park Community Center ","Address":"1549 E. Jefferson St. Phoenix AZ 85034","map_link":"https://www.google.com/maps/place/1549+E+Jefferson+St,+Phoenix,+AZ+85034","Start_Date":"2026-05-01","End_Date":"2026-09-30","PrimaryPhone":"602-327-9032","HeatRelief":"Yes","HeatRelief_Type":"Hydration Station","Collection":"Yes","Collection_Type":"Water Collection Only","Hours":"Mo-Th 10am-9pm, Fr 4pm-6pm, Sa 9am-7pm","MondayOpen":"10:00 AM","MondayClose":"9:00 PM","TuesdayOpen":"10:00 AM","TuesdayClose":"9:00 PM","WednesdayOpen":"10:00 AM","WednesdayClose":"9:00 PM","ThursdayOpen":"10:00 AM","ThursdayClose":"9:00 PM","FridayOpen":"4:00 PM","FridayClose":"6:00 PM","SaturdayOpen":"9:00 AM","SaturdayClose":"7:00 PM","SundayOpen":null,"SundayClose":null,"MemorialDay":"Closed","Juneteenth":"Closed","IndependenceDay":"Closed","LaborDay":"Closed","Pets":"No","Wheelchair_access":null,"ADA_accessible":"Yes","Services":null,"Note":null,"image":null,"Status":1,"Active":"Yes"}},{"type":"Feature","id":98,"geometry":{"type":"Point","coordinates":[-112.051858407,33.4942371160001]},"properties":{"OBJECTID":98,"globalid":"1365dbcf-1302-4252-ae5e-c36972fdc240","City":"Phoenix","Year":2026,"LUT_Location":"Longview_Ngbrhd_Rec_Cntr","Organization":"City of Phoenix","Location":"Longview Neighborhood Recreation Center","Address":"4040 N. 14th St. Phoenix AZ 85014","map_link":"https://www.google.com/maps/place/4040+N+14th+St,+Phoenix,+AZ+85014","Start_Date":"2026-05-01","End_Date":"2026-09-30","PrimaryPhone":"602-327-9032","HeatRelief":"Yes","HeatRelief_Type":"Hydration Station","Collection":"Yes","Collection_Type":"Water Collection Only","Hours":"Mo-Th 9am-9pm, Fr 9am-6pm, Sa 10am-6pm","MondayOpen":"9:00 AM","MondayClose":"9:00 PM","TuesdayOpen":"9:00 AM","TuesdayClose":"9:00 PM","WednesdayOpen":"9:00 AM","WednesdayClose":"9:00 PM","ThursdayOpen":"9:00 AM","ThursdayClose":"9:00 PM","FridayOpen":"9:00 AM","FridayClose":"6:00 PM","SaturdayOpen":"10:00 AM","SaturdayClose":"6:00 PM","SundayOpen":null,"SundayClose":null,"MemorialDay":"Closed","Juneteenth":"Closed","IndependenceDay":"Closed","LaborDay":"Closed","Pets":"No","Wheelchair_access":null,"ADA_accessible":"Yes","Services":null,"Note":null,"image":null,"Status":1,"Active":"Yes"}},{"type":"Feature","id":99,"geometry":{"type":"Point","coordinates":[-112.169580433,33.5010582240001]},"properties":{"OBJECTID":99,"globalid":"37e2b0c2-9eaa-498a-a79f-27910e1ff461","City":"Phoenix","Year":2026,"LUT_Location":"Maryvale_Comm_Cntr","Organization":"City of Phoenix","Location":"Maryvale Community Center","Address":"4420 N. 51st Ave. Phoenix AZ 85032","map_link":"https://www.google.com/maps/place/4420+N+51st+Ave,+Phoenix,+AZ+85031","Start_Date":"2026-05-01","End_Date":"2026-09-30","PrimaryPhone":"602-327-9032","HeatRelief":"Yes","HeatRelief_Type":"Hydration Station","Collection":"Yes","Collection_Type":"Water Collection Only","Hours":"Mo-Th 9am-9pm, Fr 9am-6pm, Sa 10am-6pm","MondayOpen":"9:00 AM","MondayClose":"9:00 PM","TuesdayOpen":"9:00 AM","TuesdayClose":"9:00 PM","WednesdayOpen":"9:00 AM","WednesdayClose":"9:00 PM","ThursdayOpen":"9:00 AM","ThursdayClose":"9:00 PM","FridayOpen":"9:00 AM","FridayClose":"6:00 PM","SaturdayOpen":"10:00 AM","SaturdayClose":"6:00 PM","SundayOpen":null,"SundayClose":null,"MemorialDay":"Closed","Juneteenth":"Closed","IndependenceDay":"Closed","LaborDay":"Closed","Pets":"No","Wheelchair_access":null,"ADA_accessible":"Yes","Services":null,"Note":null,"image":null,"Status":1,"Active":"Yes"}},{"type":"Feature","id":100,"geometry":{"type":"Point","coordinates":[-112.059407384,33.6478966010001]},"properties":{"OBJECTID":100,"globalid":"f710628c-df8b-42d4-9fa6-e882bea1aada","City":"Phoenix","Year":2026,"LUT_Location":"Mountain_View_Comm_Cntr","Organization":"City of Phoenix","Location":"Mountain View Community Center","Address":"1104 E. Grovers Ave. Phoenix AZ 85022","map_link":"https://www.google.com/maps/place/1104+E+Grovers+Ave,+Phoenix,+AZ+85022","Start_Date":"2026-05-01","End_Date":"2026-09-30","PrimaryPhone":"602-534-2500 ","HeatRelief":"Yes","HeatRelief_Type":"Hydration Station","Collection":"Yes","Collection_Type":"Water Collection Only","Hours":"Mo-Th 7am-8pm, Fr 7am-4pm, Sa 8am-12pm","MondayOpen":"7:00 AM","MondayClose":"8:00 PM","TuesdayOpen":"7:00 AM","TuesdayClose":"8:00 PM","WednesdayOpen":"7:00 AM","WednesdayClose":"8:00 PM","ThursdayOpen":"7:00 AM","ThursdayClose":"8:00 PM","FridayOpen":"7:00 AM","FridayClose":"4:00 PM","SaturdayOpen":"8:00 AM","SaturdayClose":"12:00 PM","SundayOpen":null,"SundayClose":null,"MemorialDay":"Closed","Juneteenth":"Closed","IndependenceDay":"Closed","LaborDay":"Closed","Pets":"No","Wheelchair_access":null,"ADA_accessible":null,"Services":null,"Note":null,"image":null,"Status":1,"Active":"Yes"}},{"type":"Feature","id":101,"geometry":{"type":"Point","coordinates":[-112.106290325,33.530332199]},"properties":{"OBJECTID":101,"globalid":"4df5e2ed-de20-458e-aeae-8dc40f08257d","City":"Phoenix","Year":2026,"LUT_Location":"Washington_Act_Cntr","Organization":"City of Phoenix","Location":"Washington Activity Center","Address":"2240 W. Citrus Wy. Phoenix AZ 85015","map_link":"https://www.google.com/maps/place/2240+W+Citrus+Way,+Phoenix,+AZ+85015","Start_Date":"2026-05-01","End_Date":"2026-09-30","PrimaryPhone":"602-327-9032","HeatRelief":"Yes","HeatRelief_Type":"Hydration Station","Collection":"Yes","Collection_Type":"Water Collection Only","Hours":"Mo-Th 9am-9pm, Fr 9am-6pm, Sa 10am-6pm","MondayOpen":"9:00 AM","MondayClose":"9:00 PM","TuesdayOpen":"9:00 AM","TuesdayClose":"9:00 PM","WednesdayOpen":"9:00 AM","WednesdayClose":"9:00 PM","ThursdayOpen":"9:00 AM","ThursdayClose":"9:00 PM","FridayOpen":"9:00 AM","FridayClose":"6:00 PM","SaturdayOpen":"10:00 AM","SaturdayClose":"6:00 PM","SundayOpen":null,"SundayClose":null,"MemorialDay":"Closed","Juneteenth":"Closed","IndependenceDay":"Closed","LaborDay":"Closed","Pets":"No","Wheelchair_access":null,"ADA_accessible":"Yes","Services":null,"Note":null,"image":null,"Status":1,"Active":"Yes"}},{"type":"Feature","id":103,"geometry":{"type":"Point","coordinates":[-112.07849,33.48889]},"properties":{"OBJECTID":103,"globalid":"c61324fa-bccb-4a14-9745-eb400e64900a","City":"Phoenix","Year":2026,"LUT_Location":"Circle_the_City_Parsons","Organization":"Circle the City","Location":"Parson's Family Health Center at Circle the City","Address":"3522 N. 3rd Ave. Phoenix AZ 85013","map_link":"https://www.google.com/maps/place/3522+N+3rd+Ave,+Phoenix,+AZ+85013","Start_Date":"2026-05-01","End_Date":"2026-09-30","PrimaryPhone":"602-776-7676","HeatRelief":"Yes","HeatRelief_Type":"Hydration Station","Collection":"No","Collection_Type":null,"Hours":"Mo-Fr 8am-5pm (closed for lunch)","MondayOpen":"8:00 AM","MondayClose":"5:00 PM","TuesdayOpen":"8:00 AM","TuesdayClose":"5:00 PM","WednesdayOpen":"8:00 AM","WednesdayClose":"5:00 PM","ThursdayOpen":"8:00 AM","ThursdayClose":"5:00 PM","FridayOpen":"8:00 AM","FridayClose":"5:00 PM","SaturdayOpen":null,"SaturdayClose":null,"SundayOpen":null,"SundayClose":null,"MemorialDay":"Closed","Juneteenth":"Regular Hours","IndependenceDay":"Closed","LaborDay":"Closed","Pets":null,"Wheelchair_access":null,"ADA_accessible":null,"Services":null,"Note":null,"image":"https://geo.azmag.gov/maps/images/heatrelief/Circle_the_City_Parsons.jpg","Status":1,"Active":"Yes"}},{"type":"Feature","id":104,"geometry":{"type":"Point","coordinates":[-112.127859592,33.4899609010001]},"properties":{"OBJECTID":104,"globalid":"5eb7e1fc-f29e-4521-9281-bdc13fc47117","City":"Phoenix","Year":2026,"LUT_Location":"PDC_main","Organization":"Phoenix Dream Center","Location":"Phoenix Dream Center","Address":"3210 Grand Ave. Phoenix AZ 85017","map_link":"https://www.google.com/maps/place/3210+Grand+Ave,+Phoenix,+AZ+85017","Start_Date":"2026-05-01","End_Date":"2026-09-30","PrimaryPhone":"602-373-1084","HeatRelief":"Yes","HeatRelief_Type":"Cooling Center","Collection":"Yes","Collection_Type":"Water and General Collection","Hours":"Mo-Su 6am-10pm","MondayOpen":"6:00 AM","MondayClose":"10:00 PM","TuesdayOpen":"6:00 AM","TuesdayClose":"10:00 PM","WednesdayOpen":"6:00 AM","WednesdayClose":"10:00 PM","ThursdayOpen":"6:00 AM","ThursdayClose":"10:00 PM","FridayOpen":"6:00 AM","FridayClose":"10:00 PM","SaturdayOpen":"6:00 AM","SaturdayClose":"10:00 PM","SundayOpen":"6:00 AM","SundayClose":"10:00 PM","MemorialDay":"Regular Hours","Juneteenth":"Regular Hours","IndependenceDay":"Regular Hours","LaborDay":"Regular Hours","Pets":"Yes","Wheelchair_access":"Yes","ADA_accessible":"Yes","Services":null,"Note":null,"image":null,"Status":1,"Active":"Yes"}},{"type":"Feature","id":137,"geometry":{"type":"Point","coordinates":[-112.148070832,33.4804626150001]},"properties":{"OBJECTID":137,"globalid":"93db4594-7e28-4ded-9a32-73a95a93c01a","City":"Phoenix","Year":2026,"LUT_Location":"Adam_Diaz_Sr_Cntr","Organization":"City of Phoenix","Location":"Adam Diaz Senior Center","Address":"4115 W. Thomas Rd. Phoenix AZ 85019","map_link":"https://www.google.com/maps/place/4115+W+Thomas+Rd,+Phoenix,+AZ+85009","Start_Date":"2026-05-01","End_Date":"2026-09-30","PrimaryPhone":"602-534-1177","HeatRelief":"Yes","HeatRelief_Type":"Hydration Station","Collection":"Yes","Collection_Type":"Water Collection Only","Hours":"Mo-Fr 9am-3pm","MondayOpen":"9:00 AM","MondayClose":"3:00 PM","TuesdayOpen":"9:00 AM","TuesdayClose":"3:00 PM","WednesdayOpen":"9:00 AM","WednesdayClose":"3:00 PM","ThursdayOpen":"9:00 AM","ThursdayClose":"3:00 PM","FridayOpen":"9:00 AM","FridayClose":"3:00 PM","SaturdayOpen":null,"SaturdayClose":null,"SundayOpen":null,"SundayClose":null,"MemorialDay":"Closed","Juneteenth":"Closed","IndependenceDay":"Closed","LaborDay":"Closed","Pets":"No","Wheelchair_access":"Yes","ADA_accessible":"Yes","Services":null,"Note":null,"image":null,"Status":1,"Active":"Yes"}},{"type":"Feature","id":138,"geometry":{"type":"Point","coordinates":[-112.06261263,33.573543606]},"properties":{"OBJECTID":138,"globalid":"1a1a57c1-847e-43f6-b903-60f4c5132466","City":"Phoenix","Year":2026,"LUT_Location":"Sunnyslope_Comm_Cntr","Organization":"City of Phoenix","Location":"Sunnyslope Community Center","Address":"802 E. Vogel Ave. Phoenix AZ 85020","map_link":"https://www.google.com/maps/place/802+E+Vogel+Ave,+Phoenix,+AZ+85020","Start_Date":"2026-05-01","End_Date":"2026-09-30","PrimaryPhone":"602-534-2234","HeatRelief":"Yes","HeatRelief_Type":"Hydration Station","Collection":"Yes","Collection_Type":"Water Collection Only","Hours":"Mo-Fr 9am-3pm","MondayOpen":"9:00 AM","MondayClose":"3:00 PM","TuesdayOpen":"9:00 AM","TuesdayClose":"3:00 PM","WednesdayOpen":"9:00 AM","WednesdayClose":"3:00 PM","ThursdayOpen":"9:00 AM","ThursdayClose":"3:00 PM","FridayOpen":"9:00 AM","FridayClose":"3:00 PM","SaturdayOpen":null,"SaturdayClose":null,"SundayOpen":null,"SundayClose":null,"MemorialDay":"Closed","Juneteenth":"Closed","IndependenceDay":"Closed","LaborDay":"Closed","Pets":"No","Wheelchair_access":"Yes","ADA_accessible":"Yes","Services":null,"Note":null,"image":null,"Status":1,"Active":"Yes"}},{"type":"Feature","id":140,"geometry":{"type":"Point","coordinates":[-112.19244304,33.56672352]},"properties":{"OBJECTID":140,"globalid":"bcfd5d18-9c1f-4f56-9ba9-99a1f42dbe95","City":"Glendale","Year":2026,"LUT_Location":"Trrs_Hlth_Olive_I","Organization":"Terros Health","Location":"Olive Avenue Integrated Care","Address":"6153 W. Olive Ave. Glendale AZ 85302","map_link":"https://www.google.com/maps/place/6153+W+Olive+Ave,+Glendale,+AZ+85302","Start_Date":"2026-05-01","End_Date":"2026-10-31","PrimaryPhone":"602-685-6000","HeatRelief":"Yes","HeatRelief_Type":"Hydration Station","Collection":"No","Collection_Type":null,"Hours":"Mo-Th 8am-8pm, Fr-Sa 8am-5pm","MondayOpen":"8:00 AM","MondayClose":"8:00 PM","TuesdayOpen":"8:00 AM","TuesdayClose":"8:00 PM","WednesdayOpen":"8:00 AM","WednesdayClose":"8:00 PM","ThursdayOpen":"8:00 AM","ThursdayClose":"8:00 PM","FridayOpen":"8:00 AM","FridayClose":"5:00 PM","SaturdayOpen":"8:00 AM","SaturdayClose":"5:00 PM","SundayOpen":null,"SundayClose":null,"MemorialDay":"Closed","Juneteenth":"Regular Hours","IndependenceDay":"Closed","LaborDay":"Closed","Pets":null,"Wheelchair_access":null,"ADA_accessible":null,"Services":"Health services ","Note":null,"image":null,"Status":1,"Active":"Yes"}},{"type":"Feature","id":141,"geometry":{"type":"Point","coordinates":[-111.804581294,33.394992625]},"properties":{"OBJECTID":141,"globalid":"8eccd2ec-6132-4588-bce8-4f80a4d36ddc","City":"Mesa","Year":2026,"LUT_Location":"Trrs_Hlth_Stapley","Organization":"Terros Health","Location":"Stapley Drive Integrated Care","Address":"1111 S. Stapley Dr. Mesa AZ 85204","map_link":"https://www.google.com/maps/place/1111+S+Stapley+Dr,+Mesa,+AZ+85204","Start_Date":"2026-05-01","End_Date":"2026-10-31","PrimaryPhone":"602-685-6000","HeatRelief":"Yes","HeatRelief_Type":"Cooling Center","Collection":"No","Collection_Type":null,"Hours":"Mo-Th 8am-8pm, Fr-Sa 8am-5pm","MondayOpen":"8:00 AM","MondayClose":"8:00 PM","TuesdayOpen":"8:00 AM","TuesdayClose":"8:00 PM","WednesdayOpen":"8:00 AM","WednesdayClose":"8:00 PM","ThursdayOpen":"8:00 AM","ThursdayClose":"8:00 PM","FridayOpen":"8:00 AM","FridayClose":"5:00 PM","SaturdayOpen":"8:00 AM","SaturdayClose":"5:00 PM","SundayOpen":null,"SundayClose":null,"MemorialDay":"Closed","Juneteenth":"Regular Hours","IndependenceDay":"Closed","LaborDay":"Closed","Pets":null,"Wheelchair_access":"Yes","ADA_accessible":"Yes","Services":"Health services ","Note":null,"image":null,"Status":1,"Active":"Yes"}},{"type":"Feature","id":145,"geometry":{"type":"Point","coordinates":[-112.088581181,33.445378029]},"properties":{"OBJECTID":145,"globalid":"d82a23a5-1f6a-49d7-adf3-29b4e3b64167","City":"Phoenix","Year":2026,"LUT_Location":"Circle_the_City_Downtown","Organization":"Circle the City","Location":"Downtown Family Health Clinic","Address":"220 S. 12th Ave. Phoenix AZ 85007","map_link":"https://www.google.com/maps/place/220+S+12th+Ave,+Phoenix,+AZ+85007","Start_Date":"2026-05-01","End_Date":"2026-09-30","PrimaryPhone":"951-205-0555","HeatRelief":"Yes","HeatRelief_Type":"Cooling Center","Collection":"No","Collection_Type":null,"Hours":"Mo 7am-8pm, Tu-Fr 7am-7pm, Sa-Su 8am-5pm","MondayOpen":"7:00 AM","MondayClose":"8:00 PM","TuesdayOpen":"7:00 AM","TuesdayClose":"7:00 PM","WednesdayOpen":"7:00 AM","WednesdayClose":"7:00 PM","ThursdayOpen":"7:00 AM","ThursdayClose":"7:00 PM","FridayOpen":"7:00 AM","FridayClose":"7:00 PM","SaturdayOpen":"8:00 AM","SaturdayClose":"5:00 PM","SundayOpen":"8:00 AM","SundayClose":"5:00 PM","MemorialDay":"Closed","Juneteenth":"Regular Hours","IndependenceDay":"Closed","LaborDay":"Closed","Pets":null,"Wheelchair_access":"Yes","ADA_accessible":"Yes","Services":"Homeless services, Health services, Hygiene items ","Note":null,"image":null,"Status":1,"Active":"Yes"}},{"type":"Feature","id":147,"geometry":{"type":"Point","coordinates":[-112.087451037,33.444560122]},"properties":{"OBJECTID":147,"globalid":"2d9eaa87-b8c5-4280-a45c-05801be966e5","City":"Phoenix","Year":2026,"LUT_Location":"Key_to_Change_BGWC","Organization":"Keys to Change ","Location":"Key Campus Brian Garcia Welcome Center ","Address":"204 S. 12th Ave. Phoenix AZ 85007","map_link":"https://www.google.com/maps/place/204+S+12th+Ave,+Phoenix,+AZ+85007","Start_Date":"2026-05-01","End_Date":"2026-09-30","PrimaryPhone":"480-793-3615","HeatRelief":"Yes","HeatRelief_Type":"Hydration Station","Collection":"No","Collection_Type":null,"Hours":"Mo-Su 8am-11pm","MondayOpen":"8:00 AM","MondayClose":"11:00 PM","TuesdayOpen":"8:00 AM","TuesdayClose":"11:00 PM","WednesdayOpen":"8:00 AM","WednesdayClose":"11:00 PM","ThursdayOpen":"8:00 AM","ThursdayClose":"11:00 PM","FridayOpen":"8:00 AM","FridayClose":"11:00 PM","SaturdayOpen":"8:00 AM","SaturdayClose":"11:00 PM","SundayOpen":"8:00 AM","SundayClose":"11:00 PM","MemorialDay":"Regular Hours","Juneteenth":"Regular Hours","IndependenceDay":"Regular Hours","LaborDay":"Regular Hours","Pets":null,"Wheelchair_access":null,"ADA_accessible":null,"Services":"Homeless services, Health services, Food, Clothing, Hygiene items, Showers","Note":null,"image":null,"Status":1,"Active":"Yes"}},{"type":"Feature","id":151,"geometry":{"type":"Point","coordinates":[-112.084460469,33.4425823890001]},"properties":{"OBJECTID":151,"globalid":"9cc47be6-a7a2-4774-8af2-d7234653fcb0","City":"Phoenix","Year":2026,"LUT_Location":"NPhx_main","Organization":"NourishPHX","Location":"NourishPHX","Address":"501 S. 9th Ave. Phoenix AZ 85007","map_link":"https://www.google.com/maps/place/501+S+9th+Ave,+Phoenix,+AZ+85007","Start_Date":"2026-05-01","End_Date":"2026-09-30","PrimaryPhone":"602-775-5740","HeatRelief":"Yes","HeatRelief_Type":"Hydration Station","Collection":"Yes","Collection_Type":"Water and General Collection","Hours":"Mo-Fr 9am-11am","MondayOpen":"9:00 AM","MondayClose":"11:00 AM","TuesdayOpen":"9:00 AM","TuesdayClose":"11:00 AM","WednesdayOpen":"9:00 AM","WednesdayClose":"11:00 AM","ThursdayOpen":"9:00 AM","ThursdayClose":"11:00 AM","FridayOpen":"9:00 AM","FridayClose":"11:00 AM","SaturdayOpen":null,"SaturdayClose":null,"SundayOpen":null,"SundayClose":null,"MemorialDay":"Closed","Juneteenth":"Regular Hours","IndependenceDay":"Closed","LaborDay":"Closed","Pets":null,"Wheelchair_access":null,"ADA_accessible":null,"Services":"Health services, Food, Clothing, Hygiene items ","Note":null,"image":"https://geo.azmag.gov/maps/images/heatrelief/Food_Clothing_Bnk.jpg","Status":1,"Active":"Yes"}},{"type":"Feature","id":152,"geometry":{"type":"Point","coordinates":[-112.085539382,33.5719467530001]},"properties":{"OBJECTID":152,"globalid":"e7f50813-6f4a-4688-94ae-7b5ee93b1494","City":"Phoenix","Year":2026,"LUT_Location":"Sunnyslope_Fam_Srvcs","Organization":"City of Phoenix","Location":"Sunnyslope Family Services Center","Address":"914 W. Hatcher Rd. Phoenix AZ 85021 (Lobby)","map_link":"https://www.google.com/maps/place/914+W+Hatcher+Rd,+Phoenix,+AZ+85021","Start_Date":"2026-05-01","End_Date":"2026-09-30","PrimaryPhone":"602-495-5431","HeatRelief":"Yes","HeatRelief_Type":"Hydration Station","Collection":"Yes","Collection_Type":"Water and General Collection","Hours":"Mo-Fr 8am-5pm","MondayOpen":"8:00 AM","MondayClose":"5:00 PM","TuesdayOpen":"8:00 AM","TuesdayClose":"5:00 PM","WednesdayOpen":"8:00 AM","WednesdayClose":"5:00 PM","ThursdayOpen":"8:00 AM","ThursdayClose":"5:00 PM","FridayOpen":"8:00 AM","FridayClose":"5:00 PM","SaturdayOpen":null,"SaturdayClose":null,"SundayOpen":null,"SundayClose":null,"MemorialDay":"Closed","Juneteenth":"Closed","IndependenceDay":"Closed","LaborDay":"Closed","Pets":"No","Wheelchair_access":"Yes","ADA_accessible":"Yes","Services":null,"Note":null,"image":null,"Status":1,"Active":"Yes"}},{"type":"Feature","id":159,"geometry":{"type":"Point","coordinates":[-111.89459565,33.4189667310001]},"properties":{"OBJECTID":159,"globalid":"2b60144e-3cad-45b3-98f4-86b1d6cf99c8","City":"Tempe","Year":2026,"LUT_Location":"Escalante_MG_Cntr","Organization":"City of Tempe","Location":"Escalante Multigenerational Center","Address":"2150 E. Orange St. Tempe AZ 85281","map_link":"https://www.google.com/maps/place/2150+E+Orange+St.,+Tempe,+AZ+85281","Start_Date":"2026-05-01","End_Date":"2026-09-30","PrimaryPhone":"480-350-5800","HeatRelief":"Yes","HeatRelief_Type":"Hydration Station","Collection":"Yes","Collection_Type":"Water and General Collection","Hours":"Mo-Th 8am-9pm, Fr 8am-8pm, Sa 10am-5pm, Su 1pm-6pm","MondayOpen":"8:00 AM","MondayClose":"9:00 PM","TuesdayOpen":"8:00 AM","TuesdayClose":"9:00 PM","WednesdayOpen":"8:00 AM","WednesdayClose":"9:00 PM","ThursdayOpen":"8:00 AM","ThursdayClose":"9:00 PM","FridayOpen":"8:00 AM","FridayClose":"8:00 PM","SaturdayOpen":"10:00 AM","SaturdayClose":"5:00 PM","SundayOpen":"1:00 PM","SundayClose":"6:00 PM","MemorialDay":"12-5pm","Juneteenth":"8am-6pm","IndependenceDay":"Regular Hours","LaborDay":"Closed","Pets":null,"Wheelchair_access":null,"ADA_accessible":null,"Services":null,"Note":null,"image":"https://geo.azmag.gov/maps/images/heatrelief/Escalante_MG_Cntr.jpg","Status":1,"Active":"Yes"}},{"type":"Feature","id":167,"geometry":{"type":"Point","coordinates":[-112.014752046,33.4035930630001]},"properties":{"OBJECTID":167,"globalid":"3a64973b-39ff-4cb9-a608-1658a54dd008","City":"Phoenix","Year":2026,"LUT_Location":"UP_Main","Organization":"Unlimited Potential","Location":"Unlimited Potential","Address":"3146 E. Wier Ave. Phoenix AZ 85040 (Room 34)","map_link":"https://www.google.com/maps/place/3146+E+Wier+Ave,+Phoenix,+AZ+85040","Start_Date":"2026-05-01","End_Date":"2026-10-30","PrimaryPhone":"602-305-4742","HeatRelief":"Yes","HeatRelief_Type":"Hydration Station","Collection":"Yes","Collection_Type":"Water and General Collection","Hours":"Mo-Fr 9am-4pm","MondayOpen":"9:00 AM","MondayClose":"4:00 PM","TuesdayOpen":"9:00 AM","TuesdayClose":"4:00 PM","WednesdayOpen":"9:00 AM","WednesdayClose":"4:00 PM","ThursdayOpen":"9:00 AM","ThursdayClose":"4:00 PM","FridayOpen":"9:00 AM","FridayClose":"4:00 PM","SaturdayOpen":null,"SaturdayClose":null,"SundayOpen":null,"SundayClose":null,"MemorialDay":"Closed","Juneteenth":"Closed","IndependenceDay":"Closed","LaborDay":"Closed","Pets":null,"Wheelchair_access":null,"ADA_accessible":null,"Services":null,"Note":null,"image":"https://geo.azmag.gov/maps/images/heatrelief/UP_Main.png","Status":1,"Active":"Yes"}},{"type":"Feature","id":168,"geometry":{"type":"Point","coordinates":[-111.884526,33.5777580000001]},"properties":{"OBJECTID":168,"globalid":"4fe729c6-1a3a-4896-9c54-c15e40a82332","City":"Scottsdale","Year":2026,"LUT_Location":"SC_Mustang_Lib","Organization":"City of Scottsdale","Location":"Mustang Library","Address":"10101 N. 90th St. Scottsdale AZ 85258","map_link":"https://www.google.com/maps/place/10101+N+90th+St,+Scottsdale,+AZ+85258","Start_Date":"2026-05-01","End_Date":"2026-10-31","PrimaryPhone":"480-312-6031","HeatRelief":"Yes","HeatRelief_Type":"Cooling Center","Collection":"Yes","Collection_Type":"Water and General Collection","Hours":"Mo-Th 10am-7pm, Fr 10am-6pm, Sa 10am-5pm, Su 1pm-5pm","MondayOpen":"9:00 AM","MondayClose":"7:00 PM","TuesdayOpen":"9:00 AM","TuesdayClose":"7:00 PM","WednesdayOpen":"9:00 AM","WednesdayClose":"7:00 PM","ThursdayOpen":"9:00 AM","ThursdayClose":"7:00 PM","FridayOpen":"10:00 AM","FridayClose":"6:00 PM","SaturdayOpen":"10:00 AM","SaturdayClose":"5:00 PM","SundayOpen":"1:00 PM","SundayClose":"5:00 PM","MemorialDay":"Closed","Juneteenth":"Regular Hours","IndependenceDay":"Closed","LaborDay":"Closed","Pets":null,"Wheelchair_access":"Yes","ADA_accessible":"Yes","Services":null,"Note":null,"image":null,"Status":1,"Active":"Yes"}},{"type":"Feature","id":176,"geometry":{"type":"Point","coordinates":[-112.11247019,33.485772098]},"properties":{"OBJECTID":176,"globalid":"54219f54-ee1b-4ab0-9846-8e8e331e7555","City":"Phoenix","Year":2026,"LUT_Location":"City_of_Refuge_main","Organization":"City of Refuge ","Location":"City of Refuge","Address":"3147 N. Black Canyon Hwy Phoenix AZ 85015","map_link":"https://www.google.com/maps/place/3147+N+Black+Canyon+Hwy,+Phoenix,+AZ+85015","Start_Date":"2026-05-01","End_Date":"2026-09-30","PrimaryPhone":"602-487-4599","HeatRelief":"Yes","HeatRelief_Type":"Hydration Station","Collection":"No","Collection_Type":null,"Hours":"Mo-Fr 8am-5pm","MondayOpen":"8:00 AM","MondayClose":"5:00 PM","TuesdayOpen":"8:00 AM","TuesdayClose":"5:00 PM","WednesdayOpen":"8:00 AM","WednesdayClose":"5:00 PM","ThursdayOpen":"8:00 AM","ThursdayClose":"5:00 PM","FridayOpen":"8:00 AM","FridayClose":"5:00 PM","SaturdayOpen":null,"SaturdayClose":null,"SundayOpen":null,"SundayClose":null,"MemorialDay":"Regular Hours","Juneteenth":"Regular Hours","IndependenceDay":"Regular Hours","LaborDay":"Regular Hours","Pets":null,"Wheelchair_access":null,"ADA_accessible":null,"Services":null,"Note":null,"image":null,"Status":1,"Active":"Yes"}},{"type":"Feature","id":181,"geometry":{"type":"Point","coordinates":[-112.15228,33.4918200000001]},"properties":{"OBJECTID":181,"globalid":"1baafef0-fd86-42cb-970b-1fa3656d53e6","City":"Phoenix","Year":2026,"LUT_Location":"Slvtn_Army_PH_Mryvle_Crps","Organization":"The Salvation Army","Location":"Phoenix Maryvale Corps","Address":"4318 W. Clarendon Ave. Phoenix AZ 85031","map_link":"https://www.google.com/maps/place/4318+W+Clarendon+Ave,+Phoenix,+AZ+85031","Start_Date":"2026-05-01","End_Date":"2026-09-30","PrimaryPhone":"602-267-4193","HeatRelief":"Yes","HeatRelief_Type":"Cooling Center","Collection":"Yes","Collection_Type":"Water and General Collection","Hours":"Mo-Fr 8am-4:30pm","MondayOpen":"8:00 AM","MondayClose":"4:30 PM","TuesdayOpen":"8:00 AM","TuesdayClose":"4:30 PM","WednesdayOpen":"8:00 AM","WednesdayClose":"4:30 PM","ThursdayOpen":"8:00 AM","ThursdayClose":"4:30 PM","FridayOpen":"8:00 AM","FridayClose":"4:30 PM","SaturdayOpen":null,"SaturdayClose":null,"SundayOpen":null,"SundayClose":null,"MemorialDay":"Closed","Juneteenth":"Closed","IndependenceDay":"Closed","LaborDay":"Closed","Pets":"Yes","Wheelchair_access":"Yes","ADA_accessible":"Yes","Services":null,"Note":null,"image":"https://geo.azmag.gov/maps/images/heatrelief/Slvtn_Army_PH_Mryvle_Crps.jpg","Status":2,"Active":"Yes"}},{"type":"Feature","id":182,"geometry":{"type":"Point","coordinates":[-111.53935306,33.4077491420001]},"properties":{"OBJECTID":182,"globalid":"623e47ea-8219-4215-a593-c30eae905b07","City":"Apache Junction","Year":2026,"LUT_Location":"Slvtn_Army_AJ_Crps","Organization":"The Salvation Army","Location":"Apache Junction Corps","Address":"605 E. Broadway Ave. Apache Junction AZ 85119","map_link":"https://www.google.com/maps/place/605+E+Broadway+Ave,+Apache+Junction,+AZ+85119","Start_Date":"2026-05-01","End_Date":"2026-09-30","PrimaryPhone":"602-267-4193","HeatRelief":"Yes","HeatRelief_Type":"Cooling Center","Collection":"Yes","Collection_Type":"Water Collection Only","Hours":"Mo-Fr 9am-3pm","MondayOpen":"9:00 AM","MondayClose":"3:00 PM","TuesdayOpen":"9:00 AM","TuesdayClose":"3:00 PM","WednesdayOpen":"9:00 AM","WednesdayClose":"3:00 PM","ThursdayOpen":"9:00 AM","ThursdayClose":"3:00 PM","FridayOpen":"9:00 AM","FridayClose":"3:00 PM","SaturdayOpen":null,"SaturdayClose":null,"SundayOpen":null,"SundayClose":null,"MemorialDay":"Closed","Juneteenth":"Closed","IndependenceDay":"Closed","LaborDay":"Closed","Pets":"Yes","Wheelchair_access":"Yes","ADA_accessible":"Yes","Services":"Hygiene items","Note":null,"image":"https://geo.azmag.gov/maps/images/heatrelief/Slvtn_Army_AJ_Crps.jpg","Status":2,"Active":"Yes"}},{"type":"Feature","id":183,"geometry":{"type":"Point","coordinates":[-111.83993,33.2945500000001]},"properties":{"OBJECTID":183,"globalid":"e68e73f5-bc53-4913-ba14-70acd3dd020f","City":"Chandler","Year":2026,"LUT_Location":"Slvtn_Army_CH_Crps","Organization":"The Salvation Army","Location":"Chandler Corps","Address":"85 E. Saragosa St. Chandler AZ 85225","map_link":"https://www.google.com/maps/place/85+E+Saragosa+St,+Chandler,+AZ+85225","Start_Date":"2026-05-01","End_Date":"2026-09-30","PrimaryPhone":"602-267-4193","HeatRelief":"Yes","HeatRelief_Type":"Cooling Center","Collection":"Yes","Collection_Type":"Water and General Collection","Hours":"Mo-Fr 8:30am-4pm (closed 11:30am-1pm)","MondayOpen":"8:30 AM","MondayClose":"4:00 PM","TuesdayOpen":"8:30 AM","TuesdayClose":"4:00 PM","WednesdayOpen":"8:30 AM","WednesdayClose":"4:00 PM","ThursdayOpen":"8:30 AM","ThursdayClose":"4:00 PM","FridayOpen":"8:30 AM","FridayClose":"4:00 PM","SaturdayOpen":null,"SaturdayClose":null,"SundayOpen":null,"SundayClose":null,"MemorialDay":"Closed","Juneteenth":"Closed","IndependenceDay":"Closed","LaborDay":"Closed","Pets":"Yes","Wheelchair_access":"Yes","ADA_accessible":"Yes","Services":null,"Note":null,"image":"https://geo.azmag.gov/maps/images/heatrelief/Slvtn_Army_CH_Crps.jpg","Status":2,"Active":"Yes"}},{"type":"Feature","id":184,"geometry":{"type":"Point","coordinates":[-112.189996587,33.5534548840001]},"properties":{"OBJECTID":184,"globalid":"57a5800d-b8d0-48cb-8d5a-4037275204d0","City":"Glendale","Year":2026,"LUT_Location":"Slvtn_Army_GL_Crps","Organization":"The Salvation Army","Location":"Glendale Corps","Address":"6010 W. Northern Ave. Glendale AZ 85301","map_link":"https://www.google.com/maps/place/6010+W+Northern+Ave,+Glendale,+AZ+85301","Start_Date":"2026-05-01","End_Date":"2026-09-30","PrimaryPhone":"602-267-4193","HeatRelief":"Yes","HeatRelief_Type":"Cooling Center","Collection":"Yes","Collection_Type":"Water and General Collection","Hours":"Mo-Fr 11am-5pm","MondayOpen":"11:00 AM","MondayClose":"5:00 PM","TuesdayOpen":"11:00 AM","TuesdayClose":"5:00 PM","WednesdayOpen":"11:00 AM","WednesdayClose":"5:00 PM","ThursdayOpen":"11:00 AM","ThursdayClose":"5:00 PM","FridayOpen":"11:00 AM","FridayClose":"5:00 PM","SaturdayOpen":null,"SaturdayClose":null,"SundayOpen":null,"SundayClose":null,"MemorialDay":"Closed","Juneteenth":"Closed","IndependenceDay":"Closed","LaborDay":"Closed","Pets":null,"Wheelchair_access":null,"ADA_accessible":null,"Services":null,"Note":null,"image":"https://geo.azmag.gov/maps/images/heatrelief/Slvtn_Army_GL_Crps.jpg","Status":1,"Active":"Yes"}},{"type":"Feature","id":186,"geometry":{"type":"Point","coordinates":[-112.07809,33.4552600000001]},"properties":{"OBJECTID":186,"globalid":"cccd7c92-750c-4fc0-a9c7-0746670b4d15","City":"Phoenix","Year":2026,"LUT_Location":"Slvtn_Army_PH_Ctdl_Crps","Organization":"The Salvation Army","Location":"Phoenix Citadel Corps","Address":"628 N. 3rd Ave. Phoenix AZ 85003","map_link":"https://www.google.com/maps/place/628+N+3rd+Ave,+Phoenix,+AZ+85003","Start_Date":"2026-05-01","End_Date":"2026-09-30","PrimaryPhone":"602-267-4193","HeatRelief":"Yes","HeatRelief_Type":"Cooling Center","Collection":"Yes","Collection_Type":"Water Collection Only","Hours":"Mo-Fr 8am-4:30pm","MondayOpen":"8:00 AM","MondayClose":"4:30 PM","TuesdayOpen":"8:00 AM","TuesdayClose":"4:30 PM","WednesdayOpen":"8:00 AM","WednesdayClose":"4:30 PM","ThursdayOpen":"8:00 AM","ThursdayClose":"4:30 PM","FridayOpen":"8:00 AM","FridayClose":"4:30 PM","SaturdayOpen":null,"SaturdayClose":null,"SundayOpen":null,"SundayClose":null,"MemorialDay":"Closed","Juneteenth":"Closed","IndependenceDay":"Closed","LaborDay":"Closed","Pets":"Yes","Wheelchair_access":"Yes","ADA_accessible":"Yes","Services":null,"Note":null,"image":"https://geo.azmag.gov/maps/images/heatrelief/Slvtn_Army_PH_Ctdl_Crps.jpg","Status":2,"Active":"Yes"}},{"type":"Feature","id":187,"geometry":{"type":"Point","coordinates":[-111.82563,33.42486]},"properties":{"OBJECTID":187,"globalid":"cac5ac46-02db-4903-953b-4afc028fa37a","City":"Mesa","Year":2026,"LUT_Location":"Slvtn_Army_ME_Crps","Organization":"The Salvation Army","Location":"Mesa Corps","Address":"241 E. 6th St. Mesa AZ 85201","map_link":"https://www.google.com/maps/place/241+E+6th+St,+Mesa,+AZ+85201","Start_Date":"2026-05-01","End_Date":"2026-09-30","PrimaryPhone":"602-267-4139","HeatRelief":"Yes","HeatRelief_Type":"Cooling Center","Collection":"Yes","Collection_Type":"Water and General Collection","Hours":"Mo-Fr 8am-11:30am","MondayOpen":"8:00 AM","MondayClose":"11:30 AM","TuesdayOpen":"8:00 AM","TuesdayClose":"11:30 AM","WednesdayOpen":"8:00 AM","WednesdayClose":"11:30 AM","ThursdayOpen":"8:00 AM","ThursdayClose":"11:30 AM","FridayOpen":"8:00 AM","FridayClose":"11:30 AM","SaturdayOpen":null,"SaturdayClose":null,"SundayOpen":null,"SundayClose":null,"MemorialDay":"Closed","Juneteenth":"Closed","IndependenceDay":"Closed","LaborDay":"Closed","Pets":"Yes","Wheelchair_access":"Yes","ADA_accessible":"Yes","Services":null,"Note":null,"image":"https://geo.azmag.gov/maps/images/heatrelief/Slvtn_Army_ME_Crps.jpg","Status":2,"Active":"Yes"}},{"type":"Feature","id":188,"geometry":{"type":"Point","coordinates":[-112.023429311,33.448631504]},"properties":{"OBJECTID":188,"globalid":"02bcde3e-b94e-404c-b4d0-ccebffa5ce3e","City":"Phoenix","Year":2026,"LUT_Location":"Slvtn_Army_Fmly_Svcs_Cntr","Organization":"The Salvation Army","Location":"Warren Ledbetter Service Center","Address":"2702 E. Washington St. Phoenix AZ 85034","map_link":"https://www.google.com/maps/place/2702+E+Washington+St,+Phoenix,+AZ+85034","Start_Date":"2026-05-01","End_Date":"2026-09-30","PrimaryPhone":"602-267-4193","HeatRelief":"Yes","HeatRelief_Type":"Cooling Center","Collection":"Yes","Collection_Type":"Water and General Collection","Hours":"Mo-Fr 8am-4pm","MondayOpen":"8:00 AM","MondayClose":"4:00 PM","TuesdayOpen":"8:00 AM","TuesdayClose":"4:00 PM","WednesdayOpen":"8:00 AM","WednesdayClose":"4:00 PM","ThursdayOpen":"8:00 AM","ThursdayClose":"4:00 PM","FridayOpen":"8:00 AM","FridayClose":"4:00 PM","SaturdayOpen":null,"SaturdayClose":null,"SundayOpen":null,"SundayClose":null,"MemorialDay":"Closed","Juneteenth":"Closed","IndependenceDay":"Closed","LaborDay":"Closed","Pets":"Yes","Wheelchair_access":"Yes","ADA_accessible":"Yes","Services":"Homeless services, Food, Hygiene items, Utility Assistance","Note":null,"image":null,"Status":2,"Active":"Yes"}},{"type":"Feature","id":189,"geometry":{"type":"Point","coordinates":[-112.35261581,33.436033837]},"properties":{"OBJECTID":189,"globalid":"0a7b9b11-f43d-49e8-bc8a-5168cd97a39f","City":"Avondale","Year":2026,"LUT_Location":"Slvtn_Army_ES_Mt_Crps","Organization":"The Salvation Army","Location":"Estrella Mountain Corps","Address":"11 N. 3rd Ave. Avondale AZ 85323","map_link":"https://www.google.com/maps/place/11+N+3rd+Ave,+Avondale,+AZ+85323","Start_Date":"2026-05-01","End_Date":"2026-09-30","PrimaryPhone":"602-267-4193","HeatRelief":"Yes","HeatRelief_Type":"Cooling Center","Collection":"Yes","Collection_Type":"Water and General Collection","Hours":"Mo-Fr 10am-5pm","MondayOpen":"10:00 AM","MondayClose":"5:00 PM","TuesdayOpen":"10:00 AM","TuesdayClose":"5:00 PM","WednesdayOpen":"10:00 AM","WednesdayClose":"5:00 PM","ThursdayOpen":"10:00 AM","ThursdayClose":"5:00 PM","FridayOpen":"10:00 AM","FridayClose":"5:00 PM","SaturdayOpen":null,"SaturdayClose":null,"SundayOpen":null,"SundayClose":null,"MemorialDay":"Closed","Juneteenth":"Closed","IndependenceDay":"Closed","LaborDay":"Closed","Pets":null,"Wheelchair_access":null,"ADA_accessible":null,"Services":null,"Note":null,"image":"https://geo.azmag.gov/maps/images/heatrelief/Slvtn_Army_ES_Mt_Crps.jpg","Status":1,"Active":"Yes"}},{"type":"Feature","id":190,"geometry":{"type":"Point","coordinates":[-112.052550785,33.4062760830001]},"properties":{"OBJECTID":190,"globalid":"8e700fbc-e320-4c7e-a4b1-e10df86f1ffb","City":"Phoenix","Year":2026,"LUT_Location":"Slvtn_Army_Kroc_Cntr","Organization":"The Salvation Army","Location":"Phoenix Kroc Center","Address":"1375 E. Broadway Rd. Phoenix AZ 85040","map_link":"https://www.google.com/maps/place/1375+E+Broadway+Rd,+Phoenix,+AZ+85040","Start_Date":"2026-05-01","End_Date":"2026-09-30","PrimaryPhone":"602-267-4193","HeatRelief":"Yes","HeatRelief_Type":"Cooling Center","Collection":"Yes","Collection_Type":"Water Collection Only","Hours":"Mo-Fr 6am-8pm, Sa 9am-5pm","MondayOpen":"6:00 AM","MondayClose":"8:00 PM","TuesdayOpen":"6:00 AM","TuesdayClose":"8:00 PM","WednesdayOpen":"6:00 AM","WednesdayClose":"8:00 PM","ThursdayOpen":"6:00 AM","ThursdayClose":"8:00 PM","FridayOpen":"6:00 AM","FridayClose":"8:00 PM","SaturdayOpen":"9:00 AM","SaturdayClose":"5:00 PM","SundayOpen":null,"SundayClose":null,"MemorialDay":"Closed","Juneteenth":"Closed","IndependenceDay":"Closed","LaborDay":"Closed","Pets":null,"Wheelchair_access":null,"ADA_accessible":null,"Services":null,"Note":null,"image":"https://geo.azmag.gov/maps/images/heatrelief/Slvtn_Army_Kroc_Cntr.jpg","Status":1,"Active":"Yes"}},{"type":"Feature","id":191,"geometry":{"type":"Point","coordinates":[-112.305793574,33.64222182]},"properties":{"OBJECTID":191,"globalid":"596ba193-e8fd-416e-af3d-35e7f13116dd","City":"Surprise","Year":2026,"LUT_Location":"Slvtn_Army_NW_Vlly_Crps","Organization":"The Salvation Army","Location":"North West Valley Corps","Address":"17420 N. Avenue of the Arts Blvd. Surprise AZ 85378","map_link":"https://www.google.com/maps/place/17420+Ave+of+the+Arts,+Surprise,+AZ+85378","Start_Date":"2026-05-01","End_Date":"2026-09-30","PrimaryPhone":"602-267-4193","HeatRelief":"Yes","HeatRelief_Type":"Cooling Center","Collection":"Yes","Collection_Type":"Water Collection Only","Hours":"Mo-Fr 9am-4pm","MondayOpen":"9:00 AM","MondayClose":"4:00 PM","TuesdayOpen":"9:00 AM","TuesdayClose":"4:00 PM","WednesdayOpen":"9:00 AM","WednesdayClose":"4:00 PM","ThursdayOpen":"9:00 AM","ThursdayClose":"4:00 PM","FridayOpen":"9:00 AM","FridayClose":"4:00 PM","SaturdayOpen":null,"SaturdayClose":null,"SundayOpen":null,"SundayClose":null,"MemorialDay":"Closed","Juneteenth":"Closed","IndependenceDay":"Closed","LaborDay":"Closed","Pets":"Yes","Wheelchair_access":"Yes","ADA_accessible":"Yes","Services":null,"Note":null,"image":"https://geo.azmag.gov/maps/images/heatrelief/Slvtn_Army_NW_Vlly_Crps.jpg","Status":2,"Active":"Yes"}},{"type":"Feature","id":249,"geometry":{"type":"Point","coordinates":[-111.901341394,33.467166481]},"properties":{"OBJECTID":249,"globalid":"8c74998d-f669-47ab-8697-cce0c120e39d","City":"Scottsdale","Year":2026,"LUT_Location":"SC_Granite_Reef_SC","Organization":"City of Scottsdale","Location":"Granite Reef Senior Center ","Address":"1700 N. Granite Reef Rd. Scottsdale AZ 85257","map_link":"https://www.google.com/maps/place/1700+N+Granite+Reef+Rd,+Scottsdale,+AZ+85257","Start_Date":"2026-05-01","End_Date":"2026-09-30","PrimaryPhone":"480-312-1743","HeatRelief":"Yes","HeatRelief_Type":"Hydration Station","Collection":"Yes","Collection_Type":"Water Collection Only","Hours":"Mo-Th 8am-8pm, Fr 8am-5pm, Sa 8am-12pm","MondayOpen":"8:00 AM","MondayClose":"8:00 PM","TuesdayOpen":"8:00 AM","TuesdayClose":"8:00 PM","WednesdayOpen":"8:00 AM","WednesdayClose":"8:00 PM","ThursdayOpen":"8:00 AM","ThursdayClose":"8:00 PM","FridayOpen":"8:00 AM","FridayClose":"5:00 PM","SaturdayOpen":"8:00 AM","SaturdayClose":"12:00 PM","SundayOpen":null,"SundayClose":null,"MemorialDay":"Closed","Juneteenth":"Closed","IndependenceDay":"Closed","LaborDay":"Closed","Pets":null,"Wheelchair_access":null,"ADA_accessible":null,"Services":null,"Note":null,"image":null,"Status":1,"Active":"Yes"}},{"type":"Feature","id":251,"geometry":{"type":"Point","coordinates":[-111.922394387,33.6951677430001]},"properties":{"OBJECTID":251,"globalid":"eb846b89-0a81-405c-b0f1-32233d2df185","City":"Scottsdale","Year":2026,"LUT_Location":"SC_Appaloosa_Lib","Organization":"City of Scottsdale","Location":"Appaloosa Library ","Address":"7377 E. Silverstone Dr. Scottsdale AZ 85255","map_link":"https://www.google.com/maps/place/7377+E+Silverstone+Dr,+Scottsdale,+AZ+85255","Start_Date":"2026-05-01","End_Date":"2026-10-31","PrimaryPhone":"480-312-6419","HeatRelief":"Yes","HeatRelief_Type":"Cooling Center","Collection":"Yes","Collection_Type":"Water and General Collection","Hours":"Mo-Th 9am-7pm, Fr 10am-6pm, Sa 10am-5pm, Su 1pm-5pm","MondayOpen":"9:00 AM","MondayClose":"7:00 PM","TuesdayOpen":"9:00 AM","TuesdayClose":"7:00 PM","WednesdayOpen":"9:00 AM","WednesdayClose":"7:00 PM","ThursdayOpen":"9:00 AM","ThursdayClose":"7:00 PM","FridayOpen":"10:00 AM","FridayClose":"6:00 PM","SaturdayOpen":"10:00 AM","SaturdayClose":"5:00 PM","SundayOpen":"1:00 PM","SundayClose":"5:00 PM","MemorialDay":"Closed","Juneteenth":"Closed","IndependenceDay":"Closed","LaborDay":"Closed","Pets":null,"Wheelchair_access":"Yes","ADA_accessible":"Yes","Services":"Homeless services ","Note":null,"image":null,"Status":1,"Active":"Yes"}},{"type":"Feature","id":252,"geometry":{"type":"Point","coordinates":[-111.940437524,33.487044584]},"properties":{"OBJECTID":252,"globalid":"c30902aa-ef61-4a4f-b9b4-1503fc321ec9","City":"Scottsdale","Year":2026,"LUT_Location":"SC_Paiute_NC","Organization":"City of Scottsdale","Location":"Paiute Neighborhood Center ","Address":"6535 E. Osborn Rd. Scottsdale AZ 85251","map_link":"https://www.google.com/maps/place/6535+E+Osborn+Rd,+Scottsdale,+AZ+85251","Start_Date":"2026-05-01","End_Date":"2026-09-30","PrimaryPhone":"480-312-0018","HeatRelief":"Yes","HeatRelief_Type":"Hydration Station","Collection":"Yes","Collection_Type":"Water and General Collection","Hours":"Mo-Fr 8am-5pm","MondayOpen":"8:00 AM","MondayClose":"5:00 PM","TuesdayOpen":"8:00 AM","TuesdayClose":"5:00 PM","WednesdayOpen":"8:00 AM","WednesdayClose":"5:00 PM","ThursdayOpen":"8:00 AM","ThursdayClose":"5:00 PM","FridayOpen":"8:00 AM","FridayClose":"5:00 PM","SaturdayOpen":null,"SaturdayClose":null,"SundayOpen":null,"SundayClose":null,"MemorialDay":"Closed","Juneteenth":"Regular Hours","IndependenceDay":"Closed","LaborDay":"Closed","Pets":null,"Wheelchair_access":null,"ADA_accessible":null,"Services":"Food, Utility Assistance","Note":null,"image":"https://geo.azmag.gov/maps/images/heatrelief/SC_Paiute_NC_.jpg","Status":1,"Active":"Yes"}},{"type":"Feature","id":265,"geometry":{"type":"Point","coordinates":[-112.086668852,33.4453683940001]},"properties":{"OBJECTID":265,"globalid":"0f0d96c7-78b2-43b4-900b-0e87014f32b4","City":"Phoenix","Year":2026,"LUT_Location":"Andre_House_main","Organization":"Andre House","Location":"Andre House ","Address":"213 S. 11th Ave. Phoenix AZ 85007","map_link":"https://www.google.com/maps/place/213+S+11th+Ave,+Phoenix,+AZ+85007","Start_Date":"2026-05-01","End_Date":"2026-09-30","PrimaryPhone":"602-255-0580","HeatRelief":"Yes","HeatRelief_Type":"Hydration Station","Collection":"Yes","Collection_Type":"Water and General Collection","Hours":"Mo-Th 10am-4pm, Sa-Su 1pm-4pm","MondayOpen":"10:00 AM","MondayClose":"4:00 PM","TuesdayOpen":"10:00 AM","TuesdayClose":"4:00 PM","WednesdayOpen":"10:00 AM","WednesdayClose":"4:00 PM","ThursdayOpen":"10:00 AM","ThursdayClose":"4:00 PM","FridayOpen":null,"FridayClose":null,"SaturdayOpen":"1:00 PM","SaturdayClose":"4:00 PM","SundayOpen":"1:00 PM","SundayClose":"4:00 PM","MemorialDay":"Regular Hours","Juneteenth":"Closed","IndependenceDay":"Regular Hours","LaborDay":"Regular Hours","Pets":null,"Wheelchair_access":null,"ADA_accessible":null,"Services":"Homeless services, Food, Clothing, Hygiene items, Showers, Laundry ","Note":null,"image":null,"Status":1,"Active":"Yes"}},{"type":"Feature","id":272,"geometry":{"type":"Point","coordinates":[-112.082971989,33.4355395060001]},"properties":{"OBJECTID":272,"globalid":"b5234de1-1890-4119-adad-a3ef7e7a0789","City":"Phoenix","Year":2026,"LUT_Location":"SOWSC","Organization":"City of Phoenix","Location":"Senior Opportunities West Senior Center","Address":"1220 S. 7th Ave. Phoenix AZ 85007","map_link":"https://www.google.com/maps/place/1220+S+7th+Ave,+Phoenix,+AZ+85007","Start_Date":"2026-05-01","End_Date":"2026-09-30","PrimaryPhone":"602-534-7657","HeatRelief":"Yes","HeatRelief_Type":"Hydration Station","Collection":"Yes","Collection_Type":"Water Collection Only","Hours":"Mo-Fr 9am-4pm","MondayOpen":"9:00 AM","MondayClose":"4:00 PM","TuesdayOpen":"9:00 AM","TuesdayClose":"4:00 PM","WednesdayOpen":"9:00 AM","WednesdayClose":"4:00 PM","ThursdayOpen":"9:00 AM","ThursdayClose":"4:00 PM","FridayOpen":"9:00 AM","FridayClose":"4:00 PM","SaturdayOpen":null,"SaturdayClose":null,"SundayOpen":null,"SundayClose":null,"MemorialDay":"Closed","Juneteenth":"Closed","IndependenceDay":"Closed","LaborDay":"Closed","Pets":"No","Wheelchair_access":"Yes","ADA_accessible":"Yes","Services":null,"Note":null,"image":null,"Status":1,"Active":"Yes"}},{"type":"Feature","id":275,"geometry":{"type":"Point","coordinates":[-112.036550628,33.609561102]},"properties":{"OBJECTID":275,"globalid":"8f8cacc1-4fa5-4d33-878c-fc8a03497d81","City":"Phoenix","Year":2026,"LUT_Location":"Moms_Pantry_main","Organization":"Mom's Pantry","Location":"Mom's Pantry","Address":"13440 N. Cave Creek Rd. Phoenix AZ 85022","map_link":"https://www.google.com/maps/place/13440+N+Cave+Creek+Rd,+Phoenix,+AZ+85022/","Start_Date":"2026-05-02","End_Date":"2026-09-30","PrimaryPhone":"602-810-7521","HeatRelief":"Yes","HeatRelief_Type":"Hydration Station","Collection":"No","Collection_Type":null,"Hours":"Sa 10am-2pm, Su 10am-1pm","MondayOpen":null,"MondayClose":null,"TuesdayOpen":null,"TuesdayClose":null,"WednesdayOpen":null,"WednesdayClose":null,"ThursdayOpen":null,"ThursdayClose":null,"FridayOpen":null,"FridayClose":null,"SaturdayOpen":"10:00 AM","SaturdayClose":"2:00 PM","SundayOpen":"10:00 AM","SundayClose":"1:00 PM","MemorialDay":"Closed","Juneteenth":"Closed","IndependenceDay":"Closed","LaborDay":"Closed","Pets":null,"Wheelchair_access":null,"ADA_accessible":null,"Services":"Food, Hygiene items","Note":null,"image":"https://geo.azmag.gov/maps/images/heatrelief/Moms_Pantry_main.jpeg","Status":1,"Active":"Yes"}},{"type":"Feature","id":283,"geometry":{"type":"Point","coordinates":[-111.892945051,33.4651499870001]},"properties":{"OBJECTID":283,"globalid":"da322afd-05cc-4319-bb5f-e38c71a5e5d2","City":"Scottsdale","Year":2026,"LUT_Location":"NOAH_Cholla","Organization":"Neighborhood Outreach Access to Health","Location":"Cholla Health Center","Address":"8705 E. McDowell Rd. Scottsdale AZ 85257","map_link":"https://www.google.com/maps/place/8705+E+McDowell+Rd,+Scottsdale,+AZ+85257","Start_Date":"2026-05-01","End_Date":"2026-09-30","PrimaryPhone":"480-882-4545","HeatRelief":"Yes","HeatRelief_Type":"Hydration Station","Collection":"No","Collection_Type":null,"Hours":"Mo-Fr 7am-6pm","MondayOpen":"7:00 AM","MondayClose":"6:00 PM","TuesdayOpen":"7:00 AM","TuesdayClose":"6:00 PM","WednesdayOpen":"7:00 AM","WednesdayClose":"6:00 PM","ThursdayOpen":"7:00 AM","ThursdayClose":"6:00 PM","FridayOpen":"7:00 AM","FridayClose":"6:00 PM","SaturdayOpen":null,"SaturdayClose":null,"SundayOpen":null,"SundayClose":null,"MemorialDay":"Closed","Juneteenth":"Regular Hours","IndependenceDay":"Closed","LaborDay":"Closed","Pets":null,"Wheelchair_access":null,"ADA_accessible":null,"Services":null,"Note":null,"image":"https://geo.azmag.gov/maps/images/heatrelief/NOAH_Cholla.jpg","Status":1,"Active":"Yes"}},{"type":"Feature","id":284,"geometry":{"type":"Point","coordinates":[-112.167774578,33.593623091]},"properties":{"OBJECTID":284,"globalid":"bee3b1d3-0235-42ba-bc73-91a108df74aa","City":"Glendale","Year":2026,"LUT_Location":"NOAH_Copperwood","Organization":"Neighborhood Outreach Access to Health","Location":"Copperwood Health Center","Address":"11851 N. 51st Ave. Glendale AZ 85304 (Suite B110)","map_link":"https://www.google.com/maps/place/11851+N+51st+Ave,+Glendale,+AZ+85304","Start_Date":"2026-05-01","End_Date":"2026-09-30","PrimaryPhone":"480-882-4545","HeatRelief":"Yes","HeatRelief_Type":"Hydration Station","Collection":"No","Collection_Type":null,"Hours":"Mo-Fr 7am-5:30pm","MondayOpen":"7:00 AM","MondayClose":"5:30 PM","TuesdayOpen":"7:00 AM","TuesdayClose":"5:30 PM","WednesdayOpen":"7:00 AM","WednesdayClose":"5:30 PM","ThursdayOpen":"7:00 AM","ThursdayClose":"5:30 PM","FridayOpen":"7:00 AM","FridayClose":"5:30 PM","SaturdayOpen":null,"SaturdayClose":null,"SundayOpen":null,"SundayClose":null,"MemorialDay":"Closed","Juneteenth":"Regular Hours","IndependenceDay":"Closed","LaborDay":"Closed","Pets":null,"Wheelchair_access":null,"ADA_accessible":null,"Services":null,"Note":null,"image":"https://geo.azmag.gov/maps/images/heatrelief/NOAH_Copperwood.png","Status":1,"Active":"Yes"}},{"type":"Feature","id":285,"geometry":{"type":"Point","coordinates":[-112.069250253,33.5684855760001]},"properties":{"OBJECTID":285,"globalid":"0a80105f-99b8-4dfc-bf63-4d40acaa591f","City":"Phoenix","Year":2026,"LUT_Location":"NOAH_Desert_Mission","Organization":"Neighborhood Outreach Access to Health","Location":"Desert Mission Health Center","Address":"9015 N. 3rd St. Phoenix AZ 85020","map_link":"https://www.google.com/maps/place/9015+N+3rd+St,+Phoenix,+AZ+85020","Start_Date":"2026-05-01","End_Date":"2026-09-30","PrimaryPhone":"575-914-0732","HeatRelief":"Yes","HeatRelief_Type":"Hydration Station","Collection":"No","Collection_Type":null,"Hours":"Mo-Fr 7am-6pm","MondayOpen":"7:00 AM","MondayClose":"6:00 PM","TuesdayOpen":"7:00 AM","TuesdayClose":"6:00 PM","WednesdayOpen":"7:00 AM","WednesdayClose":"6:00 PM","ThursdayOpen":"7:00 AM","ThursdayClose":"6:00 PM","FridayOpen":"7:00 AM","FridayClose":"6:00 PM","SaturdayOpen":null,"SaturdayClose":null,"SundayOpen":null,"SundayClose":null,"MemorialDay":"Closed","Juneteenth":"Regular Hours","IndependenceDay":"Closed","LaborDay":"Closed","Pets":null,"Wheelchair_access":null,"ADA_accessible":null,"Services":null,"Note":null,"image":"https://geo.azmag.gov/maps/images/heatrelief/NOAH_Desert_Mission.jpg","Status":1,"Active":"Yes"}},{"type":"Feature","id":286,"geometry":{"type":"Point","coordinates":[-112.030368815,33.634774055]},"properties":{"OBJECTID":286,"globalid":"f37509c2-54d4-4d41-ac1c-75e2c6b1b506","City":"Phoenix","Year":2026,"LUT_Location":"NOAH_Palomino","Organization":"Neighborhood Outreach Access to Health","Location":"Palomino Health Center","Address":"16251 N. Cave Creek Rd. Phoenix AZ 85032","map_link":"https://www.google.com/maps/place/16251+N+Cave+Creek+Rd,+Phoenix,+AZ+85032","Start_Date":"2026-05-01","End_Date":"2026-09-30","PrimaryPhone":"480-882-4545","HeatRelief":"Yes","HeatRelief_Type":"Hydration Station","Collection":"No","Collection_Type":null,"Hours":"Mo-Fr 8am-5pm","MondayOpen":"8:00 AM","MondayClose":"5:00 PM","TuesdayOpen":"8:00 AM","TuesdayClose":"5:00 PM","WednesdayOpen":"8:00 AM","WednesdayClose":"5:00 PM","ThursdayOpen":"8:00 AM","ThursdayClose":"5:00 PM","FridayOpen":"8:00 AM","FridayClose":"5:00 PM","SaturdayOpen":null,"SaturdayClose":null,"SundayOpen":null,"SundayClose":null,"MemorialDay":"Closed","Juneteenth":"Regular Hours","IndependenceDay":"Closed","LaborDay":"Closed","Pets":null,"Wheelchair_access":null,"ADA_accessible":null,"Services":null,"Note":null,"image":"https://geo.azmag.gov/maps/images/heatrelief/NOAH_Palomino.jpg","Status":1,"Active":"Yes"}},{"type":"Feature","id":287,"geometry":{"type":"Point","coordinates":[-112.117741747,33.6731490830001]},"properties":{"OBJECTID":287,"globalid":"b3b5af47-149c-4d61-9576-f7116d94961c","City":"Phoenix","Year":2026,"LUT_Location":"NOAH_Venado_Valley","Organization":"Neighborhood Outreach Access to Health","Location":"Venado Valley Health Center","Address":"20440 N. 27th Ave. Phoenix AZ 85027","map_link":"https://www.google.com/maps/place/20440+N+27th+Ave,+Phoenix,+AZ+85027","Start_Date":"2026-05-01","End_Date":"2026-09-30","PrimaryPhone":"480-882-4545","HeatRelief":"Yes","HeatRelief_Type":"Hydration Station","Collection":"No","Collection_Type":null,"Hours":"Mo-Fr 7:30am-5pm","MondayOpen":"7:30 AM","MondayClose":"5:00 PM","TuesdayOpen":"7:30 AM","TuesdayClose":"5:00 PM","WednesdayOpen":"7:30 AM","WednesdayClose":"5:00 PM","ThursdayOpen":"7:30 AM","ThursdayClose":"5:00 PM","FridayOpen":"7:30 AM","FridayClose":"5:00 PM","SaturdayOpen":null,"SaturdayClose":null,"SundayOpen":null,"SundayClose":null,"MemorialDay":"Closed","Juneteenth":"Regular Hours","IndependenceDay":"Closed","LaborDay":"Closed","Pets":null,"Wheelchair_access":null,"ADA_accessible":null,"Services":null,"Note":null,"image":"https://geo.azmag.gov/maps/images/heatrelief/NOAH_Venado_Valley.jpg","Status":1,"Active":"Yes"}},{"type":"Feature","id":288,"geometry":{"type":"Point","coordinates":[-112.029659978,33.495660431]},"properties":{"OBJECTID":288,"globalid":"183a31f0-43fb-4253-bbb3-3e5b9c5739fb","City":"Phoenix","Year":2026,"LUT_Location":"NOAH_Midtown","Organization":"Neighborhood Outreach Access to Health","Location":"Midtown Health Center","Address":"4131 N. 24th St. Phoenix AZ 85016 (Suite B102)","map_link":"https://www.google.com/maps/place/4131+N+24th+St,+Phoenix,+AZ+85016","Start_Date":"2026-05-01","End_Date":"2026-09-30","PrimaryPhone":"480-882-4545","HeatRelief":"Yes","HeatRelief_Type":"Hydration Station","Collection":"No","Collection_Type":null,"Hours":"Mo-Fr 7:30am-5:30pm","MondayOpen":"7:30 AM","MondayClose":"5:30 PM","TuesdayOpen":"7:30 AM","TuesdayClose":"5:30 PM","WednesdayOpen":"7:30 AM","WednesdayClose":"5:30 PM","ThursdayOpen":"7:30 AM","ThursdayClose":"5:30 PM","FridayOpen":"7:30 AM","FridayClose":"5:30 PM","SaturdayOpen":null,"SaturdayClose":null,"SundayOpen":null,"SundayClose":null,"MemorialDay":"Closed","Juneteenth":"Regular Hours","IndependenceDay":"Closed","LaborDay":"Closed","Pets":null,"Wheelchair_access":null,"ADA_accessible":null,"Services":null,"Note":null,"image":"https://geo.azmag.gov/maps/images/heatrelief/NOAH_Midtown.png","Status":1,"Active":"Yes"}},{"type":"Feature","id":292,"geometry":{"type":"Point","coordinates":[-112.073122728,33.4625157020001]},"properties":{"OBJECTID":292,"globalid":"6d5780d2-b11a-499d-9026-c552e25d8aec","City":"Phoenix","Year":2026,"LUT_Location":"PH_Burton_Barr_Lib","Organization":"City of Phoenix","Location":"Burton Barr Central Library","Address":"1221 N. Central Ave. Phoenix AZ 85004","map_link":"https://www.google.com/maps/place/1221+N+Central+Ave,+Phoenix,+AZ+85004","Start_Date":"2026-05-01","End_Date":"2026-10-31","PrimaryPhone":"602-534-2026","HeatRelief":"Yes","HeatRelief_Type":"Cooling Center","Collection":"No","Collection_Type":null,"Hours":"Mo, Fr & Sa 9am-5pm; Tu-Th 9am-7pm; Su 12pm-5pm","MondayOpen":"9:00 AM","MondayClose":"5:00 PM","TuesdayOpen":"9:00 AM","TuesdayClose":"7:00 PM","WednesdayOpen":"9:00 AM","WednesdayClose":"7:00 PM","ThursdayOpen":"9:00 AM","ThursdayClose":"7:00 PM","FridayOpen":"9:00 AM","FridayClose":"5:00 PM","SaturdayOpen":"9:00 AM","SaturdayClose":"5:00 PM","SundayOpen":"12:00 PM","SundayClose":"5:00 PM","MemorialDay":"Closed","Juneteenth":"Closed","IndependenceDay":"Closed","LaborDay":"Closed","Pets":"No","Wheelchair_access":"Yes","ADA_accessible":"Yes","Services":null,"Note":null,"image":null,"Status":1,"Active":"Yes"}},{"type":"Feature","id":297,"geometry":{"type":"Point","coordinates":[-112.031300068,33.382128246]},"properties":{"OBJECTID":297,"globalid":"a827d20c-3070-4360-a4d7-53f9cfce94e1","City":"Phoenix","Year":2026,"LUT_Location":"PH_S_Mt_Comm_Lib","Organization":"City of Phoenix","Location":"South Mountain Community Library  ","Address":"7050 S. 24th St. Phoenix AZ 85042","map_link":"https://www.google.com/maps/place/7050+S+24th+St,+Phoenix,+AZ+85042","Start_Date":"2026-05-01","End_Date":"2026-10-31","PrimaryPhone":"602-534-2026","HeatRelief":"Yes","HeatRelief_Type":"Cooling Center","Collection":"No","Collection_Type":null,"Hours":"Mo-Th 9am-7pm; Fr-Sa 9am-5pm","MondayOpen":"9:00 AM","MondayClose":"7:00 PM","TuesdayOpen":"9:00 AM","TuesdayClose":"7:00 PM","WednesdayOpen":"9:00 AM","WednesdayClose":"7:00 PM","ThursdayOpen":"9:00 AM","ThursdayClose":"7:00 PM","FridayOpen":"9:00 AM","FridayClose":"5:00 PM","SaturdayOpen":"9:00 AM","SaturdayClose":"5:00 PM","SundayOpen":null,"SundayClose":null,"MemorialDay":"Closed","Juneteenth":"Closed","IndependenceDay":"Closed","LaborDay":"Closed","Pets":"No","Wheelchair_access":"Yes","ADA_accessible":"Yes","Services":null,"Note":null,"image":null,"Status":1,"Active":"Yes"}},{"type":"Feature","id":335,"geometry":{"type":"Point","coordinates":[-112.584084765,33.369050106]},"properties":{"OBJECTID":335,"globalid":"4e8959fe-f245-4fa6-91af-c9665772f3f3","City":"Buckeye","Year":2026,"LUT_Location":"BU_Fmly_Rsrc_Cntr","Organization":"City of Buckeye","Location":"Buckeye Family Resource Center","Address":"210 S. 6th St. Buckeye AZ 85326 (Building 700)","map_link":"https://www.google.com/maps/place/210+S+6th+St,+Buckeye,+AZ+85326","Start_Date":"2026-05-01","End_Date":"2026-09-30","PrimaryPhone":"623-349-6600","HeatRelief":"Yes","HeatRelief_Type":"Hydration Station","Collection":"Yes","Collection_Type":"Water and General Collection","Hours":"Mo-Fr 8am-5pm","MondayOpen":"8:00 AM","MondayClose":"5:00 PM","TuesdayOpen":"8:00 AM","TuesdayClose":"5:00 PM","WednesdayOpen":"8:00 AM","WednesdayClose":"5:00 PM","ThursdayOpen":"8:00 AM","ThursdayClose":"5:00 PM","FridayOpen":"8:00 AM","FridayClose":"5:00 PM","SaturdayOpen":null,"SaturdayClose":null,"SundayOpen":null,"SundayClose":null,"MemorialDay":"Closed","Juneteenth":"Closed","IndependenceDay":"Closed","LaborDay":"Closed","Pets":null,"Wheelchair_access":null,"ADA_accessible":null,"Services":null,"Note":"Closed on Fridays May 25 - July 23","image":null,"Status":1,"Active":"Yes"}},{"type":"Feature","id":343,"geometry":{"type":"Point","coordinates":[-112.005146654,33.3787516520001]},"properties":{"OBJECTID":343,"globalid":"f75faa0d-e02c-4f4a-9274-5cc5407df7de","City":"Phoenix","Year":2026,"LUT_Location":"Trrs_Hlth_SM","Organization":"Terros Health","Location":"South Mountain Clinic","Address":"3540 E. Baseline Rd. Phoenix AZ 85042","map_link":"https://www.google.com/maps/place/3540+E+Baseline+Rd,+Phoenix,+AZ+85042","Start_Date":"2026-05-01","End_Date":"2026-10-31","PrimaryPhone":"602-685-6000","HeatRelief":"Yes","HeatRelief_Type":"Hydration Station","Collection":"No","Collection_Type":null,"Hours":"Mo-Fr 8am-4pm","MondayOpen":"8:00 AM","MondayClose":"4:00 PM","TuesdayOpen":"8:00 AM","TuesdayClose":"4:00 PM","WednesdayOpen":"8:00 AM","WednesdayClose":"4:00 PM","ThursdayOpen":"8:00 AM","ThursdayClose":"4:00 PM","FridayOpen":"8:00 AM","FridayClose":"4:00 PM","SaturdayOpen":null,"SaturdayClose":null,"SundayOpen":null,"SundayClose":null,"MemorialDay":"Closed","Juneteenth":"Regular Hours","IndependenceDay":"Closed","LaborDay":"Closed","Pets":null,"Wheelchair_access":null,"ADA_accessible":null,"Services":"Health services ","Note":null,"image":null,"Status":1,"Active":"Yes"}},{"type":"Feature","id":344,"geometry":{"type":"Point","coordinates":[-111.985350275,33.4724555880001]},"properties":{"OBJECTID":344,"globalid":"3fa7fd52-fce0-4038-a045-b4687f00b695","City":"Phoenix","Year":2026,"LUT_Location":"Trrs_Hlth_Oak","Organization":"Terros Health","Location":"Oak Clinic","Address":"4451 E. Oak Street Phoenix AZ 85008","map_link":"https://www.google.com/maps/place/4451+E+Oak+St,+Phoenix,+AZ+85008","Start_Date":"2026-05-01","End_Date":"2026-10-31","PrimaryPhone":"602-685-6000","HeatRelief":"Yes","HeatRelief_Type":"Hydration Station","Collection":"No","Collection_Type":null,"Hours":"Mo-Fr 8am-4:30pm","MondayOpen":"8:00 AM","MondayClose":"4:30 PM","TuesdayOpen":"8:00 AM","TuesdayClose":"4:30 PM","WednesdayOpen":"8:00 AM","WednesdayClose":"4:30 PM","ThursdayOpen":"8:00 AM","ThursdayClose":"4:30 PM","FridayOpen":"8:00 AM","FridayClose":"4:30 PM","SaturdayOpen":null,"SaturdayClose":null,"SundayOpen":null,"SundayClose":null,"MemorialDay":"Closed","Juneteenth":"Regular Hours","IndependenceDay":"Closed","LaborDay":"Closed","Pets":null,"Wheelchair_access":null,"ADA_accessible":null,"Services":"Homeless services ","Note":null,"image":null,"Status":1,"Active":"Yes"}},{"type":"Feature","id":353,"geometry":{"type":"Point","coordinates":[-112.108812179,33.5857256420001]},"properties":{"OBJECTID":353,"globalid":"2677144a-9dd6-4a36-a49c-1d106d60d583","City":"Phoenix","Year":2026,"LUT_Location":"Trrs_Hlth_DsrtCv","Organization":"Terros Health","Location":"Desert Cove Clinic (IHH)","Address":"10844 N. 23rd Ave. Phoenix AZ 85008","map_link":"https://www.google.com/maps/place/10844+N+23rd+Ave,+Phoenix,+AZ+85029","Start_Date":"2026-05-01","End_Date":"2026-10-31","PrimaryPhone":"602-685-6000","HeatRelief":"Yes","HeatRelief_Type":"Hydration Station","Collection":"No","Collection_Type":null,"Hours":"Mo-Fr 8am-4:30pm","MondayOpen":"8:00 AM","MondayClose":"4:30 PM","TuesdayOpen":"8:00 AM","TuesdayClose":"4:30 PM","WednesdayOpen":"8:00 AM","WednesdayClose":"4:30 PM","ThursdayOpen":"8:00 AM","ThursdayClose":"4:30 PM","FridayOpen":"8:00 AM","FridayClose":"4:30 PM","SaturdayOpen":null,"SaturdayClose":null,"SundayOpen":null,"SundayClose":null,"MemorialDay":"Closed","Juneteenth":"Closed","IndependenceDay":"Closed","LaborDay":"Closed","Pets":null,"Wheelchair_access":null,"ADA_accessible":null,"Services":"Health services ","Note":null,"image":null,"Status":1,"Active":"Yes"}},{"type":"Feature","id":354,"geometry":{"type":"Point","coordinates":[-111.825304618,33.422411052]},"properties":{"OBJECTID":354,"globalid":"cf1c2430-3014-4912-bc47-3af30f6fff39","City":"Mesa","Year":2026,"LUT_Location":"Trrs_Hlth_Unvrsty","Organization":"Terros Health","Location":"University Clinic ","Address":"262 E. University Dr. Mesa AZ 85201","map_link":"https://www.google.com/maps/place/262+E+University+Dr,+Mesa,+AZ+85201","Start_Date":"2026-05-01","End_Date":"2026-10-31","PrimaryPhone":"602-685-6000","HeatRelief":"Yes","HeatRelief_Type":"Hydration Station","Collection":"No","Collection_Type":null,"Hours":"Mo-Fr 8am-4:30pm","MondayOpen":"8:00 AM","MondayClose":"4:30 PM","TuesdayOpen":"8:00 AM","TuesdayClose":"4:30 PM","WednesdayOpen":"8:00 AM","WednesdayClose":"4:30 PM","ThursdayOpen":"8:00 AM","ThursdayClose":"4:30 PM","FridayOpen":"8:00 AM","FridayClose":"4:30 PM","SaturdayOpen":null,"SaturdayClose":null,"SundayOpen":null,"SundayClose":null,"MemorialDay":"Closed","Juneteenth":"Closed","IndependenceDay":"Closed","LaborDay":"Closed","Pets":null,"Wheelchair_access":null,"ADA_accessible":null,"Services":null,"Note":null,"image":null,"Status":1,"Active":"Yes"}},{"type":"Feature","id":355,"geometry":{"type":"Point","coordinates":[-112.071769147,33.488829277]},"properties":{"OBJECTID":355,"globalid":"e455a766-75fe-4afa-aa0d-cb2d33631f37","City":"Phoenix","Year":2026,"LUT_Location":"Trrs_Hlth_Mtchll","Organization":"Terros Health","Location":"Mitchell Clinic","Address":"40 E. Mitchell Dr. Phoenix AZ 85012","map_link":"https://www.google.com/maps/place/40+E+Mitchell+Dr,+Phoenix,+AZ+85012","Start_Date":"2026-05-01","End_Date":"2026-10-31","PrimaryPhone":"602-685-6000","HeatRelief":"Yes","HeatRelief_Type":"Cooling Center","Collection":"No","Collection_Type":null,"Hours":"Mo-Fr 8am-4pm","MondayOpen":"8:00 AM","MondayClose":"4:00 PM","TuesdayOpen":"8:00 AM","TuesdayClose":"4:00 PM","WednesdayOpen":"8:00 AM","WednesdayClose":"4:00 PM","ThursdayOpen":"8:00 AM","ThursdayClose":"4:00 PM","FridayOpen":"8:00 AM","FridayClose":"4:00 PM","SaturdayOpen":null,"SaturdayClose":null,"SundayOpen":null,"SundayClose":null,"MemorialDay":"Closed","Juneteenth":"Closed","IndependenceDay":"Closed","LaborDay":"Closed","Pets":"Yes","Wheelchair_access":"Yes","ADA_accessible":"Yes","Services":"Health services","Note":null,"image":null,"Status":1,"Active":"Yes"}},{"type":"Feature","id":363,"geometry":{"type":"Point","coordinates":[-112.348529339,33.445961649]},"properties":{"OBJECTID":363,"globalid":"7b767f0a-caf1-479c-adea-b44a52da3a76","City":"Avondale","Year":2026,"LUT_Location":"AVBC_main","Organization":"Avondale Baptist Church","Location":"Avondale Baptist Church","Address":"1001 N. Central Ave. Avondale AZ 85323","map_link":"https://www.google.com/maps/place/1001+N+Central+Ave,+Avondale,+AZ+85323/","Start_Date":"2026-05-01","End_Date":"2026-09-30","PrimaryPhone":"623-932-2723","HeatRelief":"Yes","HeatRelief_Type":"Cooling Center","Collection":"No","Collection_Type":null,"Hours":"Mo-Th 8am-4pm","MondayOpen":"8:00 AM","MondayClose":"4:00 PM","TuesdayOpen":"8:00 AM","TuesdayClose":"4:00 PM","WednesdayOpen":"8:00 AM","WednesdayClose":"4:00 PM","ThursdayOpen":"8:00 AM","ThursdayClose":"4:00 PM","FridayOpen":null,"FridayClose":null,"SaturdayOpen":null,"SaturdayClose":null,"SundayOpen":null,"SundayClose":null,"MemorialDay":"Closed","Juneteenth":"Regular Hours","IndependenceDay":"Closed","LaborDay":"Closed","Pets":null,"Wheelchair_access":"Yes","ADA_accessible":null,"Services":null,"Note":null,"image":null,"Status":1,"Active":"Yes"}},{"type":"Feature","id":384,"geometry":{"type":"Point","coordinates":[-112.070683014,33.485493607]},"properties":{"OBJECTID":384,"globalid":"7c371ba0-21da-4e20-9ff9-f949a96b256f","City":"Phoenix","Year":2026,"LUT_Location":"SpecMCC_main","Organization":"Spectrum Medical Care Center ","Location":"Spectrum Medical Care Center ","Address":"200 E. Monterey Way Phoenix AZ 85012","map_link":"https://www.google.com/maps/place/200+E+Monterey+Way,+Phoenix,+AZ+85012","Start_Date":"2026-05-01","End_Date":"2026-09-30","PrimaryPhone":"480-652-2281","HeatRelief":"Yes","HeatRelief_Type":"Hydration Station","Collection":"Yes","Collection_Type":"Water Collection Only","Hours":"Mo-Tu & Th 8am-3:30pm, We 9:30am-5:30pm, Fr 7:30am-1:30pm","MondayOpen":"8:00 AM","MondayClose":"3:30 PM","TuesdayOpen":"8:00 AM","TuesdayClose":"3:30 PM","WednesdayOpen":"9:30 AM","WednesdayClose":"5:30 PM","ThursdayOpen":"8:00 AM","ThursdayClose":"3:30 PM","FridayOpen":"7:30 AM","FridayClose":"1:30 PM","SaturdayOpen":null,"SaturdayClose":null,"SundayOpen":null,"SundayClose":null,"MemorialDay":"Closed","Juneteenth":"Closed","IndependenceDay":"Closed","LaborDay":"Closed","Pets":null,"Wheelchair_access":null,"ADA_accessible":null,"Services":"Hygiene items ","Note":null,"image":null,"Status":1,"Active":"Yes"}},{"type":"Feature","id":386,"geometry":{"type":"Point","coordinates":[-111.925965692,33.4004742860001]},"properties":{"OBJECTID":386,"globalid":"9b78aab7-0aa6-444b-b19b-78a660cec0d8","City":"Tempe","Year":2026,"LUT_Location":"Slvtn_Army_TE_Crps","Organization":"The Salvation Army","Location":"Tempe Corps","Address":"2621 S. Rural Rd Tempe AZ 85282","map_link":"https://www.google.com/maps/place/2621+S+Rural+Rd,+Tempe,+AZ+85282","Start_Date":"2026-05-01","End_Date":"2026-09-30","PrimaryPhone":"602-267-4193","HeatRelief":"No","HeatRelief_Type":null,"Collection":"Yes","Collection_Type":"Water and General Collection","Hours":"Mo-Fr 8:30am-4pm (closed 1pm-2pm Mo-We & 12pm-2pm Th-Fr)","MondayOpen":"8:30 AM","MondayClose":"4:00 PM","TuesdayOpen":"8:30 AM","TuesdayClose":"4:00 PM","WednesdayOpen":"8:30 AM","WednesdayClose":"4:00 PM","ThursdayOpen":"8:30 AM","ThursdayClose":"4:00 PM","FridayOpen":"8:30 AM","FridayClose":"4:00 PM","SaturdayOpen":null,"SaturdayClose":null,"SundayOpen":null,"SundayClose":null,"MemorialDay":"Closed","Juneteenth":"Closed","IndependenceDay":"Closed","LaborDay":"Closed","Pets":null,"Wheelchair_access":null,"ADA_accessible":null,"Services":null,"Note":null,"image":null,"Status":1,"Active":"Yes"}},{"type":"Feature","id":388,"geometry":{"type":"Point","coordinates":[-112.132274896,33.4881142400001]},"properties":{"OBJECTID":388,"globalid":"16ab56ae-7355-4a46-9609-2ae1bc30688d","City":"Phoenix","Year":2026,"LUT_Location":"BSK_main","Organization":"The Burnidge Soup Kitchen","Location":"Victory Community Church ","Address":"3402 W. Osborn Rd. Phoenix AZ 85017","map_link":"https://www.google.com/maps/place/3402+W+Osborn+Rd,+Phoenix,+AZ+85017","Start_Date":"2026-05-01","End_Date":"2026-10-31","PrimaryPhone":"602-842-2236","HeatRelief":"Yes","HeatRelief_Type":"Hydration Station","Collection":"Yes","Collection_Type":"Water and General Collection","Hours":"Mo-Fr 9am-10am","MondayOpen":"9:00 AM","MondayClose":"10:00 AM","TuesdayOpen":"9:00 AM","TuesdayClose":"10:00 AM","WednesdayOpen":"9:00 AM","WednesdayClose":"10:00 AM","ThursdayOpen":"9:00 AM","ThursdayClose":"10:00 AM","FridayOpen":"9:00 AM","FridayClose":"10:00 AM","SaturdayOpen":null,"SaturdayClose":null,"SundayOpen":null,"SundayClose":null,"MemorialDay":"Closed","Juneteenth":"Regular Hours","IndependenceDay":"Closed","LaborDay":"Closed","Pets":null,"Wheelchair_access":null,"ADA_accessible":null,"Services":null,"Note":null,"image":null,"Status":1,"Active":"Yes"}},{"type":"Feature","id":389,"geometry":{"type":"Point","coordinates":[-112.59017944,33.363654336]},"properties":{"OBJECTID":389,"globalid":"e7ee44e8-f175-46a2-ae5d-110c1ef4e615","City":"Buckeye","Year":2026,"LUT_Location":"BU_Human_Svcs","Organization":"City of Buckeye","Location":"Human Services City of Buckeye","Address":"110 E. Irwin Ave. Buckeye AZ 85326","map_link":"https://www.google.com/maps/place/110+E+Irwin+Ave,+Buckeye,+AZ+85326","Start_Date":"2026-05-01","End_Date":"2026-09-30","PrimaryPhone":"623-349-6619","HeatRelief":"Yes","HeatRelief_Type":"Hydration Station","Collection":"Yes","Collection_Type":"Water and General Collection","Hours":"Mo-Fr 8am-5pm","MondayOpen":"8:00 AM","MondayClose":"5:00 PM","TuesdayOpen":"8:00 AM","TuesdayClose":"5:00 PM","WednesdayOpen":"8:00 AM","WednesdayClose":"5:00 PM","ThursdayOpen":"8:00 AM","ThursdayClose":"5:00 PM","FridayOpen":"8:00 AM","FridayClose":"5:00 PM","SaturdayOpen":null,"SaturdayClose":null,"SundayOpen":null,"SundayClose":null,"MemorialDay":"Closed","Juneteenth":"Closed","IndependenceDay":"Closed","LaborDay":"Closed","Pets":null,"Wheelchair_access":null,"ADA_accessible":null,"Services":"Homeless services, Hygiene items, Utility Assistance","Note":null,"image":null,"Status":1,"Active":"Yes"}},{"type":"Feature","id":391,"geometry":{"type":"Point","coordinates":[-112.069877159,33.48263805]},"properties":{"OBJECTID":391,"globalid":"add89fbc-7214-4503-8e39-538ed1521b0f","City":"Phoenix","Year":2026,"LUT_Location":"YHC_main","Organization":"Yideeską́ądi Hózhǫǫ́jí Center (YHC)","Location":"Yideeską́ądi Hózhǫǫ́jí Center (YHC)","Address":"3008 N. 3rd. St. Phoenix AZ 85012","map_link":"https://www.google.com/maps/place/3008+N+3rd+St,+Phoenix,+AZ+85012","Start_Date":"2026-05-01","End_Date":"2026-09-30","PrimaryPhone":"480-566-1252","HeatRelief":"Yes","HeatRelief_Type":"Hydration Station","Collection":"No","Collection_Type":null,"Hours":"Mo-Su 9am-5pm","MondayOpen":"9:00 AM","MondayClose":"5:00 PM","TuesdayOpen":"9:00 AM","TuesdayClose":"5:00 PM","WednesdayOpen":"9:00 AM","WednesdayClose":"5:00 PM","ThursdayOpen":"9:00 AM","ThursdayClose":"5:00 PM","FridayOpen":"9:00 AM","FridayClose":"5:00 PM","SaturdayOpen":"9:00 AM","SaturdayClose":"5:00 PM","SundayOpen":"9:00 AM","SundayClose":"5:00 PM","MemorialDay":"Regular Hours","Juneteenth":"Regular Hours","IndependenceDay":"Regular Hours","LaborDay":"Regular Hours","Pets":null,"Wheelchair_access":null,"ADA_accessible":null,"Services":null,"Note":null,"image":null,"Status":1,"Active":"Yes"}},{"type":"Feature","id":392,"geometry":{"type":"Point","coordinates":[-112.584794905,33.3685437190001]},"properties":{"OBJECTID":392,"globalid":"ea07fc84-c9c5-406f-977c-a73371ba3286","City":"Buckeye","Year":2026,"LUT_Location":"AFCS_Buckeye","Organization":"All Faith Community Services","Location":"All Faith Community Services- Buckeye","Address":"214 S. 5th. St. Buckeye AZ 85326","map_link":"https://www.google.com/maps/place/214+S+5th+St,+Buckeye,+AZ+85326","Start_Date":"2026-05-01","End_Date":"2026-09-30","PrimaryPhone":"623-386-3513","HeatRelief":"Yes","HeatRelief_Type":"Hydration Station","Collection":"Yes","Collection_Type":"Water and General Collection","Hours":"Mo-Fr 8:30am-12:30pm","MondayOpen":"8:30 AM","MondayClose":"12:30 PM","TuesdayOpen":"8:30 AM","TuesdayClose":"12:30 PM","WednesdayOpen":"8:30 AM","WednesdayClose":"12:30 PM","ThursdayOpen":"8:30 AM","ThursdayClose":"12:30 PM","FridayOpen":"8:30 AM","FridayClose":"12:30 PM","SaturdayOpen":null,"SaturdayClose":null,"SundayOpen":null,"SundayClose":null,"MemorialDay":"Closed","Juneteenth":"Closed","IndependenceDay":"Closed","LaborDay":"Closed","Pets":null,"Wheelchair_access":null,"ADA_accessible":null,"Services":"Food, Clothing, Hygiene items, Showers ","Note":null,"image":null,"Status":1,"Active":"Yes"}},{"type":"Feature","id":394,"geometry":{"type":"Point","coordinates":[-112.029584009,33.460652988]},"properties":{"OBJECTID":394,"globalid":"3a22f53c-542d-4182-8519-5887fbec4252","City":"Phoenix","Year":2026,"LUT_Location":"Social_Spin_main","Organization":"Social Spin Foundation ","Location":"Social Spin - Phoenix","Address":"2418 E. Portland St. Phoenix AZ 85008","map_link":"https://www.google.com/maps/place/2418+E+Portland+St,+Phoenix,+AZ+85008","Start_Date":"2026-05-01","End_Date":"2026-09-30","PrimaryPhone":"602-834-0921","HeatRelief":"Yes","HeatRelief_Type":"Cooling Center","Collection":"Yes","Collection_Type":"Water and General Collection","Hours":"We 8am-12pm, Th 10am-12pm, Sa 8am-6pm, Su 12-6pm","MondayOpen":null,"MondayClose":null,"TuesdayOpen":null,"TuesdayClose":null,"WednesdayOpen":"8:00 AM","WednesdayClose":"12:00 PM","ThursdayOpen":"10:00 AM","ThursdayClose":"12:00 PM","FridayOpen":null,"FridayClose":null,"SaturdayOpen":"8:00 AM","SaturdayClose":"6:00 PM","SundayOpen":"12:00 PM","SundayClose":"6:00 PM","MemorialDay":"Closed","Juneteenth":"Closed","IndependenceDay":"8am-4pm","LaborDay":"Closed","Pets":"Yes","Wheelchair_access":"Yes","ADA_accessible":"No","Services":"Food, Clothing, Hygiene items, Showers ","Note":null,"image":"https://geo.azmag.gov/maps/images/heatrelief/Scl_Spn_Fndtn_Phx.jpg","Status":1,"Active":"Yes"}},{"type":"Feature","id":395,"geometry":{"type":"Point","coordinates":[-111.803555287,33.392711611]},"properties":{"OBJECTID":395,"globalid":"5991f4af-7fe3-49bb-a9dd-42733cbd70e2","City":"Mesa","Year":2026,"LUT_Location":"Social_Spin_Mesa","Organization":"Social Spin Foundation ","Location":"Social Spin - Mesa","Address":"1255 E. Southern Ave. Mesa AZ 85204 (Ste 1)","map_link":"https://www.google.com/maps/place/1255+E+Southern+Ave+%231,+Mesa,+AZ+85204","Start_Date":"2026-05-01","End_Date":"2026-09-30","PrimaryPhone":"602-834-0921","HeatRelief":"No","HeatRelief_Type":null,"Collection":"Yes","Collection_Type":"Water and General Collection","Hours":"Mo-Fr 7am-6:30pm Sa-Su 1pm-6:30pm","MondayOpen":"7:00 AM","MondayClose":"6:30 PM","TuesdayOpen":"7:00 AM","TuesdayClose":"6:30 PM","WednesdayOpen":"7:00 AM","WednesdayClose":"6:30 PM","ThursdayOpen":"7:00 AM","ThursdayClose":"6:30 PM","FridayOpen":"7:00 AM","FridayClose":"6:30 PM","SaturdayOpen":"1:00 PM","SaturdayClose":"6:30 PM","SundayOpen":"1:00 PM","SundayClose":"6:30 PM","MemorialDay":"Closed","Juneteenth":"Regular Hours","IndependenceDay":"Regular Hours","LaborDay":"Regular Hours","Pets":null,"Wheelchair_access":null,"ADA_accessible":null,"Services":null,"Note":null,"image":null,"Status":1,"Active":"Yes"}},{"type":"Feature","id":396,"geometry":{"type":"Point","coordinates":[-111.84344,33.2980400000001]},"properties":{"OBJECTID":396,"globalid":"4cd4da59-beef-4eef-b3df-a4e44367b267","City":"Chandler","Year":2025,"LUT_Location":"AZCEND_main","Organization":"AZCEND","Location":"AZCEND","Address":"345 S. California St. Chandler AZ 85225","map_link":"https://www.google.com/maps/place/345+S+California+St,+Chandler,+AZ+85225","Start_Date":"2026-05-01","End_Date":"2026-10-31","PrimaryPhone":"480-963-1423","HeatRelief":"Yes","HeatRelief_Type":"Respite Center","Collection":"Yes","Collection_Type":"Water and General Collection","Hours":"Su-Fr 9am-7pm","MondayOpen":"9:00 AM","MondayClose":"7:00 PM","TuesdayOpen":"9:00 AM","TuesdayClose":"7:00 PM","WednesdayOpen":"9:00 AM","WednesdayClose":"7:00 PM","ThursdayOpen":"9:00 AM","ThursdayClose":"7:00 PM","FridayOpen":"9:00 AM","FridayClose":"7:00 PM","SaturdayOpen":null,"SaturdayClose":null,"SundayOpen":"9:00 AM","SundayClose":"7:00 PM","MemorialDay":"Regular Hours","Juneteenth":"Regular Hours","IndependenceDay":"Regular Hours","LaborDay":"Regular Hours","Pets":"Yes","Wheelchair_access":"Yes","ADA_accessible":"Yes","Services":"Homeless services, Food, Clothing, Hygiene items, Showers, Laundry, Utility Assistance","Note":null,"image":"https://geo.azmag.gov/maps/images/heatrelief/AZCEND_main.jpg","Status":2,"Active":"Yes"}},{"type":"Feature","id":398,"geometry":{"type":"Point","coordinates":[-112.05441259,33.459399031]},"properties":{"OBJECTID":398,"globalid":"6134fd9d-93ad-4424-8c34-b032ae7429ad","City":"Phoenix","Year":2024,"LUT_Location":"RCA_DSRC","Organization":"Recovering Community Advocates","Location":"Diamond Street Resource Center ","Address":"1245 E Diamond St Phoenix AZ 85006","map_link":"https://www.google.com/maps/place/1245+E+Diamond+St,+Phoenix,+AZ+85006","Start_Date":"2026-05-01","End_Date":"2026-09-30","PrimaryPhone":"520-300-0618","HeatRelief":"Yes","HeatRelief_Type":"Cooling Center","Collection":"Yes","Collection_Type":"Water and General Collection","Hours":"Mo-Fr 1pm-5pm","MondayOpen":"1:00 PM","MondayClose":"5:00 PM","TuesdayOpen":"1:00 PM","TuesdayClose":"5:00 PM","WednesdayOpen":"1:00 PM","WednesdayClose":"5:00 PM","ThursdayOpen":"1:00 PM","ThursdayClose":"5:00 PM","FridayOpen":"1:00 PM","FridayClose":"5:00 PM","SaturdayOpen":null,"SaturdayClose":null,"SundayOpen":null,"SundayClose":null,"MemorialDay":"Closed","Juneteenth":"Regular Hours","IndependenceDay":"Closed","LaborDay":"Closed","Pets":"Yes","Wheelchair_access":"Yes","ADA_accessible":"No","Services":"Homeless services, Food, Hygiene items","Note":null,"image":"https://geo.azmag.gov/maps/images/heatrelief/ALT_Mental_Health_DRC.jpeg","Status":1,"Active":"Yes"}},{"type":"Feature","id":400,"geometry":{"type":"Point","coordinates":[-112.057816306,33.4467520210001]},"properties":{"OBJECTID":400,"globalid":"e96f3870-d39b-4f57-a14b-4019d7f3919d","City":"Phoenix","Year":2026,"LUT_Location":"FIBCO_HJCC","Organization":"FIBCO Family Services","Location":"FIBCO Family Services","Address":"1141 E. Jefferson St. Phoenix AZ 85034","map_link":"https://www.google.com/maps/place/1141+E+Jefferson+St,+Phoenix,+AZ+85034","Start_Date":"2026-05-01","End_Date":"2026-09-30","PrimaryPhone":"602-509-5869","HeatRelief":"Yes","HeatRelief_Type":"Hydration Station","Collection":"No","Collection_Type":null,"Hours":"Tu,We & Fr 9am-2pm","MondayOpen":null,"MondayClose":null,"TuesdayOpen":"9:00 AM","TuesdayClose":"2:00 PM","WednesdayOpen":"9:00 AM","WednesdayClose":"2:00 PM","ThursdayOpen":null,"ThursdayClose":null,"FridayOpen":"9:00 AM","FridayClose":"2:00 PM","SaturdayOpen":null,"SaturdayClose":null,"SundayOpen":null,"SundayClose":null,"MemorialDay":"Closed","Juneteenth":"Closed","IndependenceDay":"Closed","LaborDay":"Closed","Pets":null,"Wheelchair_access":null,"ADA_accessible":null,"Services":"Food, Clothing, Hygiene items ","Note":null,"image":"https://geo.azmag.gov/maps/images/heatrelief/FIBCO_HJCC.jpg","Status":1,"Active":"Yes"}},{"type":"Feature","id":429,"geometry":{"type":"Point","coordinates":[-112.1896,33.57966]},"properties":{"OBJECTID":429,"globalid":"6ec82719-83d9-4609-ae17-9a73faa7e90b","City":"Glendale","Year":2026,"LUT_Location":"GL_Adult_Cntr","Organization":"City of Glendale","Location":"Glendale Adult Center","Address":"5970 W. Brown St. Glendale AZ 85302","map_link":"https://www.google.com/maps/place/5970+W+Brown+St,+Glendale,+AZ+85302","Start_Date":"2026-05-01","End_Date":"2026-10-31","PrimaryPhone":"623-930-4321","HeatRelief":"Yes","HeatRelief_Type":"Cooling Center","Collection":"No","Collection_Type":null,"Hours":"Mo-Fr 8am-5pm","MondayOpen":"8:00 AM","MondayClose":"5:00 PM","TuesdayOpen":"8:00 AM","TuesdayClose":"5:00 PM","WednesdayOpen":"8:00 AM","WednesdayClose":"5:00 PM","ThursdayOpen":"8:00 AM","ThursdayClose":"5:00 PM","FridayOpen":"8:00 AM","FridayClose":"5:00 PM","SaturdayOpen":null,"SaturdayClose":null,"SundayOpen":null,"SundayClose":null,"MemorialDay":"Closed","Juneteenth":"Regular Hours","IndependenceDay":"Closed","LaborDay":"Closed","Pets":null,"Wheelchair_access":"Yes","ADA_accessible":"Yes","Services":null,"Note":null,"image":null,"Status":1,"Active":"Yes"}},{"type":"Feature","id":430,"geometry":{"type":"Point","coordinates":[-112.17808,33.6549200000001]},"properties":{"OBJECTID":430,"globalid":"760b82e9-c98a-420b-b471-b797255640d5","City":"Glendale","Year":2026,"LUT_Location":"Foothills_Rec_Cntr","Organization":"City of Glendale","Location":"Foothills Recreation & Aquatics Center","Address":"5600 W. Union Hills Rd. Glendale AZ 85308","map_link":"https://www.google.com/maps/place/5600+W+Union+Hills+Dr,+Glendale,+AZ+85308","Start_Date":"2026-05-01","End_Date":"2026-10-31","PrimaryPhone":"623-930-4600","HeatRelief":"Yes","HeatRelief_Type":"Cooling Center","Collection":"No","Collection_Type":null,"Hours":"Mo-Fr 5:30am-7:30pm, Sa 7am-5pm","MondayOpen":"5:30 AM","MondayClose":"7:30 PM","TuesdayOpen":"5:30 AM","TuesdayClose":"7:30 PM","WednesdayOpen":"5:30 AM","WednesdayClose":"7:30 PM","ThursdayOpen":"5:30 AM","ThursdayClose":"7:30 PM","FridayOpen":"5:30 AM","FridayClose":"7:30 PM","SaturdayOpen":"7:00 AM","SaturdayClose":"5:00 PM","SundayOpen":null,"SundayClose":null,"MemorialDay":"Closed","Juneteenth":"Regular Hours","IndependenceDay":"Closed","LaborDay":"Closed","Pets":null,"Wheelchair_access":"Yes","ADA_accessible":"Yes","Services":null,"Note":null,"image":null,"Status":1,"Active":"Yes"}},{"type":"Feature","id":431,"geometry":{"type":"Point","coordinates":[-112.187240629,33.577432666]},"properties":{"OBJECTID":431,"globalid":"d5a8a485-bdf5-4023-924d-c0d2c95dbe0b","City":"Glendale","Year":2026,"LUT_Location":"GL_Main_Lib","Organization":"City of Glendale","Location":"Glendale Main Library","Address":"5959 W. Brown St. Glendale AZ 85302","map_link":"https://www.google.com/maps/place/5959+W+Brown+St,+Glendale,+AZ+85302","Start_Date":"2026-05-01","End_Date":"2026-10-31","PrimaryPhone":"623-930-3600","HeatRelief":"Yes","HeatRelief_Type":"Cooling Center","Collection":"No","Collection_Type":null,"Hours":"Mo & Th 10am-8pm, Tu & We 10am-4pm, Fr 10am-6pm, Sa 10am-5pm, Su 1pm-5pm","MondayOpen":"10:00 AM","MondayClose":"8:00 PM","TuesdayOpen":"10:00 AM","TuesdayClose":"4:00 PM","WednesdayOpen":"10:00 AM","WednesdayClose":"4:00 PM","ThursdayOpen":"10:00 AM","ThursdayClose":"8:00 PM","FridayOpen":"10:00 AM","FridayClose":"6:00 PM","SaturdayOpen":"10:00 AM","SaturdayClose":"5:00 PM","SundayOpen":"1:00 PM","SundayClose":"5:00 PM","MemorialDay":"Closed","Juneteenth":"Regular Hours","IndependenceDay":"Closed","LaborDay":"Closed","Pets":null,"Wheelchair_access":"Yes","ADA_accessible":"Yes","Services":null,"Note":null,"image":null,"Status":1,"Active":"Yes"}},{"type":"Feature","id":432,"geometry":{"type":"Point","coordinates":[-112.179980816,33.659369451]},"properties":{"OBJECTID":432,"globalid":"422fca2d-7667-439a-b4bd-db5516695081","City":"Glendale","Year":2026,"LUT_Location":"GL_Foothills_Lib","Organization":"City of Glendale","Location":"Foothills Library","Address":"19055 N. 57th Ave. Glendale AZ 85308","map_link":"https://www.google.com/maps/place/19055+N+57th+Ave,+Glendale,+AZ+85308","Start_Date":"2026-05-01","End_Date":"2026-10-31","PrimaryPhone":"623-930-3600","HeatRelief":"Yes","HeatRelief_Type":"Cooling Center","Collection":"No","Collection_Type":null,"Hours":"Mo & Th 10pm-8pm, Tu-We 10am-4pm, Fr 10am-6pm, Sa 10am-5pm, Su 1pm-5pm","MondayOpen":"10:00 AM","MondayClose":"8:00 PM","TuesdayOpen":"10:00 AM","TuesdayClose":"4:00 PM","WednesdayOpen":"10:00 AM","WednesdayClose":"4:00 PM","ThursdayOpen":"10:00 AM","ThursdayClose":"8:00 PM","FridayOpen":"10:00 AM","FridayClose":"6:00 PM","SaturdayOpen":"10:00 AM","SaturdayClose":"5:00 PM","SundayOpen":"1:00 PM","SundayClose":"5:00 PM","MemorialDay":"Closed","Juneteenth":"Regular Hours","IndependenceDay":"Closed","LaborDay":"Closed","Pets":null,"Wheelchair_access":"Yes","ADA_accessible":"Yes","Services":null,"Note":null,"image":null,"Status":1,"Active":"Yes"}},{"type":"Feature","id":434,"geometry":{"type":"Point","coordinates":[-111.84117977,33.3003532600001]},"properties":{"OBJECTID":434,"globalid":"5526d9af-eb5a-419b-a0f4-aa563c11d44e","City":"Chandler","Year":2026,"LUT_Location":"Chandler_Nbrhd_Rsrcs_main","Organization":"City of Chandler","Location":"Chandler Neighborhood Resources ","Address":"235 S. Arizona Ave. Chandler AZ 85224","map_link":"https://www.google.com/maps/place/235+S+Arizona+Ave,+Chandler,+AZ+85225","Start_Date":"2026-05-01","End_Date":"2026-09-30","PrimaryPhone":"480-782-4364","HeatRelief":"No","HeatRelief_Type":null,"Collection":"Yes","Collection_Type":"Water and General Collection","Hours":"Mo-Fr 8am-5pm","MondayOpen":"8:00 AM","MondayClose":"5:00 PM","TuesdayOpen":"8:00 AM","TuesdayClose":"5:00 PM","WednesdayOpen":"8:00 AM","WednesdayClose":"5:00 PM","ThursdayOpen":"8:00 AM","ThursdayClose":"5:00 PM","FridayOpen":"8:00 AM","FridayClose":"5:00 PM","SaturdayOpen":null,"SaturdayClose":null,"SundayOpen":null,"SundayClose":null,"MemorialDay":"Closed","Juneteenth":"Closed","IndependenceDay":"Closed","LaborDay":"Closed","Pets":null,"Wheelchair_access":null,"ADA_accessible":null,"Services":null,"Note":null,"image":null,"Status":1,"Active":"Yes"}},{"type":"Feature","id":435,"geometry":{"type":"Point","coordinates":[-111.838327857,33.3034350950001]},"properties":{"OBJECTID":435,"globalid":"e94e96ab-ab8f-4df2-9b0d-b9f6286f971d","City":"Chandler","Year":2026,"LUT_Location":"CH_DT_Lib","Organization":"City of Chandler","Location":"Chandler Downtown Library","Address":"22 S. Delaware St. Chandler AZ 85225","map_link":"https://www.google.com/maps/place/22+S+Delaware+St,+Chandler,+AZ+85225","Start_Date":"2026-05-01","End_Date":"2026-09-30","PrimaryPhone":"480-782-4364","HeatRelief":"Yes","HeatRelief_Type":"Cooling Center","Collection":"No","Collection_Type":null,"Hours":"Mo-We 9am-8pm, Th-Sa 9am-5pm, Su 1pm-5pm","MondayOpen":"9:00 AM","MondayClose":"8:00 PM","TuesdayOpen":"9:00 AM","TuesdayClose":"8:00 PM","WednesdayOpen":"9:00 AM","WednesdayClose":"8:00 PM","ThursdayOpen":"9:00 AM","ThursdayClose":"5:00 PM","FridayOpen":"9:00 AM","FridayClose":"5:00 PM","SaturdayOpen":"9:00 AM","SaturdayClose":"5:00 PM","SundayOpen":"1:00 PM","SundayClose":"5:00 PM","MemorialDay":"Closed","Juneteenth":"Regular Hours","IndependenceDay":"Closed","LaborDay":"Closed","Pets":null,"Wheelchair_access":"Yes","ADA_accessible":"Yes","Services":"Homeless services, Hygiene items, ","Note":null,"image":"https://geo.azmag.gov/maps/images/heatrelief/CH_DT_Lib.jpg","Status":1,"Active":"Yes"}},{"type":"Feature","id":436,"geometry":{"type":"Point","coordinates":[-111.9251205,33.3214110000001]},"properties":{"OBJECTID":436,"globalid":"ba7fc1f6-8163-4a82-957e-5e1e8b3eb222","City":"Chandler","Year":2026,"LUT_Location":"CH_Sunset_Lib","Organization":"City of Chandler","Location":"Sunset Library","Address":"4930 W. Ray Rd. Chandler AZ 85226","map_link":"https://www.google.com/maps/place/4930+W+Ray+Rd,+Chandler,+AZ+85226","Start_Date":"2026-05-01","End_Date":"2026-09-30","PrimaryPhone":"480-782-4364","HeatRelief":"Yes","HeatRelief_Type":"Cooling Center","Collection":"No","Collection_Type":null,"Hours":"Mo-We 9am-8pm, Th-Sa 9am-5pm, Su 1pm-5pm","MondayOpen":"9:00 AM","MondayClose":"8:00 PM","TuesdayOpen":"9:00 AM","TuesdayClose":"8:00 PM","WednesdayOpen":"9:00 AM","WednesdayClose":"8:00 PM","ThursdayOpen":"9:00 AM","ThursdayClose":"5:00 PM","FridayOpen":"9:00 AM","FridayClose":"5:00 PM","SaturdayOpen":"9:00 AM","SaturdayClose":"5:00 PM","SundayOpen":"1:00 PM","SundayClose":"5:00 PM","MemorialDay":"Closed","Juneteenth":"Regular Hours","IndependenceDay":"Closed","LaborDay":"Closed","Pets":null,"Wheelchair_access":"Yes","ADA_accessible":"Yes","Services":"Homeless services, Hygiene items, ","Note":null,"image":"https://geo.azmag.gov/maps/images/heatrelief/CH_Sunset_Lib.jpg","Status":1,"Active":"Yes"}},{"type":"Feature","id":437,"geometry":{"type":"Point","coordinates":[-111.84251264,33.253271951]},"properties":{"OBJECTID":437,"globalid":"3c37a6b5-2d0f-4cd6-83fb-ed54cf6eb1e7","City":"Chandler","Year":2026,"LUT_Location":"CH_Hamilton_Lib","Organization":"City of Chandler","Location":"Hamilton Library","Address":"3700 S. Arizona Ave. Chandler AZ 85248","map_link":"https://www.google.com/maps/place/3700+S+Arizona+Ave,+Chandler,+AZ+85248","Start_Date":"2026-05-01","End_Date":"2026-09-30","PrimaryPhone":"480-782-4364","HeatRelief":"Yes","HeatRelief_Type":"Cooling Center","Collection":"Yes","Collection_Type":"Water Collection Only","Hours":"Mo-We 7:30am-7pm, Th-Fr 7:30am-5pm, Sa 1pm-5pm","MondayOpen":"7:30 AM","MondayClose":"7:00 PM","TuesdayOpen":"7:30 AM","TuesdayClose":"7:00 PM","WednesdayOpen":"7:30 AM","WednesdayClose":"7:00 PM","ThursdayOpen":"7:30 AM","ThursdayClose":"5:00 PM","FridayOpen":"7:30 AM","FridayClose":"5:00 PM","SaturdayOpen":"1:00 PM","SaturdayClose":"5:00 PM","SundayOpen":null,"SundayClose":null,"MemorialDay":"Closed","Juneteenth":"Closed","IndependenceDay":"Closed","LaborDay":"Closed","Pets":null,"Wheelchair_access":"Yes","ADA_accessible":"Yes","Services":null,"Note":null,"image":null,"Status":1,"Active":"Yes"}},{"type":"Feature","id":438,"geometry":{"type":"Point","coordinates":[-111.756652804,33.219946362]},"properties":{"OBJECTID":438,"globalid":"d1ac4b16-5a3a-4e35-bdfb-8f042f1eeced","City":"Chandler","Year":2026,"LUT_Location":"CH_Basha_Lib","Organization":"City of Chandler","Location":"Basha Library","Address":"5990 S. Val Vista Dr. Chandler AZ 85249","map_link":"https://www.google.com/maps/place/5990+S+Val+Vista+Dr,+Chandler,+AZ+85249","Start_Date":"2026-05-01","End_Date":"2026-09-30","PrimaryPhone":"480-782-4364","HeatRelief":"Yes","HeatRelief_Type":"Cooling Center","Collection":"No","Collection_Type":null,"Hours":"Mo-We 7:30am-7pm, Th-Fr 7:30am-5pm, Sa 9am-1pm","MondayOpen":"7:30 AM","MondayClose":"7:00 PM","TuesdayOpen":"7:30 AM","TuesdayClose":"7:00 PM","WednesdayOpen":"7:30 AM","WednesdayClose":"7:00 PM","ThursdayOpen":"7:30 AM","ThursdayClose":"5:00 PM","FridayOpen":"7:30 AM","FridayClose":"5:00 PM","SaturdayOpen":"9:00 AM","SaturdayClose":"1:00 PM","SundayOpen":null,"SundayClose":null,"MemorialDay":"Closed","Juneteenth":"Closed","IndependenceDay":"Closed","LaborDay":"Closed","Pets":null,"Wheelchair_access":"Yes","ADA_accessible":"Yes","Services":null,"Note":null,"image":null,"Status":1,"Active":"Yes"}},{"type":"Feature","id":439,"geometry":{"type":"Point","coordinates":[-112.235880818,33.5250566170001]},"properties":{"OBJECTID":439,"globalid":"e25133b7-4c7b-4038-b73d-00873a7433ca","City":"Glendale","Year":2026,"LUT_Location":"GL_Heroes_Lib","Organization":"City of Glendale","Location":"Heroes Regional Library","Address":"6075 N 83rd Ave. Glendale AZ 85303","map_link":"https://www.google.com/maps/place/6075+N+83rd+Ave,+Glendale,+AZ+85303","Start_Date":"2026-05-01","End_Date":"2026-10-31","PrimaryPhone":"623-930-3600","HeatRelief":"Yes","HeatRelief_Type":"Cooling Center","Collection":"No","Collection_Type":null,"Hours":"Mo & Th 10am-8pm, Tu-We 10am-4pm, Fr 10am-6pm, Sa 10am-5pm, Su 1pm-5pm","MondayOpen":"10:00 AM","MondayClose":"8:00 PM","TuesdayOpen":"10:00 AM","TuesdayClose":"4:00 PM","WednesdayOpen":"10:00 AM","WednesdayClose":"4:00 PM","ThursdayOpen":"10:00 AM","ThursdayClose":"8:00 PM","FridayOpen":"10:00 AM","FridayClose":"6:00 PM","SaturdayOpen":"10:00 AM","SaturdayClose":"5:00 PM","SundayOpen":"1:00 PM","SundayClose":"5:00 PM","MemorialDay":"Closed","Juneteenth":"Regular Hours","IndependenceDay":"Closed","LaborDay":"Closed","Pets":null,"Wheelchair_access":"Yes","ADA_accessible":"Yes","Services":null,"Note":null,"image":null,"Status":1,"Active":"Yes"}},{"type":"Feature","id":440,"geometry":{"type":"Point","coordinates":[-111.829235222,33.276255474]},"properties":{"OBJECTID":440,"globalid":"8b087f3e-9523-466b-81f8-9b57b3143d49","City":"Chandler","Year":2026,"LUT_Location":"CH_Tblwd_Rec_Cntr","Organization":"City of Chandler","Location":"Tumbleweed Recreation Center","Address":"745 E. Germann Rd. Chandler AZ 85286","map_link":"https://www.google.com/maps/place/745+E+Germann+Rd,+Chandler,+AZ+85286","Start_Date":"2026-05-01","End_Date":"2026-09-30","PrimaryPhone":"480-782-4364","HeatRelief":"Yes","HeatRelief_Type":"Cooling Center","Collection":"No","Collection_Type":null,"Hours":"Mo-Fr 5am-8pm, Sa 7am-8pm, Su 10am-6:30pm","MondayOpen":"5:00 AM","MondayClose":"8:00 PM","TuesdayOpen":"5:00 AM","TuesdayClose":"8:00 PM","WednesdayOpen":"5:00 AM","WednesdayClose":"8:00 PM","ThursdayOpen":"5:00 AM","ThursdayClose":"8:00 PM","FridayOpen":"5:00 AM","FridayClose":"8:00 PM","SaturdayOpen":"7:00 AM","SaturdayClose":"8:00 PM","SundayOpen":"10:00 AM","SundayClose":"6:30 PM","MemorialDay":"Closed","Juneteenth":"Closed","IndependenceDay":"Closed","LaborDay":"Closed","Pets":null,"Wheelchair_access":"Yes","ADA_accessible":"Yes","Services":null,"Note":null,"image":null,"Status":1,"Active":"Yes"}},{"type":"Feature","id":441,"geometry":{"type":"Point","coordinates":[-111.770787206,33.2350166050001]},"properties":{"OBJECTID":441,"globalid":"c42f8e0f-6bd1-486a-9466-42a898d8b16a","City":"Chandler","Year":2026,"LUT_Location":"CH_Nat_Cntr","Organization":"City of Chandler","Location":"Chandler Nature Center","Address":"4050 E. Chandler Heights Rd. Chandler AZ 85249","map_link":"https://www.google.com/maps/place/4050+E+Chandler+Heights+Rd,+Chandler,+AZ+85249","Start_Date":"2026-05-01","End_Date":"2026-09-30","PrimaryPhone":"480-782-4364","HeatRelief":"Yes","HeatRelief_Type":"Cooling Center","Collection":"No","Collection_Type":null,"Hours":"Mo-Th 8am-7pm, Fr 8am-5pm, Sa 8am-2pm","MondayOpen":"8:00 AM","MondayClose":"7:00 PM","TuesdayOpen":"8:00 AM","TuesdayClose":"7:00 PM","WednesdayOpen":"8:00 AM","WednesdayClose":"7:00 PM","ThursdayOpen":"8:00 AM","ThursdayClose":"7:00 PM","FridayOpen":"8:00 AM","FridayClose":"5:00 PM","SaturdayOpen":"8:00 AM","SaturdayClose":"2:00 PM","SundayOpen":null,"SundayClose":null,"MemorialDay":"Closed","Juneteenth":"Closed","IndependenceDay":"Closed","LaborDay":"Closed","Pets":null,"Wheelchair_access":"Yes","ADA_accessible":"Yes","Services":null,"Note":null,"image":null,"Status":1,"Active":"Yes"}},{"type":"Feature","id":442,"geometry":{"type":"Point","coordinates":[-112.223491727,33.522857178]},"properties":{"OBJECTID":442,"globalid":"53ee2037-f5d9-4af7-95d3-bdfc5761e11b","City":"Glendale","Year":2026,"LUT_Location":"GESD_Sys_Care_Cntr","Organization":"City of Glendale","Location":"GESD System of Care Center","Address":"7677 W. Bethany Home Rd. Glendale AZ 85303","map_link":"https://www.google.com/maps/place/7677+W+Bethany+Home+Rd,+Glendale,+AZ+85303","Start_Date":"2026-05-01","End_Date":"2026-10-31","PrimaryPhone":"623-930-3774","HeatRelief":"Yes","HeatRelief_Type":"Hydration Station","Collection":"No","Collection_Type":null,"Hours":"Mo-Fr 8am-5pm","MondayOpen":"8:00 AM","MondayClose":"5:00 PM","TuesdayOpen":"8:00 AM","TuesdayClose":"5:00 PM","WednesdayOpen":"8:00 AM","WednesdayClose":"5:00 PM","ThursdayOpen":"8:00 AM","ThursdayClose":"5:00 PM","FridayOpen":"8:00 AM","FridayClose":"5:00 PM","SaturdayOpen":null,"SaturdayClose":null,"SundayOpen":null,"SundayClose":null,"MemorialDay":"Closed","Juneteenth":"Regular Hours","IndependenceDay":"Closed","LaborDay":"Closed","Pets":null,"Wheelchair_access":null,"ADA_accessible":null,"Services":"Health services, Food, Clothing, Hygiene items, Laundry, ","Note":null,"image":null,"Status":1,"Active":"Yes"}},{"type":"Feature","id":444,"geometry":{"type":"Point","coordinates":[-112.175281687,33.534797418]},"properties":{"OBJECTID":444,"globalid":"38d2830a-5c9f-4efa-ab74-f9a590654a89","City":"Glendale","Year":2026,"LUT_Location":"GL_Comm_Cntr","Organization":"City of Glendale","Location":"Glendale Community Center ","Address":"5401 W. Ocotillo Rd. Glendale AZ 85301","map_link":"https://www.google.com/maps/place/5401+W+Ocotillo+Rd,+Glendale,+AZ+85301","Start_Date":"2026-05-01","End_Date":"2026-10-31","PrimaryPhone":"623-930-3774","HeatRelief":"Yes","HeatRelief_Type":"Hydration Station","Collection":"No","Collection_Type":null,"Hours":"Mo-Fr 7am-8pm, Sa 8am-3pm","MondayOpen":"7:00 AM","MondayClose":"8:00 PM","TuesdayOpen":"7:00 AM","TuesdayClose":"8:00 PM","WednesdayOpen":"7:00 AM","WednesdayClose":"8:00 PM","ThursdayOpen":"7:00 AM","ThursdayClose":"8:00 PM","FridayOpen":"7:00 AM","FridayClose":"8:00 PM","SaturdayOpen":"8:00 AM","SaturdayClose":"3:00 PM","SundayOpen":null,"SundayClose":null,"MemorialDay":"Closed","Juneteenth":"Regular Hours","IndependenceDay":"Closed","LaborDay":"Closed","Pets":null,"Wheelchair_access":null,"ADA_accessible":null,"Services":null,"Note":"May 25–30: Closed; Jun 1–Jul 24: M–F 7am–6pm, Sat closed; Jul 27–Aug 1: Clo","image":null,"Status":1,"Active":"Yes"}},{"type":"Feature","id":445,"geometry":{"type":"Point","coordinates":[-112.167544268,33.5286819390001]},"properties":{"OBJECTID":445,"globalid":"5d2179c0-5046-40e2-ac1d-685fafa2e9f9","City":"Glendale","Year":2026,"LUT_Location":"GL_RL_Comm_Cntr","Organization":"City of Glendale","Location":"Rose Lane Community Center ","Address":"5003 W. Marlette Ave. Glendale AZ 85301","map_link":"https://www.google.com/maps/place/5003+W+Marlette+Ave,+Glendale,+AZ+85301","Start_Date":"2026-05-01","End_Date":"2026-10-31","PrimaryPhone":"623-930-3774","HeatRelief":"Yes","HeatRelief_Type":"Hydration Station","Collection":"No","Collection_Type":null,"Hours":"Mo-Fr 7am-8pm, Sa 8am-3pm","MondayOpen":"7:00 AM","MondayClose":"8:00 PM","TuesdayOpen":"7:00 AM","TuesdayClose":"8:00 PM","WednesdayOpen":"7:00 AM","WednesdayClose":"8:00 PM","ThursdayOpen":"7:00 AM","ThursdayClose":"8:00 PM","FridayOpen":"7:00 AM","FridayClose":"8:00 PM","SaturdayOpen":"8:00 AM","SaturdayClose":"3:00 PM","SundayOpen":null,"SundayClose":null,"MemorialDay":"Closed","Juneteenth":"Regular Hours","IndependenceDay":"Closed","LaborDay":"Closed","Pets":null,"Wheelchair_access":null,"ADA_accessible":null,"Services":null,"Note":"May 25–30: Closed; Jun 1–Jul 24: M–F 7am–6pm, Sat closed; Jul 27–Aug 1: Clo","image":null,"Status":1,"Active":"Yes"}},{"type":"Feature","id":446,"geometry":{"type":"Point","coordinates":[-112.198568206,33.5170584190001]},"properties":{"OBJECTID":446,"globalid":"3545a1a4-766c-41eb-a295-9e94514d116f","City":"Glendale","Year":2026,"LUT_Location":"GL_O_Comm_Cntr","Organization":"City of Glendale","Location":"O'Neil Community Center ","Address":"6448 W. Missouri Ave. Glendale AZ 85301","map_link":"https://www.google.com/maps/place/6448+W+Missouri+Ave,+Glendale,+AZ+85301","Start_Date":"2026-05-01","End_Date":"2026-10-31","PrimaryPhone":"623-930-3774","HeatRelief":"Yes","HeatRelief_Type":"Hydration Station","Collection":"No","Collection_Type":null,"Hours":"Mo-Fr 7am-8pm, Sa 8am-3pm","MondayOpen":"7:00 AM","MondayClose":"8:00 PM","TuesdayOpen":"7:00 AM","TuesdayClose":"8:00 PM","WednesdayOpen":"7:00 AM","WednesdayClose":"8:00 PM","ThursdayOpen":"7:00 AM","ThursdayClose":"8:00 PM","FridayOpen":"7:00 AM","FridayClose":"8:00 PM","SaturdayOpen":"8:00 AM","SaturdayClose":"3:00 PM","SundayOpen":null,"SundayClose":null,"MemorialDay":"Closed","Juneteenth":"Regular Hours","IndependenceDay":"Closed","LaborDay":"Closed","Pets":null,"Wheelchair_access":null,"ADA_accessible":null,"Services":null,"Note":"May 25–30: Closed; Jun 1–Jul 24: M–F 7am–6pm, Sat closed; Jul 27–Aug 1: Clo","image":null,"Status":1,"Active":"Yes"}},{"type":"Feature","id":447,"geometry":{"type":"Point","coordinates":[-111.900177855,33.5009315080001]},"properties":{"OBJECTID":447,"globalid":"eb7b1e39-e23d-4c1e-b0cf-922c75638624","City":"Scottsdale","Year":2026,"LUT_Location":"CH_SCUCC","Organization":"Community House","Location":"Scottsdale Congregational United Church of Christ","Address":"4425 N. Granite Reef Rd. Scottsdale AZ 85251","map_link":"https://www.google.com/maps/place/4425+N+Granite+Reef+Rd,+Scottsdale,+AZ+85251","Start_Date":"2026-05-01","End_Date":"2026-09-30","PrimaryPhone":"303-887-0574","HeatRelief":"Yes","HeatRelief_Type":"Respite Center","Collection":"Yes","Collection_Type":"Water and General Collection","Hours":"Mo 10am-6pm","MondayOpen":"10:00 AM","MondayClose":"6:00 PM","TuesdayOpen":null,"TuesdayClose":null,"WednesdayOpen":null,"WednesdayClose":null,"ThursdayOpen":null,"ThursdayClose":null,"FridayOpen":null,"FridayClose":null,"SaturdayOpen":null,"SaturdayClose":null,"SundayOpen":null,"SundayClose":null,"MemorialDay":"Regular Hours","Juneteenth":"Closed","IndependenceDay":"Closed","LaborDay":"Regular Hours","Pets":"Yes","Wheelchair_access":"Yes","ADA_accessible":"Yes","Services":null,"Note":null,"image":null,"Status":2,"Active":"Yes"}},{"type":"Feature","id":449,"geometry":{"type":"Point","coordinates":[-112.181662075,33.5383735990001]},"properties":{"OBJECTID":449,"globalid":"7c6e061b-1057-4584-9f15-f06de08e1d19","City":"Glendale","Year":2026,"LUT_Location":"GL_City_Court","Organization":"City of Glendale","Location":"Glendale City Court","Address":"5711 W. Glendale Ave. Glendale AZ 85301","map_link":"https://www.google.com/maps/place/5711+W+Glendale+Ave,+Glendale,+AZ+85301","Start_Date":"2026-05-01","End_Date":"2026-10-31","PrimaryPhone":"623-930-3774","HeatRelief":"Yes","HeatRelief_Type":"Hydration Station","Collection":"No","Collection_Type":null,"Hours":"Mo-Fr 8am-5pm","MondayOpen":"8:00 AM","MondayClose":"5:00 PM","TuesdayOpen":"8:00 AM","TuesdayClose":"5:00 PM","WednesdayOpen":"8:00 AM","WednesdayClose":"5:00 PM","ThursdayOpen":"8:00 AM","ThursdayClose":"5:00 PM","FridayOpen":"8:00 AM","FridayClose":"5:00 PM","SaturdayOpen":null,"SaturdayClose":null,"SundayOpen":null,"SundayClose":null,"MemorialDay":"Closed","Juneteenth":"Closed","IndependenceDay":"Closed","LaborDay":"Closed","Pets":null,"Wheelchair_access":null,"ADA_accessible":null,"Services":null,"Note":null,"image":null,"Status":1,"Active":"Yes"}},{"type":"Feature","id":450,"geometry":{"type":"Point","coordinates":[-112.223241078,33.521878728]},"properties":{"OBJECTID":450,"globalid":"cf0c0a0a-0ea2-4995-8a89-91f11322f303","City":"Glendale","Year":2026,"LUT_Location":"GL_Comm_Svcs","Organization":"City of Glendale","Location":"Glendale Community Services ","Address":"7677 W. Bethany Home Rd. Glendale AZ 85303","map_link":"https://www.google.com/maps/place/7677+W+Bethany+Home+Rd,+Glendale,+AZ+85303","Start_Date":"2026-05-01","End_Date":"2026-10-31","PrimaryPhone":"623-930-3774","HeatRelief":"Yes","HeatRelief_Type":"Hydration Station","Collection":"No","Collection_Type":null,"Hours":"Mo-Fr 8am-5pm","MondayOpen":"8:00 AM","MondayClose":"5:00 PM","TuesdayOpen":"8:00 AM","TuesdayClose":"5:00 PM","WednesdayOpen":"8:00 AM","WednesdayClose":"5:00 PM","ThursdayOpen":"8:00 AM","ThursdayClose":"5:00 PM","FridayOpen":"8:00 AM","FridayClose":"5:00 PM","SaturdayOpen":null,"SaturdayClose":null,"SundayOpen":null,"SundayClose":null,"MemorialDay":"Closed","Juneteenth":"Regular Hours","IndependenceDay":"Closed","LaborDay":"Closed","Pets":null,"Wheelchair_access":null,"ADA_accessible":null,"Services":null,"Note":null,"image":null,"Status":1,"Active":"Yes"}},{"type":"Feature","id":452,"geometry":{"type":"Point","coordinates":[-112.088504095,33.539093436]},"properties":{"OBJECTID":452,"globalid":"9a998b46-69af-4edf-9d8a-716c0bfb8b3c","City":"Phoenix","Year":2026,"LUT_Location":"AFH_Beth_El_main","Organization":"Arizona Friends of Homeless","Location":"Arizona Friends of Homeless","Address":"1118 W. Glendale Ave. Phoenix AZ 85021 (Beth El Congregation)","map_link":"https://www.google.com/maps/place/1118+W+Glendale+Ave,+Phoenix,+AZ+85021","Start_Date":"2026-05-01","End_Date":"2026-09-30","PrimaryPhone":"602-330-3403","HeatRelief":"Yes","HeatRelief_Type":"Hydration Station","Collection":"No","Collection_Type":null,"Hours":"Mo-Th 8am-1pm","MondayOpen":"8:00 AM","MondayClose":"1:00 PM","TuesdayOpen":"8:00 AM","TuesdayClose":"1:00 PM","WednesdayOpen":"8:00 AM","WednesdayClose":"1:00 PM","ThursdayOpen":"8:00 AM","ThursdayClose":"1:00 PM","FridayOpen":null,"FridayClose":null,"SaturdayOpen":null,"SaturdayClose":null,"SundayOpen":null,"SundayClose":null,"MemorialDay":"Regular Hours","Juneteenth":"Regular Hours","IndependenceDay":"10am - 3pm","LaborDay":"Closed","Pets":null,"Wheelchair_access":null,"ADA_accessible":null,"Services":null,"Note":"Located at the Beth El congregation","image":"https://geo.azmag.gov/maps/images/heatrelief/AFH_Beth_El_main.jpg","Status":1,"Active":"Yes"}},{"type":"Feature","id":453,"geometry":{"type":"Point","coordinates":[-112.094223058,33.4466231660001]},"properties":{"OBJECTID":453,"globalid":"2d4c1e0f-aa57-4b17-b75e-d9265519ccdd","City":"Phoenix","Year":2026,"LUT_Location":"Jefferson_CC","Organization":"AZ Faith Network","Location":"Cooltainer 1601","Address":"1645 W Jefferson St. Phoenix AZ 85007","map_link":"https://www.google.com/maps/place/1645+W+Jefferson+St,+Phoenix,+AZ+85007","Start_Date":"2026-04-20","End_Date":"2026-09-28","PrimaryPhone":"602-334-4331","HeatRelief":"Yes","HeatRelief_Type":"Cooling Center","Collection":"No","Collection_Type":null,"Hours":"Mo-Su 8am-8pm","MondayOpen":"8:00 AM","MondayClose":"8:00 PM","TuesdayOpen":"8:00 AM","TuesdayClose":"8:00 PM","WednesdayOpen":"8:00 AM","WednesdayClose":"8:00 PM","ThursdayOpen":"8:00 AM","ThursdayClose":"8:00 PM","FridayOpen":"8:00 AM","FridayClose":"8:00 PM","SaturdayOpen":"8:00 AM","SaturdayClose":"8:00 PM","SundayOpen":"8:00 AM","SundayClose":"8:00 PM","MemorialDay":"Regular Hours","Juneteenth":"Regular Hours","IndependenceDay":"Regular Hours","LaborDay":"Regular Hours","Pets":"Yes","Wheelchair_access":"Yes","ADA_accessible":"Yes","Services":null,"Note":null,"image":"https://geo.azmag.gov/maps/images/heatrelief/Jefferson_CC.jpg","Status":1,"Active":"Yes"}},{"type":"Feature","id":454,"geometry":{"type":"Point","coordinates":[-112.035988844,33.6088928230001]},"properties":{"OBJECTID":454,"globalid":"5a2e1512-f587-43d7-8a38-bbf52e46706d","City":"Phoenix","Year":2026,"LUT_Location":"DCC_Ministry","Organization":"Dream City Church","Location":"DREAMreach Ministry","Address":"2205 E. Eugie Terrace Phoenix AZ 85022","map_link":"https://www.google.com/maps/place/2205+E+Eugie+Terrace,+Phoenix,+AZ+85022","Start_Date":"2026-05-01","End_Date":"2026-09-30","PrimaryPhone":"602-404-7465","HeatRelief":"Yes","HeatRelief_Type":"Hydration Station","Collection":"No","Collection_Type":null,"Hours":"Mo-Sa 11am-5pm, Su 11am-4pm","MondayOpen":"11:00 AM","MondayClose":"5:00 AM","TuesdayOpen":"11:00 AM","TuesdayClose":"5:00 PM","WednesdayOpen":"11:00 AM","WednesdayClose":"5:00 PM","ThursdayOpen":"11:00 AM","ThursdayClose":"5:00 PM","FridayOpen":"11:00 AM","FridayClose":"5:00 PM","SaturdayOpen":"11:00 AM","SaturdayClose":"5:00 PM","SundayOpen":"11:00 AM","SundayClose":"4:00 PM","MemorialDay":"Closed","Juneteenth":"Regular Hours","IndependenceDay":"Closed","LaborDay":"Closed","Pets":"No","Wheelchair_access":"Yes","ADA_accessible":"No","Services":"Homeless services, Food, Hygiene items ","Note":null,"image":null,"Status":1,"Active":"Yes"}},{"type":"Feature","id":455,"geometry":{"type":"Point","coordinates":[-112.074517778,33.445170046]},"properties":{"OBJECTID":455,"globalid":"5de4359a-e89a-464f-956b-3899393a0b4f","City":"Phoenix","Year":2026,"LUT_Location":"20_W_Jcksn","Organization":"City of Phoenix","Location":"20 W Jackson","Address":"20 W. Jackson St. Phoenix AZ 85003","map_link":"https://www.google.com/maps/place/20+W+Jackson+St,+Phoenix,+AZ+85003","Start_Date":"2026-05-01","End_Date":"2026-09-30","PrimaryPhone":null,"HeatRelief":"Yes","HeatRelief_Type":"Respite Center","Collection":"No","Collection_Type":null,"Hours":"Open 24/7","MondayOpen":"12:00 AM","MondayClose":"11:59 PM","TuesdayOpen":"12:00 AM","TuesdayClose":"11:59 PM","WednesdayOpen":"12:00 AM","WednesdayClose":"11:59 PM","ThursdayOpen":"12:00 AM","ThursdayClose":"11:59 PM","FridayOpen":"12:00 AM","FridayClose":"11:59 PM","SaturdayOpen":"12:00 AM","SaturdayClose":"11:59 PM","SundayOpen":"12:00 AM","SundayClose":"11:59 PM","MemorialDay":"Regular Hours","Juneteenth":"Regular Hours","IndependenceDay":"Regular Hours","LaborDay":"Regular Hours","Pets":"No","Wheelchair_access":"Yes","ADA_accessible":"Yes","Services":null,"Note":null,"image":null,"Status":1,"Active":"Yes"}},{"type":"Feature","id":456,"geometry":{"type":"Point","coordinates":[-111.935297631,33.366746586]},"properties":{"OBJECTID":456,"globalid":"dde1757b-e2d1-404a-ac5c-4870652c136a","City":"Tempe","Year":2026,"LUT_Location":"Kiwanis_Rec_Cntr","Organization":"City of Tempe","Location":"Kiwanis Recreation Center","Address":"6111 S. All America Way Tempe AZ 85283","map_link":"https://www.google.com/maps/place/6111+S+All+America+Way,+Tempe,+AZ+85283","Start_Date":"2026-05-01","End_Date":"2026-09-30","PrimaryPhone":"480-350-5738","HeatRelief":"Yes","HeatRelief_Type":"Hydration Station","Collection":"Yes","Collection_Type":"Water and General Collection","Hours":"Mo-Th 7am-10pm, Fr 7am-7pm, Sa-Su 8am-6pm","MondayOpen":"7:00 AM","MondayClose":"10:00 PM","TuesdayOpen":"7:00 AM","TuesdayClose":"10:00 PM","WednesdayOpen":"7:00 AM","WednesdayClose":"10:00 PM","ThursdayOpen":"7:00 AM","ThursdayClose":"10:00 PM","FridayOpen":"7:00 AM","FridayClose":"7:00 PM","SaturdayOpen":"8:00 AM","SaturdayClose":"6:00 PM","SundayOpen":"8:00 AM","SundayClose":"6:00 PM","MemorialDay":"12-6pm","Juneteenth":"12-6pm","IndependenceDay":"12-6pm","LaborDay":"12-6pm","Pets":null,"Wheelchair_access":null,"ADA_accessible":null,"Services":null,"Note":null,"image":"https://geo.azmag.gov/maps/images/heatrelief/Kiwanis_Rec_Cntr.jpg","Status":1,"Active":"Yes"}},{"type":"Feature","id":457,"geometry":{"type":"Point","coordinates":[-111.934347903,33.409277538]},"properties":{"OBJECTID":457,"globalid":"4f9f7264-5736-40ad-9e52-76b556a2031c","City":"Tempe","Year":2026,"LUT_Location":"CCC_DC","Organization":"Community Christian Church (Disciples of Christ)","Location":"Community Christian Church (Disciples of Christ)","Address":"1701 S. College Ave. Tempe AZ 85281","map_link":"https://www.google.com/maps/place/1701+S+College+Ave,+Tempe,+AZ+85281","Start_Date":"2026-09-16","End_Date":"2026-09-30","PrimaryPhone":"816-785-4931","HeatRelief":"Yes","HeatRelief_Type":"Respite Center","Collection":"Yes","Collection_Type":"Water and General Collection","Hours":"Mo & We 10am-4pm, Tu & Th-Su 10am-6pm","MondayOpen":"10:00 AM","MondayClose":"4:00 PM","TuesdayOpen":"10:00 AM","TuesdayClose":"6:00 PM","WednesdayOpen":"10:00 AM","WednesdayClose":"4:00 PM","ThursdayOpen":"10:00 AM","ThursdayClose":"6:00 PM","FridayOpen":"10:00 AM","FridayClose":"6:00 PM","SaturdayOpen":"10:00 AM","SaturdayClose":"6:00 PM","SundayOpen":"12:00 PM","SundayClose":"6:00 PM","MemorialDay":"Closed","Juneteenth":"Regular Hours","IndependenceDay":"Closed","LaborDay":"Closed","Pets":"Yes","Wheelchair_access":"Yes","ADA_accessible":null,"Services":"Food, Clothing, Hygiene items, ","Note":null,"image":null,"Status":1,"Active":"Yes"}},{"type":"Feature","id":458,"geometry":{"type":"Point","coordinates":[-111.843063164,33.394084821]},"properties":{"OBJECTID":458,"globalid":"570b37f2-b28a-4e31-b26a-4781d45bc4bd","City":"Mesa","Year":2026,"LUT_Location":"LOM_main","Organization":"Logos Outreach Ministries","Location":"Logos Outreach Ministries","Address":"500 W. Southern Ave. Mesa AZ 85210 (Suite31-32)","map_link":"https://www.google.com/maps/place/500+W+Southern+Ave,+Mesa,+AZ+85210","Start_Date":"2026-05-01","End_Date":"2026-09-30","PrimaryPhone":"480-243-2542","HeatRelief":"Yes","HeatRelief_Type":"Hydration Station","Collection":"Yes","Collection_Type":"Water and General Collection","Hours":"Su 10am-1pm","MondayOpen":null,"MondayClose":null,"TuesdayOpen":null,"TuesdayClose":null,"WednesdayOpen":null,"WednesdayClose":null,"ThursdayOpen":null,"ThursdayClose":null,"FridayOpen":null,"FridayClose":null,"SaturdayOpen":null,"SaturdayClose":null,"SundayOpen":"10:00 AM","SundayClose":"1:00 PM","MemorialDay":"Closed","Juneteenth":"Closed","IndependenceDay":"Closed","LaborDay":"Closed","Pets":null,"Wheelchair_access":null,"ADA_accessible":null,"Services":null,"Note":null,"image":null,"Status":1,"Active":"Yes"}},{"type":"Feature","id":459,"geometry":{"type":"Point","coordinates":[-112.087744443,33.5710228300001]},"properties":{"OBJECTID":459,"globalid":"b7e5fd2f-8b8d-45cc-9ac9-6f0e1fb7cb31","City":"Phoenix","Year":2026,"LUT_Location":"CNL_Mnstrs_main","Organization":"Cleo N Lewis Ministries Inc.","Location":"1111 W. Hatcher","Address":"1111 W. Hatcher Rd. Phoenix AZ 85021","map_link":"https://www.google.com/maps/place/1111+W+Hatcher+Rd,+Phoenix,+AZ+85021","Start_Date":"2026-05-01","End_Date":"2026-09-30","PrimaryPhone":"480-384-0271","HeatRelief":"Yes","HeatRelief_Type":"Hydration Station","Collection":"Yes","Collection_Type":"Water Collection Only","Hours":"Mo-Fr 9am-12pm","MondayOpen":"9:00 AM","MondayClose":"12:00 PM","TuesdayOpen":"9:00 AM","TuesdayClose":"12:00 PM","WednesdayOpen":"9:00 AM","WednesdayClose":"12:00 PM","ThursdayOpen":"9:00 AM","ThursdayClose":"12:00 PM","FridayOpen":"9:00 AM","FridayClose":"12:00 PM","SaturdayOpen":null,"SaturdayClose":null,"SundayOpen":null,"SundayClose":null,"MemorialDay":"Closed","Juneteenth":"Regular Hours","IndependenceDay":"Closed","LaborDay":"Closed","Pets":null,"Wheelchair_access":null,"ADA_accessible":null,"Services":"Homeless services, Hygiene items, Showers ","Note":null,"image":null,"Status":1,"Active":"Yes"}},{"type":"Feature","id":460,"geometry":{"type":"Point","coordinates":[-112.134515118,33.5646705870001]},"properties":{"OBJECTID":460,"globalid":"6964c1e5-7cf5-4e48-b2d7-3fed71674934","City":"Phoenix","Year":2026,"LUT_Location":"IAC_main","Organization":"Helping With All My Heart","Location":"Iglesia Apostólica de la Comunidad","Address":"8724 N. 35th Ave. Phoenix AZ 85051","map_link":"https://www.google.com/maps/place/8724+N+35th+Ave,+Phoenix,+AZ+85051","Start_Date":"2026-05-01","End_Date":"2026-09-30","PrimaryPhone":"928-304-4708","HeatRelief":"Yes","HeatRelief_Type":"Respite Center","Collection":"Yes","Collection_Type":"Water and General Collection","Hours":"Mondays and Saturdays 10am-1pm","MondayOpen":"10:00 AM","MondayClose":"1:00 PM","TuesdayOpen":null,"TuesdayClose":null,"WednesdayOpen":null,"WednesdayClose":null,"ThursdayOpen":null,"ThursdayClose":null,"FridayOpen":null,"FridayClose":null,"SaturdayOpen":"10:00 AM","SaturdayClose":"1:00 PM","SundayOpen":null,"SundayClose":null,"MemorialDay":"Closed","Juneteenth":"Closed","IndependenceDay":"Closed","LaborDay":"Closed","Pets":"Yes","Wheelchair_access":"Yes","ADA_accessible":"No","Services":"Homeless services, Food, Clothing, Hygiene items, Showers","Note":null,"image":null,"Status":1,"Active":"Yes"}},{"type":"Feature","id":462,"geometry":{"type":"Point","coordinates":[-111.92845,33.3912100000001]},"properties":{"OBJECTID":462,"globalid":"0a24cdf0-ee08-404f-a43b-a1a63cdfa341","City":"Tempe","Year":2026,"LUT_Location":"TE_Public_Lib","Organization":"City of Tempe","Location":"Tempe Public Library","Address":"3500 S. Rural Rd. Tempe AZ 85282","map_link":"https://www.google.com/maps/place/3500+S+Rural+Rd,+Tempe,+AZ+85282","Start_Date":"2026-05-01","End_Date":"2026-09-30","PrimaryPhone":"480-350-5500","HeatRelief":"Yes","HeatRelief_Type":"Cooling Center","Collection":"Yes","Collection_Type":"Water and General Collection","Hours":"Mo-We 9am-8pm, Th-Sa 9am-5pm, Su 12-5pm","MondayOpen":"9:00 AM","MondayClose":"8:00 PM","TuesdayOpen":"9:00 AM","TuesdayClose":"8:00 PM","WednesdayOpen":"9:00 AM","WednesdayClose":"8:00 PM","ThursdayOpen":"9:00 AM","ThursdayClose":"5:00 PM","FridayOpen":"9:00 AM","FridayClose":"5:00 PM","SaturdayOpen":"9:00 AM","SaturdayClose":"5:00 PM","SundayOpen":"12:00 PM","SundayClose":"5:00 PM","MemorialDay":"Closed","Juneteenth":"Closed","IndependenceDay":"Closed","LaborDay":"Closed","Pets":"No","Wheelchair_access":"Yes","ADA_accessible":"Yes","Services":"Homeless services","Note":null,"image":null,"Status":1,"Active":"Yes"}},{"type":"Feature","id":463,"geometry":{"type":"Point","coordinates":[-111.921715012,33.4466834730001]},"properties":{"OBJECTID":463,"globalid":"fcf88c67-9e0d-4a61-8e15-10c983993f41","City":"Tempe","Year":2026,"LUT_Location":"N_Tempe_MG_Cntr","Organization":"City of Tempe","Location":"North Tempe Multigenerational Center","Address":"1555 N. Bridalwreath St. Tempe AZ 85281","map_link":"https://www.google.com/maps/place/1555+N+Bridalwreath+St,+Tempe,+AZ+85281","Start_Date":"2026-05-01","End_Date":"2026-09-30","PrimaryPhone":"480-350-5182","HeatRelief":"Yes","HeatRelief_Type":"Hydration Station","Collection":"Yes","Collection_Type":"Water and General Collection","Hours":"Mo-Fr 8am-8pm, Sa 10am-5pm","MondayOpen":"8:00 AM","MondayClose":"8:00 PM","TuesdayOpen":"8:00 AM","TuesdayClose":"8:00 PM","WednesdayOpen":"8:00 AM","WednesdayClose":"8:00 PM","ThursdayOpen":"8:00 AM","ThursdayClose":"8:00 PM","FridayOpen":"8:00 AM","FridayClose":"8:00 PM","SaturdayOpen":"10:00 AM","SaturdayClose":"5:00 PM","SundayOpen":null,"SundayClose":null,"MemorialDay":"Closed","Juneteenth":"8am-6pm","IndependenceDay":"Closed","LaborDay":"Closed","Pets":null,"Wheelchair_access":null,"ADA_accessible":null,"Services":null,"Note":null,"image":null,"Status":1,"Active":"Yes"}},{"type":"Feature","id":464,"geometry":{"type":"Point","coordinates":[-111.948685723,33.4250144970001]},"properties":{"OBJECTID":464,"globalid":"047e04c1-f47f-42ab-b95d-1b091ecae55e","City":"Tempe","Year":2026,"LUT_Location":"W_MG_Cntr","Organization":"City of Tempe","Location":"Westside Multigenerational Center","Address":"715 W. 5th St. Tempe AZ 85281","map_link":"https://www.google.com/maps/place/715+W+5th+St,+Tempe,+AZ+85281","Start_Date":"2026-05-01","End_Date":"2026-09-30","PrimaryPhone":"480-350-5254","HeatRelief":"Yes","HeatRelief_Type":"Hydration Station","Collection":"Yes","Collection_Type":"Water and General Collection","Hours":"Mo-Fr 8am-9pm, Sa 10am-5pm","MondayOpen":"8:00 AM","MondayClose":"9:00 PM","TuesdayOpen":"8:00 AM","TuesdayClose":"9:00 PM","WednesdayOpen":"8:00 AM","WednesdayClose":"9:00 PM","ThursdayOpen":"8:00 AM","ThursdayClose":"9:00 PM","FridayOpen":"8:00 AM","FridayClose":"9:00 PM","SaturdayOpen":"10:00 AM","SaturdayClose":"5:00 PM","SundayOpen":null,"SundayClose":null,"MemorialDay":"Closed","Juneteenth":"8am-6pm","IndependenceDay":"Closed","LaborDay":"Closed","Pets":null,"Wheelchair_access":null,"ADA_accessible":null,"Services":null,"Note":null,"image":null,"Status":1,"Active":"Yes"}},{"type":"Feature","id":465,"geometry":{"type":"Point","coordinates":[-111.892916479,33.40335901]},"properties":{"OBJECTID":465,"globalid":"e715bbe7-06a7-45c2-a0ff-998032d80262","City":"Tempe","Year":2026,"LUT_Location":"Tempe_CE","Organization":"City of Tempe","Location":"Church of the Epiphany","Address":"2222 S. Price Rd. Tempe AZ 85381","map_link":"https://www.google.com/maps/place/The+Church+of+the+Epiphany/","Start_Date":"2026-05-01","End_Date":"2026-09-30","PrimaryPhone":"951-454-3686","HeatRelief":"Yes","HeatRelief_Type":"Cooling Center","Collection":"Yes","Collection_Type":"Water and General Collection","Hours":"Mo-Sa 9am-7pm","MondayOpen":"9:00 AM","MondayClose":"7:00 PM","TuesdayOpen":"9:00 AM","TuesdayClose":"7:00 PM","WednesdayOpen":"9:00 AM","WednesdayClose":"7:00 PM","ThursdayOpen":"9:00 AM","ThursdayClose":"7:00 PM","FridayOpen":"9:00 AM","FridayClose":"7:00 PM","SaturdayOpen":"9:00 AM","SaturdayClose":"7:00 PM","SundayOpen":null,"SundayClose":null,"MemorialDay":"Regular Hours","Juneteenth":"Regular Hours","IndependenceDay":"Regular Hours","LaborDay":"Regular Hours","Pets":"No","Wheelchair_access":"Yes","ADA_accessible":"Yes","Services":null,"Note":null,"image":null,"Status":1,"Active":"Yes"}},{"type":"Feature","id":466,"geometry":{"type":"Point","coordinates":[-112.32425,33.6076100000001]},"properties":{"OBJECTID":466,"globalid":"eabd0f15-6eb8-4faf-844a-f4278ee0ff37","City":"El Mirage","Year":2026,"LUT_Location":"EL_Fire_Sta","Organization":"City of El Mirage","Location":"El Mirage Fire Department","Address":"13601 N. El Mirage Rd. El Mirage AZ 85335","map_link":"https://www.google.com/maps/place/13601+N+El+Mirage+Rd,+El+Mirage,+AZ+85335","Start_Date":"2026-05-01","End_Date":"2026-09-30","PrimaryPhone":"623-251-3501","HeatRelief":"Yes","HeatRelief_Type":"Hydration Station","Collection":"No","Collection_Type":null,"Hours":"Mo-Su 7:30am-5:30pm","MondayOpen":"7:30 AM","MondayClose":"5:30 PM","TuesdayOpen":"7:30 AM","TuesdayClose":"5:30 PM","WednesdayOpen":"7:30 AM","WednesdayClose":"5:30 PM","ThursdayOpen":"7:30 AM","ThursdayClose":"5:30 PM","FridayOpen":"7:30 AM","FridayClose":"5:30 PM","SaturdayOpen":"7:30 AM","SaturdayClose":"5:30 PM","SundayOpen":"7:30 AM","SundayClose":"5:30 PM","MemorialDay":"Regular Hours","Juneteenth":"Regular Hours","IndependenceDay":"Regular Hours","LaborDay":"Regular Hours","Pets":null,"Wheelchair_access":null,"ADA_accessible":null,"Services":"Hygiene items","Note":null,"image":"https://geo.azmag.gov/maps/images/heatrelief/EL_Fire_Sta.jpg","Status":1,"Active":"Yes"}},{"type":"Feature","id":467,"geometry":{"type":"Point","coordinates":[-112.326785724,33.5740254580001]},"properties":{"OBJECTID":467,"globalid":"94b246eb-41e9-4de9-8de8-823ac29feef5","City":"El Mirage","Year":2026,"LUT_Location":"El_Mirage_PD","Organization":"City of El Mirage","Location":"El Mirage Police Department","Address":"12401 W. Cinnabar Ave. El Mirage AZ 85335","map_link":"https://www.google.com/maps/place/12401+W+Cinnabar+Ave,+El+Mirage,+AZ+85335","Start_Date":"2026-05-01","End_Date":"2026-09-30","PrimaryPhone":"623-500-3026","HeatRelief":"Yes","HeatRelief_Type":"Hydration Station","Collection":"No","Collection_Type":null,"Hours":"Mo-Fr 8am-4:30pm","MondayOpen":"8:00 AM","MondayClose":"4:30 PM","TuesdayOpen":"8:00 AM","TuesdayClose":"4:30 PM","WednesdayOpen":"8:00 AM","WednesdayClose":"4:30 PM","ThursdayOpen":"8:00 AM","ThursdayClose":"4:30 PM","FridayOpen":"8:00 AM","FridayClose":"4:30 PM","SaturdayOpen":null,"SaturdayClose":null,"SundayOpen":null,"SundayClose":null,"MemorialDay":"Closed","Juneteenth":"Closed","IndependenceDay":"Closed","LaborDay":"Closed","Pets":null,"Wheelchair_access":null,"ADA_accessible":null,"Services":null,"Note":null,"image":"https://geo.azmag.gov/maps/images/heatrelief/El_Mirage_PD.jpg","Status":1,"Active":"Yes"}},{"type":"Feature","id":468,"geometry":{"type":"Point","coordinates":[-112.325745404,33.611094662]},"properties":{"OBJECTID":468,"globalid":"7e12d822-6a9b-4ed5-828c-72d118cc7e48","City":"El Mirage","Year":2026,"LUT_Location":"EL_Cstmr_Srvc","Organization":"City of El Mirage","Location":"El Mirage Customer Service (Utility Service Center)","Address":"14011 N 1st Ave El Mirage AZ 85335","map_link":"https://www.google.com/maps/place/14011+N+1st+Ave,+El+Mirage,+AZ+85335","Start_Date":"2026-05-01","End_Date":"2026-09-30","PrimaryPhone":"623-876-2964","HeatRelief":"Yes","HeatRelief_Type":"Hydration Station","Collection":"No","Collection_Type":null,"Hours":"Mo-Fr 8am-4:30pm","MondayOpen":"8:00 AM","MondayClose":"4:30 PM","TuesdayOpen":"8:00 AM","TuesdayClose":"4:30 PM","WednesdayOpen":"8:00 AM","WednesdayClose":"4:30 PM","ThursdayOpen":"8:00 AM","ThursdayClose":"4:30 PM","FridayOpen":"8:00 AM","FridayClose":"4:30 PM","SaturdayOpen":null,"SaturdayClose":null,"SundayOpen":null,"SundayClose":null,"MemorialDay":"Closed","Juneteenth":"Regular Hours","IndependenceDay":"Closed","LaborDay":"Closed","Pets":null,"Wheelchair_access":null,"ADA_accessible":null,"Services":null,"Note":null,"image":"https://geo.azmag.gov/maps/images/heatrelief/EL_Cstmr_Srvc.jpg","Status":1,"Active":"Yes"}},{"type":"Feature","id":469,"geometry":{"type":"Point","coordinates":[-112.187551787,33.528913517]},"properties":{"OBJECTID":469,"globalid":"64d43e1c-12ef-455a-8562-f550753dea72","City":"Glendale","Year":2026,"LUT_Location":"GMMC","Organization":"AZ Faith Network","Location":"Glendale Mission & Ministry IDDS","Address":"6242 N. 59th Ave. Glendale AZ 85301","map_link":"https://www.google.com/maps/place/6242+N+59th+Ave,+Glendale,+AZ+85301","Start_Date":"2026-05-01","End_Date":"2026-09-30","PrimaryPhone":"951-454-3686","HeatRelief":"Yes","HeatRelief_Type":"Respite Center","Collection":"Yes","Collection_Type":"General Collection Only","Hours":"Mo-Sa 12pm-8pm","MondayOpen":"12:00 PM","MondayClose":"8:00 PM","TuesdayOpen":"12:00 PM","TuesdayClose":"8:00 PM","WednesdayOpen":"12:00 PM","WednesdayClose":"8:00 PM","ThursdayOpen":"12:00 PM","ThursdayClose":"8:00 PM","FridayOpen":"12:00 PM","FridayClose":"8:00 PM","SaturdayOpen":"12:00 PM","SaturdayClose":"8:00 PM","SundayOpen":null,"SundayClose":null,"MemorialDay":"Closed","Juneteenth":"Regular Hours","IndependenceDay":"Regular Hours","LaborDay":"Closed","Pets":"Yes","Wheelchair_access":"Yes","ADA_accessible":"Yes","Services":"Homeless services, Health services, Food","Note":null,"image":"https://geo.azmag.gov/maps/images/heatrelief/GMMC.png","Status":1,"Active":"Yes"}},{"type":"Feature","id":470,"geometry":{"type":"Point","coordinates":[-112.065405323,33.5406249100001]},"properties":{"OBJECTID":470,"globalid":"fc6a0023-ab2d-4cf8-a71e-1f0376227326","City":"Phoenix","Year":2026,"LUT_Location":"AKFP_main","Organization":"The Arizona Kosher Food Pantry","Location":"The Arizona Kosher Food Pantry","Address":"7118 N. 7th St. Phoenix AZ 85020","map_link":"https://www.google.com/maps/place/Country+Gardens,+7118+N+7th+St,+Phoenix,+AZ+85020","Start_Date":"2026-05-01","End_Date":"2026-09-30","PrimaryPhone":"602-492-4989","HeatRelief":"Yes","HeatRelief_Type":"Hydration Station","Collection":"No","Collection_Type":null,"Hours":"Mo-Fr 9am-1pm","MondayOpen":"9:00 AM","MondayClose":"1:00 PM","TuesdayOpen":"9:00 AM","TuesdayClose":"1:00 PM","WednesdayOpen":"9:00 AM","WednesdayClose":"1:00 PM","ThursdayOpen":"9:00 AM","ThursdayClose":"1:00 PM","FridayOpen":"9:00 AM","FridayClose":"1:00 PM","SaturdayOpen":null,"SaturdayClose":null,"SundayOpen":null,"SundayClose":null,"MemorialDay":"Closed","Juneteenth":"Regular Hours","IndependenceDay":"Closed","LaborDay":"Closed","Pets":"Yes","Wheelchair_access":"Yes","ADA_accessible":"Yes","Services":"Food","Note":null,"image":"https://geo.azmag.gov/maps/images/heatrelief/AKFP_main.jpg","Status":1,"Active":"Yes"}},{"type":"Feature","id":478,"geometry":{"type":"Point","coordinates":[-111.829567581,33.4181962210001]},"properties":{"OBJECTID":478,"globalid":"9214bc5e-7fd6-4032-a3db-6b8895e339f6","City":"Mesa","Year":2026,"LUT_Location":"Mesa_Main_Lib","Organization":"City of Mesa","Location":"Mesa Main Library","Address":"64 E. First St. Mesa AZ 85201","map_link":"https://www.google.com/maps/place/64+E+1st+St,+Mesa,+AZ+85201","Start_Date":"2026-05-04","End_Date":"2026-10-31","PrimaryPhone":"480-644-5252","HeatRelief":"Yes","HeatRelief_Type":"Hydration Station","Collection":"Yes","Collection_Type":"Water Collection Only","Hours":"Mo-Th 10am-8pm, Fr-Sa 10am-5pm","MondayOpen":"10:00 AM","MondayClose":"8:00 PM","TuesdayOpen":"10:00 AM","TuesdayClose":"8:00 PM","WednesdayOpen":"10:00 AM","WednesdayClose":"8:00 PM","ThursdayOpen":"10:00 AM","ThursdayClose":"8:00 PM","FridayOpen":"10:00 AM","FridayClose":"5:00 PM","SaturdayOpen":"10:00 AM","SaturdayClose":"5:00 PM","SundayOpen":null,"SundayClose":null,"MemorialDay":"Closed","Juneteenth":"Regular Hours","IndependenceDay":"Closed","LaborDay":"Closed","Pets":null,"Wheelchair_access":null,"ADA_accessible":null,"Services":null,"Note":null,"image":null,"Status":1,"Active":"Yes"}},{"type":"Feature","id":479,"geometry":{"type":"Point","coordinates":[-112.37622,33.6299500000001]},"properties":{"OBJECTID":479,"globalid":"d4aba51b-b15a-4fbe-95b1-14357d5a4417","City":"Surprise","Year":2026,"LUT_Location":"SU_Regional_Lib","Organization":"City of Surprise","Location":"Surprise Regional Public Library","Address":"16089 N. Bullard Ave. Surprise AZ 85374","map_link":"https://www.google.com/maps/place/16089+N+Bullard+Ave,+Surprise,+AZ+85374","Start_Date":"2026-05-01","End_Date":"2026-09-30","PrimaryPhone":"623-222-1329","HeatRelief":"Yes","HeatRelief_Type":"Cooling Center","Collection":"No","Collection_Type":null,"Hours":"Mo-Th 9am-8pm, Fr-Su 9am-5pm","MondayOpen":"9:00 AM","MondayClose":"8:00 PM","TuesdayOpen":"9:00 AM","TuesdayClose":"8:00 PM","WednesdayOpen":"9:00 AM","WednesdayClose":"8:00 PM","ThursdayOpen":"9:00 AM","ThursdayClose":"8:00 PM","FridayOpen":"9:00 AM","FridayClose":"5:00 PM","SaturdayOpen":"9:00 AM","SaturdayClose":"5:00 PM","SundayOpen":"9:00 AM","SundayClose":"5:00 PM","MemorialDay":"9am-5pm","Juneteenth":"Regular Hours","IndependenceDay":"9am-5pm","LaborDay":"9am-5pm","Pets":null,"Wheelchair_access":null,"ADA_accessible":null,"Services":null,"Note":null,"image":null,"Status":1,"Active":"Yes"}},{"type":"Feature","id":481,"geometry":{"type":"Point","coordinates":[-112.047335672,33.4847316830001]},"properties":{"OBJECTID":481,"globalid":"663ce14f-1980-472c-9044-fb7af2949f8d","City":"Phoenix","Year":2026,"LUT_Location":"LCSA_main","Organization":"Labor's Community Service Agency","Location":"Labor's Community Service Agency ","Address":"3117 N. 16th St. Phoenix AZ 85016 (Ste #100)","map_link":"https://www.google.com/maps/place/3117+N+16th+St+STE+100,+Phoenix,+AZ+85016","Start_Date":"2026-05-01","End_Date":"2026-09-30","PrimaryPhone":"480-475-9932","HeatRelief":"Yes","HeatRelief_Type":"Hydration Station","Collection":"Yes","Collection_Type":"Water Collection Only","Hours":"Mo-Fr 9am-4pm","MondayOpen":"9:00 AM","MondayClose":"4:00 PM","TuesdayOpen":"9:00 AM","TuesdayClose":"4:00 PM","WednesdayOpen":"9:00 AM","WednesdayClose":"4:00 PM","ThursdayOpen":"9:00 AM","ThursdayClose":"4:00 PM","FridayOpen":"9:00 AM","FridayClose":"4:00 PM","SaturdayOpen":null,"SaturdayClose":null,"SundayOpen":null,"SundayClose":null,"MemorialDay":"Closed","Juneteenth":"Regular Hours","IndependenceDay":"Closed","LaborDay":"Closed","Pets":null,"Wheelchair_access":null,"ADA_accessible":null,"Services":null,"Note":null,"image":null,"Status":1,"Active":"Yes"}},{"type":"Feature","id":482,"geometry":{"type":"Point","coordinates":[-112.418351358,33.69757127]},"properties":{"OBJECTID":482,"globalid":"983c11b9-bfe4-4889-a814-05061f8e24ff","City":"Surprise","Year":2026,"LUT_Location":"SU_Asante_Lib","Organization":"City of Surprise","Location":"Asante Library  ","Address":"16755 W. Vereda Solana Dr. Surprise AZ 85387","map_link":"https://www.google.com/maps/place/16755+W+Vereda+Solana+Dr.,+Surprise,+AZ+85387","Start_Date":"2026-05-01","End_Date":"2026-09-30","PrimaryPhone":"623-222-1329","HeatRelief":"Yes","HeatRelief_Type":"Cooling Center","Collection":"No","Collection_Type":null,"Hours":"Mo-We 10am-7pm, Th-Sa 10am-5pm","MondayOpen":"10:00 AM","MondayClose":"7:00 PM","TuesdayOpen":"10:00 AM","TuesdayClose":"7:00 PM","WednesdayOpen":"10:00 AM","WednesdayClose":"7:00 PM","ThursdayOpen":"10:00 AM","ThursdayClose":"5:00 PM","FridayOpen":"10:00 AM","FridayClose":"5:00 PM","SaturdayOpen":"10:00 AM","SaturdayClose":"5:00 PM","SundayOpen":null,"SundayClose":null,"MemorialDay":"10am-5pm","Juneteenth":"Regular Hours","IndependenceDay":"10am-5pm","LaborDay":"10am-5pm","Pets":null,"Wheelchair_access":null,"ADA_accessible":null,"Services":null,"Note":null,"image":"https://geo.azmag.gov/maps/images/heatrelief/Mar_Co_Asnt_Lib.jpg","Status":1,"Active":"Yes"}},{"type":"Feature","id":483,"geometry":{"type":"Point","coordinates":[-112.151976811,33.5832661920001]},"properties":{"OBJECTID":483,"globalid":"b98418a4-dc73-4e8c-854d-c4b13c16123e","City":"Glendale","Year":2026,"LUT_Location":"LCC","Organization":"AZ Faith Network","Location":"Larkspur Christian Church","Address":"10614 N. 43rd Ave Glendale AZ 85304","map_link":"https://www.google.com/maps/place/10614+N+43rd+Ave,+Glendale,+AZ+85304","Start_Date":"2026-05-15","End_Date":"2026-09-30","PrimaryPhone":"602-334-4331","HeatRelief":"Yes","HeatRelief_Type":"Respite Center","Collection":"Yes","Collection_Type":"Water and General Collection","Hours":"Mo-Sa 12pm-8pm","MondayOpen":"12:00 PM","MondayClose":"8:00 PM","TuesdayOpen":"12:00 PM","TuesdayClose":"8:00 PM","WednesdayOpen":"12:00 PM","WednesdayClose":"8:00 PM","ThursdayOpen":"12:00 PM","ThursdayClose":"8:00 PM","FridayOpen":"12:00 PM","FridayClose":"8:00 PM","SaturdayOpen":"12:00 PM","SaturdayClose":"8:00 PM","SundayOpen":null,"SundayClose":null,"MemorialDay":"Regular Hours","Juneteenth":"Regular Hours","IndependenceDay":"Regular Hours","LaborDay":"Regular Hours","Pets":"Yes","Wheelchair_access":"Yes","ADA_accessible":null,"Services":"Hygiene items, Showers","Note":null,"image":"https://geo.azmag.gov/maps/images/heatrelief/LCC.jpg","Status":1,"Active":"Yes"}},{"type":"Feature","id":484,"geometry":{"type":"Point","coordinates":[-112.099301524,33.4495430650001]},"properties":{"OBJECTID":484,"globalid":"5a637dbd-d26a-4d99-a222-772881591748","City":"Phoenix","Year":2026,"LUT_Location":"Adams_CC","Organization":"AZ Faith Network","Location":"Cooltainer 1818","Address":"1818 W. Adams St. Phoenix AZ 85007","map_link":"https://www.google.com/maps/place/1818+W+Adams+St,+Phoenix,+AZ+85007/","Start_Date":"2026-05-04","End_Date":"2026-09-28","PrimaryPhone":"602-334-4331","HeatRelief":"Yes","HeatRelief_Type":"Cooling Center","Collection":"No","Collection_Type":null,"Hours":"Mo-Su 8am-8pm","MondayOpen":"8:00 AM","MondayClose":"8:00 PM","TuesdayOpen":"8:00 AM","TuesdayClose":"8:00 PM","WednesdayOpen":"8:00 AM","WednesdayClose":"8:00 PM","ThursdayOpen":"8:00 AM","ThursdayClose":"8:00 PM","FridayOpen":"8:00 AM","FridayClose":"8:00 PM","SaturdayOpen":"8:00 AM","SaturdayClose":"8:00 PM","SundayOpen":"8:00 AM","SundayClose":"8:00 PM","MemorialDay":"Regular Hours","Juneteenth":"Regular Hours","IndependenceDay":"Regular Hours","LaborDay":"Regular Hours","Pets":"Yes","Wheelchair_access":"Yes","ADA_accessible":"Yes","Services":null,"Note":null,"image":"https://geo.azmag.gov/maps/images/heatrelief/Adams_CC.jpg","Status":1,"Active":"Yes"}},{"type":"Feature","id":485,"geometry":{"type":"Point","coordinates":[-112.08611,33.4469]},"properties":{"OBJECTID":485,"globalid":"49af19c7-f475-48ec-bda3-440ea2a2f656","City":"Phoenix","Year":2026,"LUT_Location":"Justa_Cntr_main","Organization":"Justa Center","Location":"Justa Resource & Day Center ","Address":"1001 W. Jefferson St. Phoenix AZ 85007","map_link":"https://www.google.com/maps/place/1001+W+Jefferson+St,+Phoenix,+AZ+85007","Start_Date":"2026-05-01","End_Date":"2026-09-30","PrimaryPhone":"602-783-2175","HeatRelief":"Yes","HeatRelief_Type":"Cooling Center","Collection":"Yes","Collection_Type":"Water and General Collection","Hours":"Mo-Su 3pm-9pm","MondayOpen":"3:00 PM","MondayClose":"9:00 PM","TuesdayOpen":"3:00 PM","TuesdayClose":"9:00 PM","WednesdayOpen":"3:00 PM","WednesdayClose":"9:00 PM","ThursdayOpen":"3:00 PM","ThursdayClose":"9:00 PM","FridayOpen":"3:00 PM","FridayClose":"9:00 PM","SaturdayOpen":"3:00 PM","SaturdayClose":"9:00 PM","SundayOpen":"3:00 PM","SundayClose":"9:00 PM","MemorialDay":"Regular Hours","Juneteenth":"Regular Hours","IndependenceDay":"Regular Hours","LaborDay":"Regular Hours","Pets":"Yes","Wheelchair_access":"Yes","ADA_accessible":null,"Services":"Homeless services, Food, Clothing, Hygiene items, Showers, Laundry","Note":null,"image":"https://geo.azmag.gov/maps/images/heatrelief/Justa_Cntr_main.jpg","Status":1,"Active":"Yes"}},{"type":"Feature","id":486,"geometry":{"type":"Point","coordinates":[-111.83360517,33.407442093]},"properties":{"OBJECTID":486,"globalid":"deaf5142-d5bd-4940-aa64-916e0c6c6803","City":"Mesa","Year":2026,"LUT_Location":"St_Vcnt_DP_Mesa","Organization":"Society of St. Vincent de Paul","Location":"Mesa Dining Room","Address":"67 W. Broadway Rd. Mesa AZ 85210","map_link":"https://www.google.com/maps/place/67+W+Broadway+Rd,+Mesa,+AZ+85210","Start_Date":"2026-06-01","End_Date":"2026-09-30","PrimaryPhone":"480-514-6800","HeatRelief":"Yes","HeatRelief_Type":"Cooling Center","Collection":"Yes","Collection_Type":"Water and General Collection","Hours":"Mo-Su 12pm-5pm","MondayOpen":"12:00 PM","MondayClose":"5:00 PM","TuesdayOpen":"12:00 PM","TuesdayClose":"5:00 PM","WednesdayOpen":"12:00 PM","WednesdayClose":"5:00 PM","ThursdayOpen":"12:00 PM","ThursdayClose":"5:00 PM","FridayOpen":"12:00 PM","FridayClose":"5:00 PM","SaturdayOpen":"12:00 PM","SaturdayClose":"5:00 PM","SundayOpen":"12:00 PM","SundayClose":"5:00 PM","MemorialDay":"Regular Hours","Juneteenth":"Regular Hours","IndependenceDay":"Regular Hours","LaborDay":"Regular Hours","Pets":null,"Wheelchair_access":"Yes","ADA_accessible":"Yes","Services":"Homeless services, Food, Hygiene items","Note":null,"image":null,"Status":1,"Active":"Yes"}},{"type":"Feature","id":488,"geometry":{"type":"Point","coordinates":[-111.838995292,33.458280582]},"properties":{"OBJECTID":488,"globalid":"7bf3934f-25e4-43b6-bacc-db64a4d96978","City":"Mesa","Year":2026,"LUT_Location":"E_Valley_Mens_Cntr","Organization":"A New Leaf","Location":"East Valley Men's Center","Address":"2345 N. Country Club Dr. Mesa AZ 85201","map_link":"https://www.google.com/maps/place/2345+N+Country+Club+Dr,+Mesa,+AZ+85201","Start_Date":"2026-05-01","End_Date":"2026-09-30","PrimaryPhone":"480-826-1137","HeatRelief":"No","HeatRelief_Type":null,"Collection":"Yes","Collection_Type":"Water and General Collection","Hours":"Mo-Su 8am-4pm ","MondayOpen":"8:00 AM","MondayClose":"4:00 PM","TuesdayOpen":"8:00 AM","TuesdayClose":"4:00 PM","WednesdayOpen":"8:00 AM","WednesdayClose":"4:00 PM","ThursdayOpen":"8:00 AM","ThursdayClose":"4:00 PM","FridayOpen":"8:00 AM","FridayClose":"4:00 PM","SaturdayOpen":"8:00 AM","SaturdayClose":"4:00 PM","SundayOpen":"8:00 AM","SundayClose":"4:00 PM","MemorialDay":"Regular Hours","Juneteenth":"Regular Hours","IndependenceDay":"Regular Hours","LaborDay":"Regular Hours","Pets":null,"Wheelchair_access":null,"ADA_accessible":null,"Services":null,"Note":null,"image":null,"Status":1,"Active":"Yes"}},{"type":"Feature","id":489,"geometry":{"type":"Point","coordinates":[-112.069339658,33.4938858510001]},"properties":{"OBJECTID":489,"globalid":"2b3358b1-2193-4cfc-9144-ed9b9f5e0f34","City":"Phoenix","Year":2026,"LUT_Location":"CBI_SSVF","Organization":"Community Bridges (CBI)","Location":"SSVF Veterans programs ","Address":"4001 N. 3rd St. Phoenix AZ 85012","map_link":"https://www.google.com/maps/place/4001+N+3rd+St,+Phoenix,+AZ+85012","Start_Date":"2026-05-01","End_Date":"2026-09-30","PrimaryPhone":"602-717-2189","HeatRelief":"Yes","HeatRelief_Type":"Hydration Station","Collection":"Yes","Collection_Type":"Water and General Collection","Hours":"Mo-Fr 8am-5pm","MondayOpen":"8:00 AM","MondayClose":"5:00 PM","TuesdayOpen":"8:00 AM","TuesdayClose":"5:00 PM","WednesdayOpen":"8:00 AM","WednesdayClose":"5:00 PM","ThursdayOpen":"8:00 AM","ThursdayClose":"5:00 PM","FridayOpen":"8:00 AM","FridayClose":"5:00 PM","SaturdayOpen":null,"SaturdayClose":null,"SundayOpen":null,"SundayClose":null,"MemorialDay":"Closed","Juneteenth":"Closed","IndependenceDay":"Closed","LaborDay":"Closed","Pets":"Yes","Wheelchair_access":"Yes","ADA_accessible":"Yes","Services":"Homeless services, Health services, Hygiene items ","Note":null,"image":"https://geo.azmag.gov/maps/images/heatrelief/CBI_SSVF.jpg","Status":1,"Active":"Yes"}},{"type":"Feature","id":490,"geometry":{"type":"Point","coordinates":[-111.863416177,33.627680716]},"properties":{"OBJECTID":490,"globalid":"94e816d9-639d-4e67-a354-b7b7733ef5a2","City":"Scottsdale","Year":2026,"LUT_Location":"SC_Arabian_Lib","Organization":"City of Scottsdale","Location":"Arabian Library ","Address":"10215 E. McDowell Mountain Ranch Rd. Scottsdale AZ 85255","map_link":"https://www.google.com/maps/place/10215+E+McDowell+Mountain+Ranch+Rd,+Scottsdale,+AZ+85255","Start_Date":"2026-05-01","End_Date":"2026-10-31","PrimaryPhone":"480-312-6110","HeatRelief":"Yes","HeatRelief_Type":"Cooling Center","Collection":"Yes","Collection_Type":"Water and General Collection","Hours":"Mo-Th 9am-7pm, Fr 10am-6pm, Sa 10am-5pm, Su 1pm-5pm","MondayOpen":"9:00 AM","MondayClose":"7:00 PM","TuesdayOpen":"9:00 AM","TuesdayClose":"7:00 PM","WednesdayOpen":"9:00 AM","WednesdayClose":"7:00 PM","ThursdayOpen":"9:00 AM","ThursdayClose":"7:00 PM","FridayOpen":"10:00 AM","FridayClose":"6:00 PM","SaturdayOpen":"10:00 AM","SaturdayClose":"5:00 PM","SundayOpen":"1:00 PM","SundayClose":"5:00 PM","MemorialDay":"Closed","Juneteenth":"Closed","IndependenceDay":"Closed","LaborDay":"Closed","Pets":null,"Wheelchair_access":"Yes","ADA_accessible":"Yes","Services":null,"Note":null,"image":"https://geo.azmag.gov/maps/images/heatrelief/SC_Arabian_Lib.jpg","Status":1,"Active":"Yes"}},{"type":"Feature","id":491,"geometry":{"type":"Point","coordinates":[-112.167836827,33.542554755]},"properties":{"OBJECTID":491,"globalid":"12da5bb8-eb86-4af9-a466-0a78927581b9","City":"Glendale","Year":2026,"LUT_Location":"SJLC","Organization":"AZ Faith Network","Location":"St Johns Lutheran Church","Address":"7205 N. 51st Ave Glendale AZ 85301","map_link":"https://www.google.com/maps/place/7205+N+51st+Ave,+Glendale,+AZ+85301","Start_Date":"2026-05-18","End_Date":"2026-09-30","PrimaryPhone":"602-334-4331","HeatRelief":"Yes","HeatRelief_Type":"Respite Center","Collection":"Yes","Collection_Type":"Water and General Collection","Hours":"Mo-Sa 12pm-8pm","MondayOpen":"12:00 PM","MondayClose":"8:00 PM","TuesdayOpen":"12:00 PM","TuesdayClose":"8:00 PM","WednesdayOpen":"12:00 PM","WednesdayClose":"8:00 PM","ThursdayOpen":"12:00 PM","ThursdayClose":"8:00 PM","FridayOpen":"12:00 PM","FridayClose":"8:00 PM","SaturdayOpen":"12:00 PM","SaturdayClose":"8:00 PM","SundayOpen":null,"SundayClose":null,"MemorialDay":"12-5pm","Juneteenth":"Regular Hours","IndependenceDay":"Regular Hours","LaborDay":"Regular Hours","Pets":"Yes","Wheelchair_access":"Yes","ADA_accessible":null,"Services":"Homeless services, Food, Clothing, Hygiene items, Showers ","Note":null,"image":"https://geo.azmag.gov/maps/images/heatrelief/SJLC.png","Status":1,"Active":"Yes"}},{"type":"Feature","id":492,"geometry":{"type":"Point","coordinates":[-111.817282472,33.407640761]},"properties":{"OBJECTID":492,"globalid":"d3af629b-8c7a-4798-b966-39de076532eb","City":"Mesa","Year":2026,"LUT_Location":"MesaCAN","Organization":"A New Leaf","Location":"MesaCAN","Address":"635 E. Broadway Rd. Mesa AZ 85204","map_link":"https://www.google.com/maps/place/635+E+Broadway+Rd,+Mesa,+AZ+85204","Start_Date":"2026-05-01","End_Date":"2026-09-30","PrimaryPhone":"480-247-1441","HeatRelief":"Yes","HeatRelief_Type":"Cooling Center","Collection":"No","Collection_Type":null,"Hours":"Mo-Fr 8am-5pm","MondayOpen":"8:00 AM","MondayClose":"5:00 PM","TuesdayOpen":"8:00 AM","TuesdayClose":"5:00 PM","WednesdayOpen":"8:00 AM","WednesdayClose":"5:00 PM","ThursdayOpen":"8:30 AM","ThursdayClose":"5:00 PM","FridayOpen":"8:00 AM","FridayClose":"5:00 PM","SaturdayOpen":null,"SaturdayClose":null,"SundayOpen":null,"SundayClose":null,"MemorialDay":"Closed","Juneteenth":"Regular Hours","IndependenceDay":"Closed","LaborDay":"Closed","Pets":null,"Wheelchair_access":"Yes","ADA_accessible":"Yes","Services":"Homeless services, Food, Hygiene items, Utility Assistance","Note":null,"image":"https://geo.azmag.gov/maps/images/heatrelief/MesaCAN.jpg","Status":1,"Active":"Yes"}},{"type":"Feature","id":493,"geometry":{"type":"Point","coordinates":[-112.075628677,33.4532395520001]},"properties":{"OBJECTID":493,"globalid":"ad26d7d9-7c58-43d9-838b-f3e2893d8f02","City":"Phoenix","Year":2026,"LUT_Location":"Lincoln_Family_YMCA","Organization":"YMCA","Location":"Lincoln Family Downtown YMCA","Address":"350 N. 1st Ave. Phoenix AZ 85003","map_link":"https://www.google.com/maps/place/350+N+1st+Ave,+Phoenix,+AZ+85003","Start_Date":"2026-05-01","End_Date":"2026-09-30","PrimaryPhone":"602-257-5138","HeatRelief":"Yes","HeatRelief_Type":"Hydration Station","Collection":"Yes","Collection_Type":"Water and General Collection","Hours":"Mo-Fr 7am-7pm","MondayOpen":"7:00 AM","MondayClose":"7:00 PM","TuesdayOpen":"7:00 AM","TuesdayClose":"7:00 PM","WednesdayOpen":"7:00 AM","WednesdayClose":"7:00 PM","ThursdayOpen":"7:00 AM","ThursdayClose":"7:00 PM","FridayOpen":"7:00 AM","FridayClose":"7:00 PM","SaturdayOpen":null,"SaturdayClose":null,"SundayOpen":null,"SundayClose":null,"MemorialDay":"Closed","Juneteenth":"Regular Hours","IndependenceDay":"Closed","LaborDay":"Closed","Pets":null,"Wheelchair_access":null,"ADA_accessible":null,"Services":"Food, Clothing","Note":null,"image":"https://geo.azmag.gov/maps/images/heatrelief/Lincoln_Family_YMCA.jpeg","Status":1,"Active":"Yes"}},{"type":"Feature","id":494,"geometry":{"type":"Point","coordinates":[-112.583178455,33.372821833]},"properties":{"OBJECTID":494,"globalid":"089ab8a6-929e-44fd-923b-73a8e82ff4a7","City":"Buckeye","Year":2026,"LUT_Location":"BU_Dtwn_Lib","Organization":"City of Buckeye","Location":"Buckeye Downtown Library","Address":"310 N. 6th St. Buckeye AZ 85326","map_link":"https://www.google.com/maps/place/310+6th+St,+Buckeye,+AZ+85326","Start_Date":"2026-05-01","End_Date":"2026-10-26","PrimaryPhone":"623-349-6303","HeatRelief":"Yes","HeatRelief_Type":"Cooling Center","Collection":"No","Collection_Type":null,"Hours":"Mo & We 9am-6pm, Tu & Th 10am-7pm, Fr-Sa 10am-5pm","MondayOpen":"9:00 AM","MondayClose":"6:00 PM","TuesdayOpen":"10:00 AM","TuesdayClose":"7:00 PM","WednesdayOpen":"9:00 AM","WednesdayClose":"6:00 PM","ThursdayOpen":"10:00 AM","ThursdayClose":"7:00 PM","FridayOpen":"10:00 AM","FridayClose":"5:00 PM","SaturdayOpen":"10:00 AM","SaturdayClose":"5:00 PM","SundayOpen":null,"SundayClose":null,"MemorialDay":"Closed","Juneteenth":"Closed","IndependenceDay":"Closed","LaborDay":"Closed","Pets":null,"Wheelchair_access":"Yes","ADA_accessible":"Yes","Services":null,"Note":null,"image":null,"Status":1,"Active":"Yes"}},{"type":"Feature","id":495,"geometry":{"type":"Point","coordinates":[-112.517409265,33.434359796]},"properties":{"OBJECTID":495,"globalid":"773e4e38-7ec4-4855-a8ef-94e6cc4f5f58","City":"Buckeye","Year":2026,"LUT_Location":"BU_Cyt_Lib","Organization":"City of Buckeye","Location":"Coyote Library","Address":"21699 W. Yuma Rd. Buckeye AZ 85326 (Suite 116)","map_link":"https://www.google.com/maps/place/21699+W+Yuma+Rd,+Buckeye,+AZ+85326","Start_Date":"2026-05-01","End_Date":"2026-10-26","PrimaryPhone":"623-349-6321","HeatRelief":"Yes","HeatRelief_Type":"Cooling Center","Collection":"No","Collection_Type":null,"Hours":"Mo & We 10am-7pm, Tu & Th 9am-6pm, Fr-Sa 10am-5pm","MondayOpen":"10:00 AM","MondayClose":"7:00 PM","TuesdayOpen":"9:00 AM","TuesdayClose":"6:00 PM","WednesdayOpen":"10:00 AM","WednesdayClose":"7:00 PM","ThursdayOpen":"9:00 AM","ThursdayClose":"6:00 PM","FridayOpen":"10:00 AM","FridayClose":"5:00 PM","SaturdayOpen":"10:00 AM","SaturdayClose":"5:00 PM","SundayOpen":null,"SundayClose":null,"MemorialDay":"Closed","Juneteenth":"Closed","IndependenceDay":"Closed","LaborDay":"Closed","Pets":null,"Wheelchair_access":"Yes","ADA_accessible":"Yes","Services":null,"Note":null,"image":null,"Status":1,"Active":"Yes"}},{"type":"Feature","id":496,"geometry":{"type":"Point","coordinates":[-112.123936514,33.4948293620001]},"properties":{"OBJECTID":496,"globalid":"7c7f7adb-a5e5-4595-a8df-e22acef50cec","City":"Phoenix","Year":2026,"LUT_Location":"Reborn_Church_main","Organization":"The Reborn Church ","Location":"The Reborn Church ","Address":"3043 W. Indian School Rd. Phoenix AZ 85017","map_link":"https://www.google.com/maps/place/3043+W+Indian+School+Rd,+Phoenix,+AZ+85017/","Start_Date":"2026-05-01","End_Date":"2026-10-31","PrimaryPhone":"480-580-4767","HeatRelief":"Yes","HeatRelief_Type":"Hydration Station","Collection":"No","Collection_Type":null,"Hours":"We 5pm-7:30pm & Su 8:30am-12:30pm","MondayOpen":null,"MondayClose":null,"TuesdayOpen":null,"TuesdayClose":null,"WednesdayOpen":"5:00 PM","WednesdayClose":"7:30 PM","ThursdayOpen":null,"ThursdayClose":null,"FridayOpen":null,"FridayClose":null,"SaturdayOpen":null,"SaturdayClose":null,"SundayOpen":"8:30 AM","SundayClose":"12:30 PM","MemorialDay":"Closed","Juneteenth":"Closed","IndependenceDay":"Closed","LaborDay":"Closed","Pets":null,"Wheelchair_access":null,"ADA_accessible":null,"Services":null,"Note":null,"image":null,"Status":1,"Active":"Yes"}},{"type":"Feature","id":498,"geometry":{"type":"Point","coordinates":[-111.739249121,33.3956592700001]},"properties":{"OBJECTID":498,"globalid":"2b2170b6-b2d8-4cde-8b58-9b288e5c8a96","City":"Mesa","Year":2026,"LUT_Location":"Copa_Health_FL","Organization":"Copa Health","Location":"Florian","Address":"4250 E. Florian Ave. Mesa AZ 85206","map_link":"https://www.google.com/maps/place/4250+E+Florian+Ave,+Mesa,+AZ+85206","Start_Date":"2026-05-01","End_Date":"2026-09-30","PrimaryPhone":"480-364-4933","HeatRelief":"Yes","HeatRelief_Type":"Hydration Station","Collection":"Yes","Collection_Type":"Water and General Collection","Hours":"Mo-Fr 8am-5pm","MondayOpen":"8:00 AM","MondayClose":"5:00 PM","TuesdayOpen":"8:00 AM","TuesdayClose":"5:00 PM","WednesdayOpen":"8:00 AM","WednesdayClose":"5:00 PM","ThursdayOpen":"8:00 AM","ThursdayClose":"5:00 PM","FridayOpen":"8:00 AM","FridayClose":"5:00 PM","SaturdayOpen":null,"SaturdayClose":null,"SundayOpen":null,"SundayClose":null,"MemorialDay":"Closed","Juneteenth":"Closed","IndependenceDay":"Closed","LaborDay":"Closed","Pets":null,"Wheelchair_access":null,"ADA_accessible":null,"Services":null,"Note":null,"image":null,"Status":1,"Active":"Yes"}},{"type":"Feature","id":499,"geometry":{"type":"Point","coordinates":[-112.050629937,33.5847154080001]},"properties":{"OBJECTID":499,"globalid":"11b59b6f-be87-4fa9-9966-41e611615700","City":"Phoenix","Year":2026,"LUT_Location":"SRC_main","Organization":"Sanctuary Recovery Centers","Location":"Sanctuary Recovery Centers","Address":"10828 N. Cave Creek Rd. Phoenix AZ 85020","map_link":"https://www.google.com/maps/place/10828+N+Cave+Creek+Rd,+Phoenix,+AZ+85020","Start_Date":"2026-05-01","End_Date":"2026-09-30","PrimaryPhone":"602-918-0826","HeatRelief":"Yes","HeatRelief_Type":"Hydration Station","Collection":"Yes","Collection_Type":"Water and General Collection","Hours":"Mo-Fr 9am-5pm","MondayOpen":"9:00 AM","MondayClose":"5:00 PM","TuesdayOpen":"9:00 AM","TuesdayClose":"5:00 PM","WednesdayOpen":"9:00 AM","WednesdayClose":"5:00 PM","ThursdayOpen":"9:00 AM","ThursdayClose":"5:00 PM","FridayOpen":"9:00 AM","FridayClose":"5:00 PM","SaturdayOpen":null,"SaturdayClose":null,"SundayOpen":null,"SundayClose":null,"MemorialDay":"Regular Hours","Juneteenth":"Regular Hours","IndependenceDay":"Regular Hours","LaborDay":"Regular Hours","Pets":null,"Wheelchair_access":null,"ADA_accessible":null,"Services":null,"Note":null,"image":null,"Status":1,"Active":"Yes"}},{"type":"Feature","id":509,"geometry":{"type":"Point","coordinates":[-111.743044542,33.4507924920001]},"properties":{"OBJECTID":509,"globalid":"cc4a5b89-7ba4-4507-ade1-ac37a0d9b8c3","City":"Mesa","Year":2026,"LUT_Location":"Mesa_TPC","Organization":"City of Mesa","Location":"Mesa Tennis and Pickleball Center","Address":"4125 E. McKellips Rd. Mesa AZ 85215","map_link":"https://www.google.com/maps/place/4125+E+McKellips+Rd,+Mesa,+AZ+85205","Start_Date":"2026-05-01","End_Date":"2026-09-30","PrimaryPhone":"480-259-7037","HeatRelief":"No","HeatRelief_Type":null,"Collection":"Yes","Collection_Type":"Water Collection Only","Hours":"Mo-Fr 7am-10pm, Sa-Su 7am-12pm","MondayOpen":"7:00 AM","MondayClose":"10:00 PM","TuesdayOpen":"7:00 AM","TuesdayClose":"10:00 PM","WednesdayOpen":"7:00 AM","WednesdayClose":"10:00 PM","ThursdayOpen":"7:00 AM","ThursdayClose":"10:00 PM","FridayOpen":"7:00 AM","FridayClose":"10:00 PM","SaturdayOpen":"7:00 AM","SaturdayClose":"12:00 PM","SundayOpen":"7:00 AM","SundayClose":"12:00 PM","MemorialDay":"Closed","Juneteenth":"Regular Hours","IndependenceDay":"Closed","LaborDay":"Closed","Pets":null,"Wheelchair_access":null,"ADA_accessible":null,"Services":null,"Note":null,"image":null,"Status":1,"Active":"Yes"}},{"type":"Feature","id":510,"geometry":{"type":"Point","coordinates":[-111.872750295,33.3889047810001]},"properties":{"OBJECTID":510,"globalid":"03a1ab75-8e68-423c-9e1a-c4fcd01db53e","City":"Mesa","Year":2026,"LUT_Location":"MCC_Sthrn_Dbsn_Police","Organization":"Mesa Community College","Location":"MCC Southern and Dobson Campus College Police","Address":"1833 W. Southern Ave. Mesa AZ 85202 (Bldg SC14)","map_link":"https://www.google.com/maps/place/1833+W+Southern+Ave,+Mesa,+AZ+85202","Start_Date":"2026-05-01","End_Date":"2026-09-30","PrimaryPhone":"480-461-7243","HeatRelief":"No","HeatRelief_Type":null,"Collection":"Yes","Collection_Type":"Water and General Collection","Hours":"Mo-Sa 6am-8pm","MondayOpen":"6:00 AM","MondayClose":"8:00 PM","TuesdayOpen":"6:00 AM","TuesdayClose":"8:00 PM","WednesdayOpen":"6:00 AM","WednesdayClose":"8:00 PM","ThursdayOpen":"6:00 AM","ThursdayClose":"8:00 PM","FridayOpen":"6:00 AM","FridayClose":"8:00 PM","SaturdayOpen":"6:00 AM","SaturdayClose":"8:00 PM","SundayOpen":null,"SundayClose":null,"MemorialDay":"Closed","Juneteenth":"Closed","IndependenceDay":"Closed","LaborDay":"Closed","Pets":null,"Wheelchair_access":null,"ADA_accessible":null,"Services":null,"Note":null,"image":null,"Status":1,"Active":"Yes"}},{"type":"Feature","id":511,"geometry":{"type":"Point","coordinates":[-111.683596885,33.427366626]},"properties":{"OBJECTID":511,"globalid":"54589093-cf32-4e8e-a956-6a5507365dda","City":"Mesa","Year":2026,"LUT_Location":"Red_Mntn_Lib","Organization":"City of Mesa","Location":"Red Mountain Library ","Address":"635 N. Power Rd. Mesa AZ 85205","map_link":"https://www.google.com/maps/place/635+N+Power+Rd,+Mesa,+AZ+85205","Start_Date":"2026-05-01","End_Date":"2026-10-31","PrimaryPhone":"480-644-5252","HeatRelief":"Yes","HeatRelief_Type":"Hydration Station","Collection":"Yes","Collection_Type":"Water Collection Only","Hours":"Mo-Th 10am-8pm, Fr-Sa 10am-5pm","MondayOpen":"10:00 AM","MondayClose":"8:00 PM","TuesdayOpen":"10:00 AM","TuesdayClose":"8:00 PM","WednesdayOpen":"10:00 AM","WednesdayClose":"8:00 PM","ThursdayOpen":"10:00 AM","ThursdayClose":"8:00 PM","FridayOpen":"10:00 AM","FridayClose":"5:00 PM","SaturdayOpen":"10:00 AM","SaturdayClose":"5:00 PM","SundayOpen":null,"SundayClose":null,"MemorialDay":"Closed","Juneteenth":"Regular Hours","IndependenceDay":"Closed","LaborDay":"Closed","Pets":null,"Wheelchair_access":null,"ADA_accessible":null,"Services":null,"Note":null,"image":null,"Status":1,"Active":"Yes"}},{"type":"Feature","id":512,"geometry":{"type":"Point","coordinates":[-111.878992421,33.3710374]},"properties":{"OBJECTID":512,"globalid":"984124df-3a7f-49fb-b05e-a750cb4a1878","City":"Mesa","Year":2026,"LUT_Location":"Dobson_Ranch_Lib","Organization":"City of Mesa","Location":"Dobson Ranch Library ","Address":"2425 S. Dobson Rd. Mesa AZ 85202","map_link":"https://www.google.com/maps/place/2425+S+Dobson+Rd,+Mesa,+AZ+85202","Start_Date":"2026-05-01","End_Date":"2026-10-31","PrimaryPhone":"480-644-3448","HeatRelief":"Yes","HeatRelief_Type":"Hydration Station","Collection":"Yes","Collection_Type":"Water and General Collection","Hours":"Mo-Th 10am-8pm, Fri-Sa 10am-5pm","MondayOpen":"10:00 AM","MondayClose":"8:00 PM","TuesdayOpen":"10:00 AM","TuesdayClose":"8:00 PM","WednesdayOpen":"10:00 AM","WednesdayClose":"8:00 PM","ThursdayOpen":"10:00 AM","ThursdayClose":"8:00 PM","FridayOpen":"10:00 AM","FridayClose":"5:00 PM","SaturdayOpen":"10:00 AM","SaturdayClose":"5:00 PM","SundayOpen":null,"SundayClose":null,"MemorialDay":"Closed","Juneteenth":"Regular Hours","IndependenceDay":"Closed","LaborDay":"Closed","Pets":null,"Wheelchair_access":null,"ADA_accessible":null,"Services":null,"Note":null,"image":null,"Status":1,"Active":"Yes"}},{"type":"Feature","id":513,"geometry":{"type":"Point","coordinates":[-112.047502439,33.4820897860001]},"properties":{"OBJECTID":513,"globalid":"7a27c7aa-9e46-4108-a8e1-fd31a7ad2743","City":"Phoenix","Year":2026,"LUT_Location":"DLCTS_main","Organization":"De La Cruz Tire Shop","Location":"De La Cruz Tire Shop","Address":"3001 N. 16th St.  Phoenix AZ 85016","map_link":"https://www.google.com/maps/place/3001+N+16th+St,+Phoenix,+AZ+85016","Start_Date":"2026-05-13","End_Date":"2026-09-30","PrimaryPhone":"602-478-5855","HeatRelief":"Yes","HeatRelief_Type":"Hydration Station","Collection":"No","Collection_Type":null,"Hours":"Mo-Su 8am-7pm","MondayOpen":"8:00 AM","MondayClose":"7:00 PM","TuesdayOpen":"8:00 AM","TuesdayClose":"7:00 PM","WednesdayOpen":"8:00 AM","WednesdayClose":"7:00 PM","ThursdayOpen":"8:00 AM","ThursdayClose":"7:00 PM","FridayOpen":"8:00 AM","FridayClose":"7:00 PM","SaturdayOpen":"8:00 AM","SaturdayClose":"7:00 PM","SundayOpen":"8:00 AM","SundayClose":"7:00 PM","MemorialDay":"Regular Hours","Juneteenth":"Regular Hours","IndependenceDay":"Regular Hours","LaborDay":"Regular Hours","Pets":null,"Wheelchair_access":null,"ADA_accessible":null,"Services":null,"Note":null,"image":null,"Status":1,"Active":"Yes"}},{"type":"Feature","id":514,"geometry":{"type":"Point","coordinates":[-111.830795944,33.412239437]},"properties":{"OBJECTID":514,"globalid":"8eda5dd2-5780-4000-a1a4-1fa63b491910","City":"Mesa","Year":2026,"LUT_Location":"FUMC_Mesa","Organization":"First Community Missions DBA Friends at First Mesa","Location":"First United Methodist Church of Mesa, Outreach Center","Address":"15 E. First Ave. Mesa AZ 85210","map_link":"https://www.google.com/maps/place/15+E+1st+Ave,+Mesa,+AZ+85210","Start_Date":"2026-05-01","End_Date":"2026-09-30","PrimaryPhone":"480-359-4628","HeatRelief":"Yes","HeatRelief_Type":"Respite Center","Collection":"Yes","Collection_Type":"Water and General Collection","Hours":"Mo & Th 12pm-3pm","MondayOpen":"12:00 PM","MondayClose":"3:00 PM","TuesdayOpen":null,"TuesdayClose":null,"WednesdayOpen":null,"WednesdayClose":null,"ThursdayOpen":"12:00 PM","ThursdayClose":"3:00 PM","FridayOpen":null,"FridayClose":null,"SaturdayOpen":null,"SaturdayClose":null,"SundayOpen":null,"SundayClose":null,"MemorialDay":"Closed","Juneteenth":"Closed","IndependenceDay":"Closed","LaborDay":"Closed","Pets":"Yes","Wheelchair_access":"Yes","ADA_accessible":"Yes","Services":"Food, Clothing, Hygiene items, Showers","Note":null,"image":"https://geo.azmag.gov/maps/images/heatrelief/FUMC_Mesa.jpg","Status":1,"Active":"Yes"}},{"type":"Feature","id":516,"geometry":{"type":"Point","coordinates":[-112.372070003,33.6698381080001]},"properties":{"OBJECTID":516,"globalid":"b6b4ab47-413b-4876-85f8-1e507138cfa2","City":"Sun City West","Year":2026,"LUT_Location":"PSCW_main","Organization":"Posses of Sun City West","Location":"Posses of Sun City West","Address":"20450 N. Stardust Blvd. Sun City West AZ 85375","map_link":"https://www.google.com/maps/place/20450+N+Stardust+Blvd,+Sun+City+West,+AZ+85375","Start_Date":"2026-05-01","End_Date":"2026-09-30","PrimaryPhone":"856-275-7547","HeatRelief":"Yes","HeatRelief_Type":"Hydration Station","Collection":"No","Collection_Type":null,"Hours":"Mo-Fr 8am-4pm","MondayOpen":"8:00 AM","MondayClose":"4:00 PM","TuesdayOpen":"8:00 AM","TuesdayClose":"4:00 PM","WednesdayOpen":"8:00 AM","WednesdayClose":"4:00 PM","ThursdayOpen":"8:00 AM","ThursdayClose":"4:00 PM","FridayOpen":"8:00 AM","FridayClose":"4:00 PM","SaturdayOpen":null,"SaturdayClose":null,"SundayOpen":null,"SundayClose":null,"MemorialDay":"Closed","Juneteenth":"Regular Hours","IndependenceDay":"Closed","LaborDay":"Closed","Pets":null,"Wheelchair_access":null,"ADA_accessible":null,"Services":null,"Note":null,"image":null,"Status":1,"Active":"Yes"}},{"type":"Feature","id":518,"geometry":{"type":"Point","coordinates":[-112.064642857,33.4919817190001]},"properties":{"OBJECTID":518,"globalid":"da9035b0-dfcd-4ca3-a343-bd05fc6248ee","City":"Phoenix","Year":2026,"LUT_Location":"VDS_Central","Organization":"Valle del Sol","Location":"Valle del Sol Central","Address":"3807 N 7th St Phoenix AZ 85014","map_link":"https://www.google.com/maps/place/3807+N+7th+St,+Phoenix,+AZ+85014","Start_Date":"2026-05-18","End_Date":"2026-10-31","PrimaryPhone":"760-482-7844","HeatRelief":"Yes","HeatRelief_Type":"Cooling Center","Collection":"No","Collection_Type":null,"Hours":"Mo-Fr 7am-6pm","MondayOpen":"7:00 AM","MondayClose":"6:00 PM","TuesdayOpen":"7:00 AM","TuesdayClose":"6:00 PM","WednesdayOpen":"7:00 AM","WednesdayClose":"6:00 PM","ThursdayOpen":"7:00 AM","ThursdayClose":"6:00 PM","FridayOpen":"7:00 AM","FridayClose":"6:00 PM","SaturdayOpen":null,"SaturdayClose":null,"SundayOpen":null,"SundayClose":null,"MemorialDay":"Closed","Juneteenth":"Closed","IndependenceDay":"Closed","LaborDay":"Closed","Pets":"No","Wheelchair_access":"Yes","ADA_accessible":"Yes","Services":"Health services, ","Note":null,"image":null,"Status":1,"Active":"Yes"}},{"type":"Feature","id":519,"geometry":{"type":"Point","coordinates":[-112.074703591,33.4356204590001]},"properties":{"OBJECTID":519,"globalid":"bdcc67f0-7527-48da-82ce-5bbb14cfdb9e","City":"Phoenix","Year":2026,"LUT_Location":"VDS_S_PH","Organization":"Valle del Sol","Location":"Valle del Sol South Phoenix ","Address":"1209 S 1st Ave Phoenix AZ 85003","map_link":"https://www.google.com/maps/place/1209+South+1st+Avenue,+Phoenix,+AZ+85003","Start_Date":"2026-05-18","End_Date":"2026-10-31","PrimaryPhone":"760-482-7844","HeatRelief":"Yes","HeatRelief_Type":"Cooling Center","Collection":"No","Collection_Type":null,"Hours":"Mo-Fr 5am-5pm","MondayOpen":"5:00 AM","MondayClose":"5:00 PM","TuesdayOpen":"5:00 AM","TuesdayClose":"5:00 PM","WednesdayOpen":"5:00 AM","WednesdayClose":"5:00 PM","ThursdayOpen":"5:00 AM","ThursdayClose":"5:00 PM","FridayOpen":"5:00 AM","FridayClose":"5:00 PM","SaturdayOpen":null,"SaturdayClose":null,"SundayOpen":null,"SundayClose":null,"MemorialDay":"Closed","Juneteenth":"Closed","IndependenceDay":"Closed","LaborDay":"Closed","Pets":"No","Wheelchair_access":"Yes","ADA_accessible":"Yes","Services":"Homeless services, Health services","Note":null,"image":null,"Status":1,"Active":"Yes"}},{"type":"Feature","id":520,"geometry":{"type":"Point","coordinates":[-112.117788647,33.454053532]},"properties":{"OBJECTID":520,"globalid":"2359bfb0-7404-42b1-b136-fbd4d825bb29","City":"Phoenix","Year":2026,"LUT_Location":"VDS_W_PH","Organization":"Valle del Sol","Location":"Valle del Sol West Phoenix","Address":"502 N. 27th Ave Phoenix AZ 85009","map_link":"https://www.google.com/maps/place/502+N+27th+Ave,+Phoenix,+AZ+85009","Start_Date":"2026-05-18","End_Date":"2026-09-30","PrimaryPhone":"760-482-7844","HeatRelief":"Yes","HeatRelief_Type":"Cooling Center","Collection":"No","Collection_Type":null,"Hours":"Mo-Fr 7am-5pm","MondayOpen":"7:00 AM","MondayClose":"5:00 PM","TuesdayOpen":"7:00 AM","TuesdayClose":"5:00 PM","WednesdayOpen":"7:00 AM","WednesdayClose":"5:00 PM","ThursdayOpen":"7:00 AM","ThursdayClose":"5:00 PM","FridayOpen":"7:00 AM","FridayClose":"5:00 PM","SaturdayOpen":null,"SaturdayClose":null,"SundayOpen":null,"SundayClose":null,"MemorialDay":"Closed","Juneteenth":"Closed","IndependenceDay":"Closed","LaborDay":"Closed","Pets":"No","Wheelchair_access":"Yes","ADA_accessible":"Yes","Services":"Homeless services, Health services","Note":null,"image":null,"Status":1,"Active":"Yes"}},{"type":"Feature","id":521,"geometry":{"type":"Point","coordinates":[-112.153995196,33.4960164070001]},"properties":{"OBJECTID":521,"globalid":"f01672d9-3699-462d-823c-a3730e879984","City":"Phoenix","Year":2026,"LUT_Location":"VDS_IS","Organization":"Valle del Sol","Location":"Valle del Sol - Indian School","Address":"4344 W Indian School Rd Phoenix AZ 85031","map_link":"https://www.google.com/maps/place/4344+W+Indian+School+Rd,+Phoenix,+AZ+85031","Start_Date":"2026-05-18","End_Date":"2026-10-31","PrimaryPhone":"760-482-7844","HeatRelief":"Yes","HeatRelief_Type":"Cooling Center","Collection":"No","Collection_Type":null,"Hours":"Mo-Fr 7am-5pm","MondayOpen":"7:00 AM","MondayClose":"5:00 PM","TuesdayOpen":"7:00 AM","TuesdayClose":"5:00 PM","WednesdayOpen":"7:00 AM","WednesdayClose":"5:00 PM","ThursdayOpen":"7:00 AM","ThursdayClose":"5:00 PM","FridayOpen":"7:00 AM","FridayClose":"5:00 PM","SaturdayOpen":null,"SaturdayClose":null,"SundayOpen":null,"SundayClose":null,"MemorialDay":"Closed","Juneteenth":"Closed","IndependenceDay":"Closed","LaborDay":"Closed","Pets":"No","Wheelchair_access":"Yes","ADA_accessible":"Yes","Services":"Homeless services, Health services","Note":null,"image":null,"Status":1,"Active":"Yes"}},{"type":"Feature","id":522,"geometry":{"type":"Point","coordinates":[-112.241408432,33.4807595830001]},"properties":{"OBJECTID":522,"globalid":"0df73431-fd09-414a-89bc-3ed08f356756","City":"Phoenix","Year":2026,"LUT_Location":"VDS_M","Organization":"Valle del Sol","Location":"Valle del Sol - Maryvale","Address":"8410 W. Thomas Rd Phoenix AZ 85037 (Suite #116)","map_link":"https://www.google.com/maps/place/8410+W+Thomas+Rd,+Phoenix,+AZ+85037","Start_Date":"2026-05-18","End_Date":"2026-09-30","PrimaryPhone":"760-482-7844","HeatRelief":"Yes","HeatRelief_Type":"Cooling Center","Collection":"No","Collection_Type":null,"Hours":"Mo-Fr 7am-5pm","MondayOpen":"7:00 AM","MondayClose":"5:00 PM","TuesdayOpen":"7:00 AM","TuesdayClose":"5:00 PM","WednesdayOpen":"7:00 AM","WednesdayClose":"5:00 PM","ThursdayOpen":"7:00 AM","ThursdayClose":"5:00 PM","FridayOpen":"7:00 AM","FridayClose":"5:00 PM","SaturdayOpen":null,"SaturdayClose":null,"SundayOpen":null,"SundayClose":null,"MemorialDay":"Closed","Juneteenth":"Closed","IndependenceDay":"Closed","LaborDay":"Closed","Pets":"No","Wheelchair_access":"Yes","ADA_accessible":"Yes","Services":"Homeless services, Health services","Note":null,"image":null,"Status":1,"Active":"Yes"}},{"type":"Feature","id":523,"geometry":{"type":"Point","coordinates":[-111.838975591,33.434505444]},"properties":{"OBJECTID":523,"globalid":"540de93b-134f-495c-b29b-3d202d9a1dad","City":"Mesa","Year":2026,"LUT_Location":"VDS_EV","Organization":"Valle del Sol","Location":"Valle del Sol - East Valley","Address":"334 W 10th Place  Mesa AZ 85201 (Suite #100)","map_link":"https://www.google.com/maps/place/334+W+10th+Pl,+Mesa,+AZ+85201","Start_Date":"2026-05-18","End_Date":"2026-10-31","PrimaryPhone":"760-482-7844","HeatRelief":"Yes","HeatRelief_Type":"Cooling Center","Collection":"No","Collection_Type":null,"Hours":"Mo-Fr 6am-5pm","MondayOpen":"6:00 AM","MondayClose":"5:00 PM","TuesdayOpen":"6:00 AM","TuesdayClose":"5:00 PM","WednesdayOpen":"6:00 AM","WednesdayClose":"5:00 PM","ThursdayOpen":"6:00 AM","ThursdayClose":"5:00 PM","FridayOpen":"6:00 AM","FridayClose":"5:00 PM","SaturdayOpen":null,"SaturdayClose":null,"SundayOpen":null,"SundayClose":null,"MemorialDay":"Closed","Juneteenth":"Closed","IndependenceDay":"Closed","LaborDay":"Closed","Pets":"No","Wheelchair_access":"Yes","ADA_accessible":"Yes","Services":"Homeless services, Health services","Note":null,"image":null,"Status":1,"Active":"Yes"}},{"type":"Feature","id":524,"geometry":{"type":"Point","coordinates":[-111.686605728,33.3402804140001]},"properties":{"OBJECTID":524,"globalid":"f32b2e8e-2ec4-4de0-932c-477e381b3b58","City":"Mesa","Year":2026,"LUT_Location":"VDS_SV","Organization":"Valle del Sol","Location":"Valle del Sol - Southeast Valley","Address":"4135 S Power Rd Mesa AZ 85212 (Suite #108)","map_link":"https://www.google.com/maps/place/4135+S+Power+Rd,+Mesa,+AZ+85212","Start_Date":"2026-05-18","End_Date":"2026-09-30","PrimaryPhone":"760-482-7844","HeatRelief":"Yes","HeatRelief_Type":"Cooling Center","Collection":"No","Collection_Type":null,"Hours":"Mo-Fr 8am-5pm","MondayOpen":"8:00 AM","MondayClose":"5:00 PM","TuesdayOpen":"8:00 AM","TuesdayClose":"5:00 PM","WednesdayOpen":"8:00 AM","WednesdayClose":"5:00 PM","ThursdayOpen":"8:00 AM","ThursdayClose":"5:00 PM","FridayOpen":"8:00 AM","FridayClose":"5:00 PM","SaturdayOpen":null,"SaturdayClose":null,"SundayOpen":null,"SundayClose":null,"MemorialDay":"Closed","Juneteenth":"Closed","IndependenceDay":"Closed","LaborDay":"Closed","Pets":"No","Wheelchair_access":"Yes","ADA_accessible":"Yes","Services":"Homeless services, Health services ","Note":null,"image":null,"Status":1,"Active":"Yes"}},{"type":"Feature","id":525,"geometry":{"type":"Point","coordinates":[-112.006729479,33.4516395160001]},"properties":{"OBJECTID":525,"globalid":"362e4340-8ac0-4cf0-be82-758f42ee843a","City":"Phoenix","Year":2026,"LUT_Location":"Streets_of_Destiny_GOC","Organization":"Streets of Destiny","Location":"Streets of Destiny Global Outreach Center ","Address":"3444 E. Van Buren St. Phoenix AZ 85008","map_link":"https://www.google.com/maps/place/3444+E+Van+Buren+St,+Phoenix,+AZ+85008","Start_Date":"2026-05-01","End_Date":"2026-09-30","PrimaryPhone":"602-332-7653","HeatRelief":"Yes","HeatRelief_Type":"Cooling Center","Collection":"Yes","Collection_Type":"Water and General Collection","Hours":"Mo & Fr 5-7pm, Tu 9am-11am, We 11am-1pm, Su 12-1:30pm","MondayOpen":"5:00 PM","MondayClose":"7:00 PM","TuesdayOpen":"9:00 AM","TuesdayClose":"11:00 AM","WednesdayOpen":"11:00 AM","WednesdayClose":"1:00 PM","ThursdayOpen":null,"ThursdayClose":null,"FridayOpen":"5:00 PM","FridayClose":"7:00 PM","SaturdayOpen":null,"SaturdayClose":null,"SundayOpen":"12:00 PM","SundayClose":"1:30 PM","MemorialDay":"Closed","Juneteenth":"Closed","IndependenceDay":"Closed","LaborDay":"Regular Hours","Pets":"Yes","Wheelchair_access":"Yes","ADA_accessible":"Yes","Services":"Food","Note":"Closed July 5th-July 12th","image":"https://geo.azmag.gov/maps/images/heatrelief/Streets_of_Destiny_GOC.jpg","Status":1,"Active":"Yes"}},{"type":"Feature","id":526,"geometry":{"type":"Point","coordinates":[-112.149152278,33.480116207]},"properties":{"OBJECTID":526,"globalid":"792d4fc3-5e18-4373-8197-f5cf15ad6add","City":"Phoenix","Year":2026,"LUT_Location":"ATR_main","Organization":"ATR Resource Services","Location":"ATR Resource Services","Address":"4135 W. Thomas Rd. Phoenix Az 85009 (Suite #2)","map_link":"https://www.google.com/maps/place/4135+W+Thomas+Rd,+Phoenix,+AZ+85009","Start_Date":"2026-05-01","End_Date":"2026-09-30","PrimaryPhone":"928-500-7127","HeatRelief":"Yes","HeatRelief_Type":"Hydration Station","Collection":"Yes","Collection_Type":"Water and General Collection","Hours":"Mo-Fr 9am-4pm","MondayOpen":"9:00 AM","MondayClose":"4:00 PM","TuesdayOpen":"8:00 AM","TuesdayClose":"4:00 PM","WednesdayOpen":"8:00 AM","WednesdayClose":"4:00 PM","ThursdayOpen":"8:00 AM","ThursdayClose":"4:00 PM","FridayOpen":"8:00 AM","FridayClose":"4:00 PM","SaturdayOpen":null,"SaturdayClose":null,"SundayOpen":null,"SundayClose":null,"MemorialDay":"Closed","Juneteenth":"Regular Hours","IndependenceDay":"Closed","LaborDay":"Closed","Pets":null,"Wheelchair_access":null,"ADA_accessible":null,"Services":"Homeless services, Health services, Food, Clothing, Hygiene items","Note":null,"image":null,"Status":1,"Active":"Yes"}},{"type":"Feature","id":527,"geometry":{"type":"Point","coordinates":[-112.336134577,33.4389013910001]},"properties":{"OBJECTID":527,"globalid":"e16999da-3862-4414-9f84-5b8c58317a54","City":"Avondale","Year":2026,"LUT_Location":"AZCH_AV_Rcs_Cntr","Organization":"City of Avondale","Location":"Arizona Complete Health Avondale Resource Center ","Address":"995 E. Riley Dr. Avondale AZ 85323","map_link":"https://www.google.com/maps/place/995+E+Riley+Dr,+Avondale,+AZ+85323","Start_Date":"2026-05-01","End_Date":"2026-09-30","PrimaryPhone":"623-333-2783","HeatRelief":"Yes","HeatRelief_Type":"Cooling Center","Collection":"No","Collection_Type":null,"Hours":"Mo & Tu 8am-6pm, We 6am-6pm, Th 6am-7pm, Fr 9am-5pm, Sa & Su 9am-4pm","MondayOpen":"8:00 AM","MondayClose":"6:00 PM","TuesdayOpen":"8:00 AM","TuesdayClose":"7:00 PM","WednesdayOpen":"6:00 AM","WednesdayClose":"6:00 PM","ThursdayOpen":"6:00 AM","ThursdayClose":"7:00 PM","FridayOpen":"9:00 AM","FridayClose":"5:00 PM","SaturdayOpen":"9:00 AM","SaturdayClose":"4:00 PM","SundayOpen":"9:00 AM","SundayClose":"4:00 PM","MemorialDay":"10am - 4pm","Juneteenth":"10am - 4pm","IndependenceDay":"10am - 4pm","LaborDay":"10am - 4pm","Pets":null,"Wheelchair_access":"Yes","ADA_accessible":"Yes","Services":"Homeless services, Utility Assistance","Note":"Holiday Hours: 10am - 4pm","image":"https://geo.azmag.gov/maps/images/heatrelief/AZCH_AV_Rcs_Cntr.jpg","Status":1,"Active":"Yes"}},{"type":"Feature","id":528,"geometry":{"type":"Point","coordinates":[-111.907596588,33.4085347400001]},"properties":{"OBJECTID":528,"globalid":"2e1d3536-64c3-4074-81c6-baacdca5c7a2","City":"Tempe","Year":2026,"LUT_Location":"Mt_Prk_Hlth_Tempe","Organization":"Mountain Park Health Center","Location":"Mountain Park Tempe Clinic  ","Address":"1840 E. Broadway Rd. Tempe AZ 85282","map_link":"https://www.google.com/maps/place/1840+E+Broadway+Rd,+Tempe,+AZ+85282","Start_Date":"2026-05-18","End_Date":"2026-10-31","PrimaryPhone":"602-243-7277","HeatRelief":"Yes","HeatRelief_Type":"Hydration Station","Collection":"No","Collection_Type":null,"Hours":"Mo-Fr 8am-6pm","MondayOpen":"8:00 AM","MondayClose":"6:00 PM","TuesdayOpen":"8:00 AM","TuesdayClose":"6:00 PM","WednesdayOpen":"8:00 AM","WednesdayClose":"6:00 PM","ThursdayOpen":"8:00 AM","ThursdayClose":"6:00 PM","FridayOpen":"8:00 AM","FridayClose":"6:00 PM","SaturdayOpen":null,"SaturdayClose":null,"SundayOpen":null,"SundayClose":null,"MemorialDay":"Closed","Juneteenth":"Regular Hours","IndependenceDay":"Closed","LaborDay":"Closed","Pets":null,"Wheelchair_access":null,"ADA_accessible":null,"Services":"Health services","Note":null,"image":"https://geo.azmag.gov/maps/images/heatrelief/Mt_Prk_Hlth_Tempe.png","Status":1,"Active":"Yes"}},{"type":"Feature","id":529,"geometry":{"type":"Point","coordinates":[-111.855033055,33.5760051170001]},"properties":{"OBJECTID":529,"globalid":"0a6e7131-3126-4a4b-a2a1-568d16b4de17","City":"Scottsdale","Year":2026,"LUT_Location":"SC_Via_Linda_SC","Organization":"City of Scottsdale","Location":"Via Linda Senior Center ","Address":"10440 E. Via Linda Scottsdale AZ 85258","map_link":"https://www.google.com/maps/place/10440+E+V%C3%ADa+Linda,+Scottsdale,+AZ+85258","Start_Date":"2026-05-01","End_Date":"2026-10-31","PrimaryPhone":"480-312-5810","HeatRelief":"Yes","HeatRelief_Type":"Hydration Station","Collection":"Yes","Collection_Type":"Water and General Collection","Hours":"Mo-Th 8am-8pm, Fr 8am-5pm, Sa 8am-12pm","MondayOpen":"8:00 AM","MondayClose":"8:00 PM","TuesdayOpen":"8:00 AM","TuesdayClose":"8:00 PM","WednesdayOpen":"8:00 AM","WednesdayClose":"8:00 PM","ThursdayOpen":"8:00 AM","ThursdayClose":"8:00 PM","FridayOpen":"8:00 AM","FridayClose":"5:00 PM","SaturdayOpen":"8:00 AM","SaturdayClose":"12:00 PM","SundayOpen":null,"SundayClose":null,"MemorialDay":"Closed","Juneteenth":"Regular Hours","IndependenceDay":"Closed","LaborDay":"Closed","Pets":null,"Wheelchair_access":null,"ADA_accessible":null,"Services":null,"Note":null,"image":null,"Status":1,"Active":"Yes"}},{"type":"Feature","id":530,"geometry":{"type":"Point","coordinates":[-111.997975349,33.4516489800001]},"properties":{"OBJECTID":530,"globalid":"d8327110-ebf7-41fa-ac96-b4a061fb156c","City":"Phoenix","Year":2026,"LUT_Location":"Mt_Prk_Hlth_Gateway","Organization":"Mountain Park Health Center","Location":"Mountain Park Gateway Clinic ","Address":"3830 E. Van Buren St. Phoenix AZ 85008","map_link":"https://www.google.com/maps/place/3830+E+Van+Buren+St,+Phoenix,+AZ+85008","Start_Date":"2026-05-18","End_Date":"2026-10-31","PrimaryPhone":"602-243-7277","HeatRelief":"Yes","HeatRelief_Type":"Hydration Station","Collection":"No","Collection_Type":null,"Hours":"Mo-Fr 8am-6pm","MondayOpen":"8:00 AM","MondayClose":"6:00 PM","TuesdayOpen":"8:00 AM","TuesdayClose":"6:00 PM","WednesdayOpen":"8:00 AM","WednesdayClose":"6:00 PM","ThursdayOpen":"8:00 AM","ThursdayClose":"6:00 PM","FridayOpen":"8:00 AM","FridayClose":"6:00 PM","SaturdayOpen":null,"SaturdayClose":null,"SundayOpen":null,"SundayClose":null,"MemorialDay":"Closed","Juneteenth":"Regular Hours","IndependenceDay":"Closed","LaborDay":"Closed","Pets":null,"Wheelchair_access":null,"ADA_accessible":null,"Services":null,"Note":null,"image":"https://geo.azmag.gov/maps/images/heatrelief/Mt_Prk_Hlth_Gateway.png","Status":1,"Active":"Yes"}},{"type":"Feature","id":531,"geometry":{"type":"Point","coordinates":[-112.067576278,33.376943096]},"properties":{"OBJECTID":531,"globalid":"4a8a4867-3461-4229-8cf0-1e91b9c45833","City":"Phoenix","Year":2026,"LUT_Location":"Mt_Prk_Hlth_Baseline","Organization":"Mountain Park Health Center","Location":"Mountain Park Baseline Clinic","Address":"635 E. Baseline Rd. Phoenix AZ 85042","map_link":"https://www.google.com/maps/place/635+E+Baseline+Rd,+Phoenix,+AZ+85042/","Start_Date":"2026-05-18","End_Date":"2026-10-31","PrimaryPhone":"602-243-7277","HeatRelief":"Yes","HeatRelief_Type":"Hydration Station","Collection":"No","Collection_Type":null,"Hours":"Mo-Fr 8am-7pm, Sa 8am-5pm","MondayOpen":"8:00 AM","MondayClose":"7:00 PM","TuesdayOpen":"8:00 AM","TuesdayClose":"7:00 PM","WednesdayOpen":"8:00 AM","WednesdayClose":"7:00 PM","ThursdayOpen":"8:00 AM","ThursdayClose":"7:00 PM","FridayOpen":"8:00 AM","FridayClose":"7:00 PM","SaturdayOpen":"8:00 AM","SaturdayClose":"5:00 PM","SundayOpen":null,"SundayClose":null,"MemorialDay":"Closed","Juneteenth":"Regular Hours","IndependenceDay":"Closed","LaborDay":"Closed","Pets":null,"Wheelchair_access":null,"ADA_accessible":null,"Services":null,"Note":null,"image":"https://geo.azmag.gov/maps/images/heatrelief/Mt_Prk_Hlth_Baseline.png","Status":1,"Active":"Yes"}},{"type":"Feature","id":532,"geometry":{"type":"Point","coordinates":[-112.209288197,33.537729364]},"properties":{"OBJECTID":532,"globalid":"c154bd5f-b364-4ba1-951f-32f540ecbebd","City":"Glendale","Year":2026,"LUT_Location":"Mt_Prk_Hlth_Glendale","Organization":"Mountain Park Health Center","Location":"Mountain Park Glendale Clinic","Address":"6975 W. Glendale Ave. Glendale AZ 85303","map_link":"https://www.google.com/maps/place/6975+W+Glendale+Ave,+Glendale,+AZ+85303","Start_Date":"2026-05-18","End_Date":"2026-10-31","PrimaryPhone":"602-243-7277","HeatRelief":"Yes","HeatRelief_Type":"Hydration Station","Collection":"No","Collection_Type":null,"Hours":"Mo 8am-7pm, Tu-Fr 8am-5pm","MondayOpen":"8:00 AM","MondayClose":"7:00 PM","TuesdayOpen":"8:00 AM","TuesdayClose":"5:00 PM","WednesdayOpen":"8:00 AM","WednesdayClose":"5:00 PM","ThursdayOpen":"8:00 AM","ThursdayClose":"5:00 PM","FridayOpen":"8:00 AM","FridayClose":"5:00 PM","SaturdayOpen":null,"SaturdayClose":null,"SundayOpen":null,"SundayClose":null,"MemorialDay":"Closed","Juneteenth":"Regular Hours","IndependenceDay":"Closed","LaborDay":"Closed","Pets":null,"Wheelchair_access":null,"ADA_accessible":null,"Services":"Health services","Note":null,"image":"https://geo.azmag.gov/maps/images/heatrelief/Mt_Prk_Hlth_Glendale.png","Status":1,"Active":"Yes"}},{"type":"Feature","id":533,"geometry":{"type":"Point","coordinates":[-112.358625341,33.44788429]},"properties":{"OBJECTID":533,"globalid":"413e44b4-28df-4258-b779-5a5df5725af0","City":"Goodyear","Year":2026,"LUT_Location":"Mt_Prk_Hlth_Goodyear","Organization":"Mountain Park Health Center","Location":"Mountain Park Goodyear Clinic","Address":"140 N. Litchfield Rd. Goodyear AZ 85338","map_link":"https://www.google.com/maps/place/140+N+Litchfield+Rd,+Goodyear,+AZ+85338","Start_Date":"2026-05-18","End_Date":"2026-10-31","PrimaryPhone":"602-243-7277","HeatRelief":"Yes","HeatRelief_Type":"Hydration Station","Collection":"No","Collection_Type":null,"Hours":"Mo-Fr 8am-6pm","MondayOpen":"8:00 AM","MondayClose":"6:00 PM","TuesdayOpen":"8:00 AM","TuesdayClose":"6:00 PM","WednesdayOpen":"8:00 AM","WednesdayClose":"6:00 PM","ThursdayOpen":"8:00 AM","ThursdayClose":"6:00 PM","FridayOpen":"8:00 AM","FridayClose":"6:00 PM","SaturdayOpen":null,"SaturdayClose":null,"SundayOpen":null,"SundayClose":null,"MemorialDay":"Closed","Juneteenth":"Regular Hours","IndependenceDay":"Closed","LaborDay":"Closed","Pets":null,"Wheelchair_access":null,"ADA_accessible":null,"Services":"Health services","Note":null,"image":"https://geo.azmag.gov/maps/images/heatrelief/Mt_Prk_Hlth_Goodyear.png","Status":1,"Active":"Yes"}},{"type":"Feature","id":534,"geometry":{"type":"Point","coordinates":[-112.201422329,33.479463611]},"properties":{"OBJECTID":534,"globalid":"2caffc35-8749-47d9-bce6-a963bcec2f6b","City":"Phoenix","Year":2026,"LUT_Location":"Mt_Prk_Hlth_Maryvale","Organization":"Mountain Park Health Center","Location":"Mountain Park Maryvale Clinic","Address":"6601 W. Thomas Rd. Phoenix AZ 85033","map_link":"https://www.google.com/maps/place/6601+W+Thomas+Rd,+Phoenix,+AZ+85033","Start_Date":"2026-05-18","End_Date":"2026-10-31","PrimaryPhone":"602-243-7277","HeatRelief":"Yes","HeatRelief_Type":"Hydration Station","Collection":"No","Collection_Type":null,"Hours":"Mo-Fr 8am-6pm, Sa 8am-4pm","MondayOpen":"8:00 AM","MondayClose":"6:00 PM","TuesdayOpen":"8:00 AM","TuesdayClose":"6:00 PM","WednesdayOpen":"8:00 AM","WednesdayClose":"6:00 PM","ThursdayOpen":"8:00 AM","ThursdayClose":"6:00 PM","FridayOpen":"8:00 AM","FridayClose":"6:00 PM","SaturdayOpen":"8:00 AM","SaturdayClose":"4:00 PM","SundayOpen":null,"SundayClose":null,"MemorialDay":"Closed","Juneteenth":"Regular Hours","IndependenceDay":"Closed","LaborDay":"Closed","Pets":null,"Wheelchair_access":null,"ADA_accessible":null,"Services":null,"Note":null,"image":"https://geo.azmag.gov/maps/images/heatrelief/Mt_Prk_Hlth_Maryvale.png","Status":1,"Active":"Yes"}},{"type":"Feature","id":535,"geometry":{"type":"Point","coordinates":[-112.069060845,33.376964421]},"properties":{"OBJECTID":535,"globalid":"6fc87e90-7522-4350-8259-de8998e62b6f","City":"Phoenix","Year":2026,"LUT_Location":"Mt_Prk_Hlth_Baseline_JOC","Organization":"Mountain Park Health Center","Location":"Mountain Park Baseline Jesse Owens Clinic","Address":"325 E. Baseline Rd. Phoenix AZ 85042","map_link":"https://www.google.com/maps/place/325+E+Baseline+Rd,+Phoenix,+AZ+85042","Start_Date":"2026-05-18","End_Date":"2026-10-31","PrimaryPhone":"602-243-7277","HeatRelief":"Yes","HeatRelief_Type":"Hydration Station","Collection":"No","Collection_Type":null,"Hours":"Mo-Fr 8am-7pm, Sa 8:30am-5pm","MondayOpen":"8:00 AM","MondayClose":"7:00 PM","TuesdayOpen":"8:00 AM","TuesdayClose":"7:00 PM","WednesdayOpen":"8:00 AM","WednesdayClose":"7:00 PM","ThursdayOpen":"8:00 AM","ThursdayClose":"7:00 PM","FridayOpen":"8:00 AM","FridayClose":"7:00 PM","SaturdayOpen":"8:30 AM","SaturdayClose":"5:00 PM","SundayOpen":null,"SundayClose":null,"MemorialDay":"Closed","Juneteenth":"Regular Hours","IndependenceDay":"Closed","LaborDay":"Closed","Pets":null,"Wheelchair_access":null,"ADA_accessible":null,"Services":null,"Note":null,"image":null,"Status":1,"Active":"Yes"}},{"type":"Feature","id":536,"geometry":{"type":"Point","coordinates":[-112.059520968,33.410976916]},"properties":{"OBJECTID":536,"globalid":"14483fad-adb5-4efa-8bbc-df4fbc378bc7","City":"Phoenix","Year":2026,"LUT_Location":"BCBC_main","Organization":"Bethesda Community Baptist Church","Location":"Bethesda Community Baptist Church","Address":"906 E. Jones Ave. Phoenix AZ 85040","map_link":"https://www.google.com/maps/place/906+E+Jones+Ave,+Phoenix,+AZ+85040","Start_Date":"2026-06-01","End_Date":"2026-09-30","PrimaryPhone":"623-451-7931","HeatRelief":"No","HeatRelief_Type":null,"Collection":"Yes","Collection_Type":"Water and General Collection","Hours":"Mo-Fr 12pm-6pm","MondayOpen":"12:00 PM","MondayClose":"6:00 PM","TuesdayOpen":"12:00 PM","TuesdayClose":"6:00 PM","WednesdayOpen":"12:00 PM","WednesdayClose":"6:00 PM","ThursdayOpen":"12:00 PM","ThursdayClose":"6:00 PM","FridayOpen":"12:00 PM","FridayClose":"6:00 PM","SaturdayOpen":null,"SaturdayClose":null,"SundayOpen":null,"SundayClose":null,"MemorialDay":"Closed","Juneteenth":"Closed","IndependenceDay":"Closed","LaborDay":"Closed","Pets":"No","Wheelchair_access":"Yes","ADA_accessible":"Yes","Services":null,"Note":null,"image":null,"Status":1,"Active":"Yes"}},{"type":"Feature","id":537,"geometry":{"type":"Point","coordinates":[-111.92049886,33.491936986]},"properties":{"OBJECTID":537,"globalid":"2c24f94a-41e4-45de-820f-cee89d500bf7","City":"Scottsdale","Year":2026,"LUT_Location":"Civic_Cntr_Lib","Organization":"City of Scottsdale","Location":"Civic Center Library","Address":"3839 N. Drinkwater Blvd. Scottsdale AZ 85251","map_link":"https://www.google.com/maps/place/3839+N+Drinkwater+Blvd,+Scottsdale,+AZ+85251","Start_Date":"2026-05-01","End_Date":"2026-10-31","PrimaryPhone":"480-312-6225","HeatRelief":"Yes","HeatRelief_Type":"Cooling Center","Collection":"Yes","Collection_Type":"Water and General Collection","Hours":"Mo-Th 10am-7pm, Fr & Sa 10am-5pm, Su 1pm-5pm","MondayOpen":"10:00 AM","MondayClose":"7:00 PM","TuesdayOpen":"10:00 AM","TuesdayClose":"7:00 PM","WednesdayOpen":"10:00 AM","WednesdayClose":"7:00 PM","ThursdayOpen":"10:00 AM","ThursdayClose":"7:00 PM","FridayOpen":"10:00 AM","FridayClose":"5:00 PM","SaturdayOpen":"10:00 AM","SaturdayClose":"5:00 PM","SundayOpen":"1:00 PM","SundayClose":"5:00 PM","MemorialDay":"Closed","Juneteenth":"Closed","IndependenceDay":"Closed","LaborDay":"Closed","Pets":"No","Wheelchair_access":"Yes","ADA_accessible":"Yes","Services":null,"Note":null,"image":"https://geo.azmag.gov/maps/images/heatrelief/Civic_Cntr_Lib.jpg","Status":1,"Active":"Yes"}},{"type":"Feature","id":540,"geometry":{"type":"Point","coordinates":[-112.29304441,33.627718056]},"properties":{"OBJECTID":540,"globalid":"4ce51044-0ffa-4be8-8be7-2b1343edd0df","City":"Sun City","Year":2026,"LUT_Location":"SCP_main","Organization":"Sun City Posse","Location":"Sun City Posse","Address":"10861 W. Sunland Dr. Sun City AZ 85351","map_link":"https://www.google.com/maps/place/10861+W+Sunland+Dr,+Sun+City,+AZ+85351/","Start_Date":"2026-05-18","End_Date":"2026-09-30","PrimaryPhone":"484-686-2551","HeatRelief":"Yes","HeatRelief_Type":"Hydration Station","Collection":"Yes","Collection_Type":"Water Collection Only","Hours":"Mo-Fr 9am-12pm","MondayOpen":"9:00 AM","MondayClose":"12:00 PM","TuesdayOpen":"8:00 AM","TuesdayClose":"12:00 PM","WednesdayOpen":"9:00 AM","WednesdayClose":"12:00 PM","ThursdayOpen":"9:00 AM","ThursdayClose":"12:00 PM","FridayOpen":"9:00 AM","FridayClose":"12:00 PM","SaturdayOpen":null,"SaturdayClose":null,"SundayOpen":null,"SundayClose":null,"MemorialDay":"Closed","Juneteenth":"Regular Hours","IndependenceDay":"Closed","LaborDay":"Closed","Pets":null,"Wheelchair_access":null,"ADA_accessible":null,"Services":null,"Note":null,"image":null,"Status":1,"Active":"Yes"}},{"type":"Feature","id":542,"geometry":{"type":"Point","coordinates":[-112.088004975,33.44463527]},"properties":{"OBJECTID":542,"globalid":"63ba6cc1-4559-463b-a6f8-490f5f1b0a5b","City":"Phoenix","Year":2026,"LUT_Location":"CASS_main","Organization":"CASS (Central Arizona Shelter Services)","Location":"CASS (Central Arizona Shelter Services)","Address":"230 S. 12th Ave. Phoenix AZ 85007","map_link":"https://www.google.com/maps/place/230+S+12th+Ave,+Phoenix,+AZ+85007","Start_Date":"2026-05-01","End_Date":"2026-09-30","PrimaryPhone":"602-256-6945","HeatRelief":"Yes","HeatRelief_Type":"Hydration Station","Collection":"Yes","Collection_Type":"Water and General Collection","Hours":"Mo-Su 6am-10pm","MondayOpen":"6:00 AM","MondayClose":"10:00 PM","TuesdayOpen":"6:00 AM","TuesdayClose":"10:00 PM","WednesdayOpen":"6:00 AM","WednesdayClose":"10:00 PM","ThursdayOpen":"6:00 AM","ThursdayClose":"10:00 PM","FridayOpen":"6:00 AM","FridayClose":"10:00 PM","SaturdayOpen":"6:00 AM","SaturdayClose":"10:00 PM","SundayOpen":"6:00 AM","SundayClose":"10:00 PM","MemorialDay":"Regular Hours","Juneteenth":"Regular Hours","IndependenceDay":"Regular Hours","LaborDay":"Regular Hours","Pets":"Yes","Wheelchair_access":"Yes","ADA_accessible":"Yes","Services":"Homeless services, Hygiene items, Showers ","Note":null,"image":"https://geo.azmag.gov/maps/images/heatrelief/CASS_main.jpg","Status":1,"Active":"Yes"}},{"type":"Feature","id":544,"geometry":{"type":"Point","coordinates":[-111.716853802,33.607241833]},"properties":{"OBJECTID":544,"globalid":"4e458852-96ac-49ff-87d2-f2138e9e10d8","City":"Fountain Hills","Year":2026,"LUT_Location":"FH_Chamber_main","Organization":"Fountain Hills Chamber of Commerce","Location":"Fountain Hills Chamber of Commerce","Address":"16837 E. Palisades Blvd. Fountain Hills AZ 85268","map_link":"https://www.google.com/maps/place/16837+E+Palisades+Blvd,+Fountain+Hills,+AZ+85268","Start_Date":"2026-06-01","End_Date":"2026-09-30","PrimaryPhone":"480-837-1654","HeatRelief":"Yes","HeatRelief_Type":"Hydration Station","Collection":"No","Collection_Type":null,"Hours":"Mo-Th 8am-4pm","MondayOpen":"8:00 AM","MondayClose":"4:00 PM","TuesdayOpen":"8:00 AM","TuesdayClose":"4:00 PM","WednesdayOpen":"8:00 AM","WednesdayClose":"4:00 PM","ThursdayOpen":"8:00 AM","ThursdayClose":"4:00 PM","FridayOpen":null,"FridayClose":null,"SaturdayOpen":null,"SaturdayClose":null,"SundayOpen":null,"SundayClose":null,"MemorialDay":"Closed","Juneteenth":"Closed","IndependenceDay":"Closed","LaborDay":"Closed","Pets":null,"Wheelchair_access":null,"ADA_accessible":null,"Services":null,"Note":"Closed June 29th - July 12th","image":"https://geo.azmag.gov/maps/images/heatrelief/FH_Chamber_main.jpg","Status":1,"Active":"Yes"}},{"type":"Feature","id":545,"geometry":{"type":"Point","coordinates":[-111.817614494,33.420643049]},"properties":{"OBJECTID":545,"globalid":"7b9176dc-75cf-4008-806a-c734a25a0ba5","City":"Mesa","Year":2026,"LUT_Location":"CH_CCM","Organization":"City Hope","Location":"Christ Church Mesa","Address":"655 E. University Dr. Mesa AZ 85203","map_link":"https://www.google.com/maps/place/655+E+University+Dr,+Mesa,+AZ+85203","Start_Date":"2026-05-01","End_Date":"2026-09-30","PrimaryPhone":"319-830-6556","HeatRelief":"Yes","HeatRelief_Type":"Respite Center","Collection":"Yes","Collection_Type":"Water and General Collection","Hours":"Mo-Sa 9:30am-6:30pm","MondayOpen":"9:30 AM","MondayClose":"6:30 PM","TuesdayOpen":"9:30 AM","TuesdayClose":"6:30 PM","WednesdayOpen":"9:30 AM","WednesdayClose":"6:30 PM","ThursdayOpen":"9:30 AM","ThursdayClose":"6:30 PM","FridayOpen":"9:30 AM","FridayClose":"6:30 PM","SaturdayOpen":"9:30 AM","SaturdayClose":"6:30 PM","SundayOpen":null,"SundayClose":null,"MemorialDay":"Closed","Juneteenth":"Regular Hours","IndependenceDay":"Closed","LaborDay":"Closed","Pets":"Yes","Wheelchair_access":"Yes","ADA_accessible":null,"Services":"Food, Showers","Note":null,"image":null,"Status":1,"Active":"Yes"}},{"type":"Feature","id":546,"geometry":{"type":"Point","coordinates":[-112.302752463,33.445061444]},"properties":{"OBJECTID":546,"globalid":"dc783f77-7868-41d2-820a-c061b91f09f3","City":"Avondale","Year":2026,"LUT_Location":"AV_Cvc_Cnt_Lib","Organization":"City of Avondale","Location":"Avondale Civic Center Library","Address":"11350 Civic Center Dr. Avondale AZ 85323","map_link":"https://www.google.com/maps/place/11350+Civic+Center+Dr,+Avondale,+AZ+85323","Start_Date":"2026-05-01","End_Date":"2026-09-30","PrimaryPhone":"623-333-2783","HeatRelief":"Yes","HeatRelief_Type":"Hydration Station","Collection":"No","Collection_Type":null,"Hours":"Mo-Th 10am-6pm, Fr-Sa 1pm-5pm ","MondayOpen":"10:00 AM","MondayClose":"6:00 PM","TuesdayOpen":"10:00 AM","TuesdayClose":"6:00 PM","WednesdayOpen":"10:00 AM","WednesdayClose":"6:00 PM","ThursdayOpen":"10:00 AM","ThursdayClose":"6:00 PM","FridayOpen":"1:00 PM","FridayClose":"5:00 PM","SaturdayOpen":"1:00 PM","SaturdayClose":"5:00 PM","SundayOpen":null,"SundayClose":null,"MemorialDay":"Closed","Juneteenth":"Regular Hours","IndependenceDay":"Closed","LaborDay":"Closed","Pets":null,"Wheelchair_access":null,"ADA_accessible":null,"Services":null,"Note":null,"image":"https://geo.azmag.gov/maps/images/heatrelief/AV_Cvc_Cnt_Lib.jpg","Status":1,"Active":"Yes"}},{"type":"Feature","id":547,"geometry":{"type":"Point","coordinates":[-112.344779946,33.435272748]},"properties":{"OBJECTID":547,"globalid":"1ebf8816-bdf5-4d23-a6ce-c5f439d16031","City":"Avondale","Year":2026,"LUT_Location":"AV_Sm_Grc_Lib","Organization":"City of Avondale","Location":"Sam Garcia Library","Address":"495 E. Western Ave. Avondale AZ 85323","map_link":"https://www.google.com/maps/place/495+E+Western+Ave,+Avondale,+AZ+85323","Start_Date":"2026-05-01","End_Date":"2026-09-30","PrimaryPhone":"623-333-2783","HeatRelief":"Yes","HeatRelief_Type":"Hydration Station","Collection":"No","Collection_Type":null,"Hours":"Mo-Th 10am-6pm, Fr-Sa 1pm-5pm","MondayOpen":"10:00 AM","MondayClose":"6:00 PM","TuesdayOpen":"10:00 AM","TuesdayClose":"6:00 PM","WednesdayOpen":"10:00 AM","WednesdayClose":"6:00 PM","ThursdayOpen":"10:00 AM","ThursdayClose":"6:00 PM","FridayOpen":"1:00 PM","FridayClose":"5:00 PM","SaturdayOpen":"1:00 PM","SaturdayClose":"5:00 PM","SundayOpen":null,"SundayClose":null,"MemorialDay":"Closed","Juneteenth":"Regular Hours","IndependenceDay":"Closed","LaborDay":"Closed","Pets":null,"Wheelchair_access":null,"ADA_accessible":null,"Services":null,"Note":null,"image":"https://geo.azmag.gov/maps/images/heatrelief/AV_Sm_Grc_Lib.jpg","Status":1,"Active":"Yes"}},{"type":"Feature","id":548,"geometry":{"type":"Point","coordinates":[-111.63713151,33.2448893280001]},"properties":{"OBJECTID":548,"globalid":"f0e70f6a-71af-40cf-b5ec-a97df449618d","City":"Queen Creek","Year":2026,"LUT_Location":"QC_Fire_St_1","Organization":"Town of Queen Creek","Location":"Queen Creek Fire Station #1","Address":"20678 E. Civic Parkway Queen Creek AZ 85142","map_link":"https://www.google.com/maps/place/20678+E+Civic+Pkwy,+Queen+Creek,+AZ+85142","Start_Date":"2026-05-18","End_Date":"2026-09-30","PrimaryPhone":"480-797-4854","HeatRelief":"No","HeatRelief_Type":null,"Collection":"Yes","Collection_Type":"Water Collection Only","Hours":"Mo-Su 8am-5pm","MondayOpen":"8:00 AM","MondayClose":"5:00 PM","TuesdayOpen":"8:00 AM","TuesdayClose":"5:00 PM","WednesdayOpen":"8:00 AM","WednesdayClose":"5:00 PM","ThursdayOpen":"8:00 AM","ThursdayClose":"5:00 PM","FridayOpen":"8:00 AM","FridayClose":"5:00 PM","SaturdayOpen":"8:00 AM","SaturdayClose":"5:00 PM","SundayOpen":"8:00 AM","SundayClose":"5:00 PM","MemorialDay":"Regular Hours","Juneteenth":"Regular Hours","IndependenceDay":"Regular Hours","LaborDay":"Regular Hours","Pets":null,"Wheelchair_access":null,"ADA_accessible":null,"Services":null,"Note":null,"image":null,"Status":1,"Active":"Yes"}},{"type":"Feature","id":549,"geometry":{"type":"Point","coordinates":[-112.297718693,33.4334413130001]},"properties":{"OBJECTID":549,"globalid":"6c0f8f4f-3be1-420d-90c1-f3de305570df","City":"Avondale","Year":2026,"LUT_Location":"Mercy_House_CC_main","Organization":"Mercy House Community Center","Location":"Mercy House Community Center","Address":"1249 S. 111th Ave. Avondale AZ 85329","map_link":"https://www.google.com/maps/place/1249+S+111th+Ave,+Cashion,+AZ+85329/","Start_Date":"2026-05-01","End_Date":"2026-09-30","PrimaryPhone":"623-236-4346","HeatRelief":"Yes","HeatRelief_Type":"Hydration Station","Collection":"Yes","Collection_Type":"Water and General Collection","Hours":"Tu 12pm-5pm, We & Th 11am-5pm","MondayOpen":null,"MondayClose":null,"TuesdayOpen":"12:00 PM","TuesdayClose":"5:00 PM","WednesdayOpen":"11:00 AM","WednesdayClose":"5:00 PM","ThursdayOpen":"11:00 AM","ThursdayClose":"5:00 PM","FridayOpen":null,"FridayClose":null,"SaturdayOpen":null,"SaturdayClose":null,"SundayOpen":null,"SundayClose":null,"MemorialDay":"Closed","Juneteenth":"Closed","IndependenceDay":"Closed","LaborDay":"Closed","Pets":null,"Wheelchair_access":null,"ADA_accessible":null,"Services":"Food, Clothing, Hygiene items","Note":null,"image":"https://geo.azmag.gov/maps/images/heatrelief/Mercy_House_CC_main.jpg","Status":1,"Active":"Yes"}},{"type":"Feature","id":550,"geometry":{"type":"Point","coordinates":[-112.062471538,33.39261184]},"properties":{"OBJECTID":550,"globalid":"2f351ce9-d341-457f-85e1-a14e5711fa2a","City":"Phoenix","Year":2026,"LUT_Location":"WUMC_main","Organization":"AZ Faith Network","Location":"Wesley United Methodist Church","Address":"750 E. Southern Ave. Phoenix AZ 85040","map_link":"https://www.google.com/maps/place/750+E+Southern+Ave,+Phoenix,+AZ+85040","Start_Date":"2026-06-01","End_Date":"2026-09-30","PrimaryPhone":"602-334-4331","HeatRelief":"Yes","HeatRelief_Type":"Respite Center","Collection":"Yes","Collection_Type":"Water and General Collection","Hours":"Mo-Fr 12pm-6pm","MondayOpen":"12:00 PM","MondayClose":"6:00 PM","TuesdayOpen":"12:00 PM","TuesdayClose":"6:00 PM","WednesdayOpen":"12:00 PM","WednesdayClose":"6:00 PM","ThursdayOpen":"12:00 PM","ThursdayClose":"6:00 PM","FridayOpen":"12:00 PM","FridayClose":"6:00 PM","SaturdayOpen":null,"SaturdayClose":null,"SundayOpen":null,"SundayClose":null,"MemorialDay":"Closed","Juneteenth":"Regular Hours","IndependenceDay":"Regular Hours","LaborDay":"Closed","Pets":"Yes","Wheelchair_access":null,"ADA_accessible":null,"Services":"Food, Showers","Note":null,"image":"https://geo.azmag.gov/maps/images/heatrelief/WUMC_main.jpg","Status":1,"Active":"Yes"}},{"type":"Feature","id":551,"geometry":{"type":"Point","coordinates":[-111.84051777,33.40837264]},"properties":{"OBJECTID":551,"globalid":"4b229f2b-3dd3-4ed6-a273-22c48c8cb3fb","City":"Mesa","Year":2026,"LUT_Location":"Paz_de_Cristo_HS","Organization":"Paz de Cristo ","Location":"Paz de Cristo","Address":"424 W. Broadway Rd. Mesa AZ 85210","map_link":"https://www.google.com/maps/place/424+W+Broadway+Rd,+Mesa,+AZ+85210","Start_Date":"2026-05-01","End_Date":"2026-09-30","PrimaryPhone":"480-464-2370","HeatRelief":"Yes","HeatRelief_Type":"Hydration Station","Collection":"Yes","Collection_Type":"Water and General Collection","Hours":"Mo-Fr 9am-3pm","MondayOpen":"9:00 AM","MondayClose":"3:00 PM","TuesdayOpen":"9:00 AM","TuesdayClose":"3:00 PM","WednesdayOpen":"9:00 AM","WednesdayClose":"3:00 PM","ThursdayOpen":"9:00 AM","ThursdayClose":"3:00 PM","FridayOpen":"9:00 AM","FridayClose":"3:00 PM","SaturdayOpen":null,"SaturdayClose":null,"SundayOpen":null,"SundayClose":null,"MemorialDay":"Regular Hours","Juneteenth":"Regular Hours","IndependenceDay":"Regular Hours","LaborDay":"Regular Hours","Pets":null,"Wheelchair_access":null,"ADA_accessible":null,"Services":null,"Note":null,"image":null,"Status":1,"Active":"Yes"}},{"type":"Feature","id":552,"geometry":{"type":"Point","coordinates":[-112.126179611,33.538948938]},"properties":{"OBJECTID":552,"globalid":"a3460b0d-e4a6-43a5-b589-467fa64e87a0","City":"Phoenix","Year":2026,"LUT_Location":"TUMC","Organization":"AZ Faith Network","Location":"Family Heat Center at Trinity United Methodist Church","Address":"3104 W. Glendale Ave. Phoenix AZ 85051","map_link":"https://www.google.com/maps/place/3104+W+Glendale+Ave,+Phoenix,+AZ+85051","Start_Date":"2026-05-15","End_Date":"2026-09-30","PrimaryPhone":"602-334-4331","HeatRelief":"Yes","HeatRelief_Type":"Respite Center","Collection":"Yes","Collection_Type":"Water and General Collection","Hours":"Mo-Sa 10am-8pm","MondayOpen":"10:00 AM","MondayClose":"8:00 PM","TuesdayOpen":"10:00 AM","TuesdayClose":"8:00 PM","WednesdayOpen":"10:00 AM","WednesdayClose":"8:00 PM","ThursdayOpen":"10:00 AM","ThursdayClose":"8:00 PM","FridayOpen":"10:00 AM","FridayClose":"8:00 PM","SaturdayOpen":"10:00 AM","SaturdayClose":"8:00 PM","SundayOpen":null,"SundayClose":null,"MemorialDay":"Regular Hours","Juneteenth":"Regular Hours","IndependenceDay":"Regular Hours","LaborDay":"Regular Hours","Pets":"Yes","Wheelchair_access":"Yes","ADA_accessible":null,"Services":null,"Note":"This is a family heat center ","image":"https://geo.azmag.gov/maps/images/heatrelief/TUMC.jpg","Status":1,"Active":"Yes"}},{"type":"Feature","id":553,"geometry":{"type":"Point","coordinates":[-111.688898872,33.4152417650001]},"properties":{"OBJECTID":553,"globalid":"84bd55a0-0fdf-4e85-aac8-1a6d3013b302","City":"Mesa","Year":2026,"LUT_Location":"FLCF_main","Organization":"Fountain of Life Christian Fellowship","Location":"Fountain of Life Christian Fellowship","Address":"6625 E. Main St. Mesa AZ 85205","map_link":"https://www.google.com/maps/place/6625+E+Main+St,+Mesa,+AZ+85205","Start_Date":"2026-05-01","End_Date":"2026-09-30","PrimaryPhone":"480-650-2076","HeatRelief":"Yes","HeatRelief_Type":"Cooling Center","Collection":"No","Collection_Type":null,"Hours":"Tu-Th 10am-4pm","MondayOpen":null,"MondayClose":null,"TuesdayOpen":"10:00 AM","TuesdayClose":"4:00 PM","WednesdayOpen":"10:00 AM","WednesdayClose":"4:00 PM","ThursdayOpen":"10:00 AM","ThursdayClose":"4:00 PM","FridayOpen":null,"FridayClose":null,"SaturdayOpen":null,"SaturdayClose":null,"SundayOpen":null,"SundayClose":null,"MemorialDay":"Closed","Juneteenth":"Closed","IndependenceDay":"Closed","LaborDay":"Closed","Pets":"No","Wheelchair_access":"Yes","ADA_accessible":null,"Services":"Food","Note":null,"image":"https://geo.azmag.gov/maps/images/heatrelief/FLCF_main.png","Status":1,"Active":"Yes"}},{"type":"Feature","id":554,"geometry":{"type":"Point","coordinates":[-111.766373573,33.3638371070001]},"properties":{"OBJECTID":554,"globalid":"b62c20ca-2140-4a6b-b873-d6a7edd4364d","City":"Gilbert","Year":2026,"LUT_Location":"GI_Frstn_Rec_Cntr","Organization":"Town of Gilbert","Location":"Freestone Recreation Center","Address":"1144 E. Guadalupe Rd. Gilbert AZ 85234","map_link":"https://www.google.com/maps/place/1144+E+Guadalupe+Rd,+Gilbert,+AZ+85234","Start_Date":"2026-05-01","End_Date":"2026-09-30","PrimaryPhone":"480-431-2594","HeatRelief":"Yes","HeatRelief_Type":"Hydration Station","Collection":"Yes","Collection_Type":"Water and General Collection","Hours":"Mo-Fr 5:30am-10pm, Sa 7am-9pm, Su 10am-5pm","MondayOpen":"5:30 AM","MondayClose":"10:00 PM","TuesdayOpen":"5:30 AM","TuesdayClose":"10:00 PM","WednesdayOpen":"5:30 AM","WednesdayClose":"10:00 PM","ThursdayOpen":"5:30 AM","ThursdayClose":"10:00 PM","FridayOpen":"5:30 AM","FridayClose":"10:00 PM","SaturdayOpen":"9:00 AM","SaturdayClose":"7:00 PM","SundayOpen":"9:00 AM","SundayClose":"5:00 PM","MemorialDay":"7am-5pm","Juneteenth":"Regular Hours","IndependenceDay":"Closed","LaborDay":"7am-5pm","Pets":null,"Wheelchair_access":null,"ADA_accessible":null,"Services":"Homeless services, Showers","Note":null,"image":"https://geo.azmag.gov/maps/images/heatrelief/GI_Frstn_Rec_Cntr.png","Status":1,"Active":"Yes"}},{"type":"Feature","id":555,"geometry":{"type":"Point","coordinates":[-112.589105073,33.3661365130001]},"properties":{"OBJECTID":555,"globalid":"f9d377ee-0772-4c06-9f0c-0b3d4e068d57","City":"Buckeye","Year":2026,"LUT_Location":"BU_Comm_Cntr","Organization":"City of Buckeye","Location":"Buckeye Senior/Community Center","Address":"201 E. Centre Ave. Buckeye AZ 85326","map_link":"https://www.google.com/maps/place/201+E+Centre+Ave,+Buckeye,+AZ+85326","Start_Date":"2026-05-01","End_Date":"2026-09-30","PrimaryPhone":"623-349-6604","HeatRelief":"Yes","HeatRelief_Type":"Hydration Station","Collection":"Yes","Collection_Type":"Water Collection Only","Hours":"Mo-Fr 9am-5pm ","MondayOpen":"9:00 AM","MondayClose":"5:00 PM","TuesdayOpen":"9:00 AM","TuesdayClose":"5:00 PM","WednesdayOpen":"9:00 AM","WednesdayClose":"5:00 PM","ThursdayOpen":"9:00 AM","ThursdayClose":"5:00 PM","FridayOpen":"9:00 AM","FridayClose":"5:00 PM","SaturdayOpen":null,"SaturdayClose":null,"SundayOpen":null,"SundayClose":null,"MemorialDay":"Closed","Juneteenth":"Closed","IndependenceDay":"Closed","LaborDay":"Closed","Pets":null,"Wheelchair_access":null,"ADA_accessible":null,"Services":null,"Note":null,"image":"https://geo.azmag.gov/maps/images/heatrelief/BU_Comm_Cntr.jpg","Status":1,"Active":"Yes"}},{"type":"Feature","id":557,"geometry":{"type":"Point","coordinates":[-111.818436456,33.3574493150001]},"properties":{"OBJECTID":557,"globalid":"d258d6d7-e322-485b-a324-7ad55126b322","City":"Gilbert","Year":2026,"LUT_Location":"GI_McQn_Prk_Actvty_Cntr","Organization":"Town of Gilbert","Location":"McQueen Park Activity Center","Address":"510 N. Horne St. Gilbert AZ 85233","map_link":"https://www.google.com/maps/place/510+N+Horne+St,+Gilbert,+AZ+85233","Start_Date":"2026-05-01","End_Date":"2026-09-30","PrimaryPhone":"480-503-6294","HeatRelief":"Yes","HeatRelief_Type":"Cooling Center","Collection":"Yes","Collection_Type":"Water and General Collection","Hours":"Mo-Fr 8am-9pm, Sa 9:30am-5pm","MondayOpen":"8:00 AM","MondayClose":"9:00 PM","TuesdayOpen":"8:00 AM","TuesdayClose":"9:00 PM","WednesdayOpen":"8:00 AM","WednesdayClose":"9:00 PM","ThursdayOpen":"8:00 AM","ThursdayClose":"9:00 PM","FridayOpen":"8:00 AM","FridayClose":"9:00 PM","SaturdayOpen":"9:30 AM","SaturdayClose":"5:00 PM","SundayOpen":null,"SundayClose":null,"MemorialDay":"Closed","Juneteenth":"Regular Hours","IndependenceDay":"Closed","LaborDay":"Closed","Pets":"No","Wheelchair_access":"Yes","ADA_accessible":"Yes","Services":null,"Note":null,"image":"https://geo.azmag.gov/maps/images/heatrelief/GI_McQn_Prk_Actvty_Cntr.jpg","Status":1,"Active":"Yes"}},{"type":"Feature","id":559,"geometry":{"type":"Point","coordinates":[-112.08649,33.44476]},"properties":{"OBJECTID":559,"globalid":"11d98549-adaf-4510-8a4b-3eac9386fc7d","City":"Phoenix","Year":2026,"LUT_Location":"St_Vcnt_DP_Phx","Organization":"Society of St. Vincent de Paul","Location":"Phoenix Dining room","Address":"1075 W. Jackson St. Phoenix AZ 85007","map_link":"https://www.google.com/maps/place/1075+W+Jackson+St,+Phoenix,+AZ+85007","Start_Date":"2026-05-01","End_Date":"2026-09-30","PrimaryPhone":"602-620-1892","HeatRelief":"Yes","HeatRelief_Type":"Cooling Center","Collection":"Yes","Collection_Type":"Water and General Collection","Hours":"Mo-Su 1:30pm-5pm","MondayOpen":"1:30 PM","MondayClose":"5:00 PM","TuesdayOpen":"1:30 PM","TuesdayClose":"5:00 PM","WednesdayOpen":"1:30 PM","WednesdayClose":"5:00 PM","ThursdayOpen":"1:30 PM","ThursdayClose":"5:00 PM","FridayOpen":"1:30 PM","FridayClose":"5:00 PM","SaturdayOpen":"1:30 PM","SaturdayClose":"5:00 PM","SundayOpen":"1:30 PM","SundayClose":"5:00 PM","MemorialDay":"Regular Hours","Juneteenth":"Regular Hours","IndependenceDay":"Regular Hours","LaborDay":"Regular Hours","Pets":"Yes","Wheelchair_access":null,"ADA_accessible":null,"Services":"Homeless services, Food","Note":null,"image":null,"Status":1,"Active":"Yes"}},{"type":"Feature","id":560,"geometry":{"type":"Point","coordinates":[-111.704886347,33.4153202190001]},"properties":{"OBJECTID":560,"globalid":"82bcbea9-3f14-44d7-926b-10dcea48125f","City":"Mesa","Year":2026,"LUT_Location":"Unhkd_Rec_main","Organization":"Unhooked Recovery ","Location":"Unhooked Recovery ","Address":"5801 E. Main St. Mesa AZ 85205","map_link":"https://www.google.com/maps/place/5801+E+Main+St,+Mesa,+AZ+85205","Start_Date":"2026-06-01","End_Date":"2026-09-30","PrimaryPhone":"480-721-3200","HeatRelief":"Yes","HeatRelief_Type":"Hydration Station","Collection":"Yes","Collection_Type":"Water Collection Only","Hours":"Mo-Fr 8am-7pm","MondayOpen":"8:00 AM","MondayClose":"7:00 PM","TuesdayOpen":"8:00 AM","TuesdayClose":"7:00 PM","WednesdayOpen":"8:00 AM","WednesdayClose":"7:00 PM","ThursdayOpen":"8:00 AM","ThursdayClose":"7:00 PM","FridayOpen":"8:00 AM","FridayClose":"7:00 PM","SaturdayOpen":null,"SaturdayClose":null,"SundayOpen":null,"SundayClose":null,"MemorialDay":"Closed","Juneteenth":"Regular Hours","IndependenceDay":"Closed","LaborDay":"Closed","Pets":null,"Wheelchair_access":null,"ADA_accessible":null,"Services":null,"Note":null,"image":null,"Status":1,"Active":"Yes"}},{"type":"Feature","id":562,"geometry":{"type":"Point","coordinates":[-111.635567423,33.250244234]},"properties":{"OBJECTID":562,"globalid":"c59a7741-f864-4f24-8538-6ffb56ba5799","City":"Queen Creek","Year":2026,"LUT_Location":"QC_Library","Organization":"Town of Queen Creek","Location":"Queen Creek Library","Address":"21802 S. Ellsworth Rd. Queen Creek AZ 85142","map_link":"https://www.google.com/maps/place/21802+S+Ellsworth+Rd,+Queen+Creek,+AZ+85142","Start_Date":"2026-05-18","End_Date":"2026-09-30","PrimaryPhone":"480-797-4854","HeatRelief":"Yes","HeatRelief_Type":"Cooling Center","Collection":"No","Collection_Type":null,"Hours":"Mo-Th 9am-8pm, Fr-Sa 9am-5pm","MondayOpen":"9:00 AM","MondayClose":"8:00 PM","TuesdayOpen":"9:00 AM","TuesdayClose":"8:00 PM","WednesdayOpen":"9:00 AM","WednesdayClose":"8:00 PM","ThursdayOpen":"9:00 AM","ThursdayClose":"8:00 PM","FridayOpen":"9:00 AM","FridayClose":"5:00 PM","SaturdayOpen":"9:00 AM","SaturdayClose":"5:00 PM","SundayOpen":null,"SundayClose":null,"MemorialDay":"Closed","Juneteenth":"Closed","IndependenceDay":"Closed","LaborDay":"Closed","Pets":"No","Wheelchair_access":"Yes","ADA_accessible":null,"Services":null,"Note":null,"image":null,"Status":1,"Active":"Yes"}},{"type":"Feature","id":563,"geometry":{"type":"Point","coordinates":[-111.737741105,33.3639646450001]},"properties":{"OBJECTID":563,"globalid":"e4e4820b-7226-4603-b8f9-87bec7260e8f","City":"Gilbert","Year":2026,"LUT_Location":"GI_SE_Rgnl_Lib","Organization":"Town of Gilbert","Location":"Southeast Regional Library  ","Address":"775 N Greenfield Rd. Gilbert AZ 85234","map_link":"https://www.google.com/maps/place/775+N+Greenfield+Rd,+Gilbert,+AZ+85234","Start_Date":"2026-05-01","End_Date":"2026-09-30","PrimaryPhone":"480-273-5545","HeatRelief":"Yes","HeatRelief_Type":"Cooling Center","Collection":"No","Collection_Type":null,"Hours":"Mo-Th 10am-9pm, Fr & Sa 10am-5pm, Su 1pm-5pm","MondayOpen":"10:00 AM","MondayClose":"9:00 PM","TuesdayOpen":"10:00 AM","TuesdayClose":"9:00 PM","WednesdayOpen":"10:00 AM","WednesdayClose":"9:00 PM","ThursdayOpen":"10:00 AM","ThursdayClose":"9:00 PM","FridayOpen":"10:00 AM","FridayClose":"5:00 PM","SaturdayOpen":"10:00 AM","SaturdayClose":"5:00 PM","SundayOpen":"1:00 PM","SundayClose":"5:00 PM","MemorialDay":"Closed","Juneteenth":"Regular Hours","IndependenceDay":"Closed","LaborDay":"Closed","Pets":"No","Wheelchair_access":"Yes","ADA_accessible":"Yes","Services":null,"Note":null,"image":null,"Status":1,"Active":"Yes"}},{"type":"Feature","id":564,"geometry":{"type":"Point","coordinates":[-112.240440339,33.452431389]},"properties":{"OBJECTID":564,"globalid":"1a5cf5ea-ea87-459e-9792-9beb63187e36","City":"Tolleson","Year":2026,"LUT_Location":"TO_PD","Organization":"City of Tolleson","Location":"Tolleson Police Department","Address":"8350 W. Van Buren St. Tolleson AZ 85353","map_link":"https://www.google.com/maps/place/8350+W+Van+Buren+St,+Tolleson,+AZ+85353","Start_Date":"2026-05-01","End_Date":"2026-09-30","PrimaryPhone":"623-936-7186","HeatRelief":"Yes","HeatRelief_Type":"Hydration Station","Collection":"Yes","Collection_Type":"Water Collection Only","Hours":"Mo-Fr 8:00am-5:00pm","MondayOpen":"8:00 AM","MondayClose":"5:00 PM","TuesdayOpen":"8:00 AM","TuesdayClose":"5:00 PM","WednesdayOpen":"8:00 AM","WednesdayClose":"5:00 PM","ThursdayOpen":"8:00 AM","ThursdayClose":"5:00 PM","FridayOpen":"8:00 AM","FridayClose":"5:00 PM","SaturdayOpen":null,"SaturdayClose":null,"SundayOpen":null,"SundayClose":null,"MemorialDay":"Closed","Juneteenth":"Closed","IndependenceDay":"Closed","LaborDay":"Closed","Pets":null,"Wheelchair_access":null,"ADA_accessible":null,"Services":null,"Note":null,"image":null,"Status":1,"Active":"Yes"}},{"type":"Feature","id":565,"geometry":{"type":"Point","coordinates":[-112.25707,33.44933]},"properties":{"OBJECTID":565,"globalid":"e4737822-f85d-4f01-a0f8-e3dca6698039","City":"Tolleson","Year":2026,"LUT_Location":"TO_FD","Organization":"City of Tolleson","Location":"Tolleson Fire Department","Address":"203 N. 92nd Ave. Tolleson AZ 85353","map_link":"https://www.google.com/maps/place/203+N+92nd+Ave,+Tolleson,+AZ+85353","Start_Date":"2026-05-01","End_Date":"2026-09-30","PrimaryPhone":"623-474-4624","HeatRelief":"Yes","HeatRelief_Type":"Hydration Station","Collection":"Yes","Collection_Type":"Water and General Collection","Hours":"Open 24/7","MondayOpen":"12:00 AM","MondayClose":"11:59 PM","TuesdayOpen":"12:00 AM","TuesdayClose":"11:59 PM","WednesdayOpen":"12:00 AM","WednesdayClose":"11:59 PM","ThursdayOpen":"12:00 AM","ThursdayClose":"11:59 PM","FridayOpen":"12:00 AM","FridayClose":"11:59 PM","SaturdayOpen":"12:00 AM","SaturdayClose":"11:59 PM","SundayOpen":"12:00 AM","SundayClose":"11:59 PM","MemorialDay":"Regular Hours","Juneteenth":"Regular Hours","IndependenceDay":"Regular Hours","LaborDay":"Regular Hours","Pets":null,"Wheelchair_access":null,"ADA_accessible":null,"Services":null,"Note":null,"image":null,"Status":1,"Active":"Yes"}},{"type":"Feature","id":566,"geometry":{"type":"Point","coordinates":[-112.179788552,33.637979694]},"properties":{"OBJECTID":566,"globalid":"2e80df1a-aa21-4e5f-a8c9-9a65ee6e8251","City":"Glendale","Year":2026,"LUT_Location":"Copa_Health_AC","Organization":"Copa Health","Location":"Arrowhead Campus","Address":"5625 W. Bell Rd. Glendale AZ 85308","map_link":"https://www.google.com/maps/place/5625+W+Bell+Rd,+Glendale,+AZ+85308","Start_Date":"2026-06-01","End_Date":"2026-09-30","PrimaryPhone":"480-294-4774","HeatRelief":"Yes","HeatRelief_Type":"Hydration Station","Collection":"Yes","Collection_Type":"Water and General Collection","Hours":"Mo-Fr 8am-5pm","MondayOpen":"8:00 AM","MondayClose":"5:00 PM","TuesdayOpen":"8:00 AM","TuesdayClose":"5:00 PM","WednesdayOpen":"8:00 AM","WednesdayClose":"5:00 PM","ThursdayOpen":"8:00 AM","ThursdayClose":"5:00 PM","FridayOpen":"8:00 AM","FridayClose":"5:00 PM","SaturdayOpen":null,"SaturdayClose":null,"SundayOpen":null,"SundayClose":null,"MemorialDay":"Closed","Juneteenth":"Closed","IndependenceDay":"Closed","LaborDay":"Closed","Pets":null,"Wheelchair_access":null,"ADA_accessible":null,"Services":null,"Note":null,"image":null,"Status":1,"Active":"Yes"}},{"type":"Feature","id":567,"geometry":{"type":"Point","coordinates":[-111.718983702,33.379742628]},"properties":{"OBJECTID":567,"globalid":"d75743a4-ec25-4fa3-8f34-a6398a99629d","City":"Gilbert","Year":2026,"LUT_Location":"Copa_Health_GC","Organization":"Copa Health","Location":"Gateway Campus","Address":"5222 E. Baseline Rd. Gilbert AZ 85234","map_link":"https://www.google.com/maps/place/5222+E+Baseline+Rd,+Gilbert,+AZ+85234","Start_Date":"2026-06-01","End_Date":"2026-09-30","PrimaryPhone":"480-659-0202","HeatRelief":"Yes","HeatRelief_Type":"Hydration Station","Collection":"No","Collection_Type":null,"Hours":"Mo-Fr 8am-5pm","MondayOpen":"8:00 AM","MondayClose":"5:00 PM","TuesdayOpen":"8:00 AM","TuesdayClose":"5:00 PM","WednesdayOpen":"8:00 AM","WednesdayClose":"5:00 PM","ThursdayOpen":"8:00 AM","ThursdayClose":"5:00 PM","FridayOpen":"8:00 AM","FridayClose":"5:00 PM","SaturdayOpen":null,"SaturdayClose":null,"SundayOpen":null,"SundayClose":null,"MemorialDay":"Closed","Juneteenth":"Regular Hours","IndependenceDay":"Closed","LaborDay":"Closed","Pets":null,"Wheelchair_access":null,"ADA_accessible":null,"Services":null,"Note":"Closed 7/3","image":null,"Status":1,"Active":"Yes"}},{"type":"Feature","id":568,"geometry":{"type":"Point","coordinates":[-112.123124456,33.5790565080001]},"properties":{"OBJECTID":568,"globalid":"452255f6-9f11-4367-855e-ee518093305c","City":"Phoenix","Year":2026,"LUT_Location":"Copa_Health_MC","Organization":"Copa Health","Location":"Metro Center","Address":"10217 N. Metro Pkwy W. Phoenix AZ 85051","map_link":"https://www.google.com/maps/place/10217+N+Metro+Pkwy+W,+Phoenix,+AZ+85051","Start_Date":"2026-06-01","End_Date":"2026-09-30","PrimaryPhone":"602-997-9006","HeatRelief":"Yes","HeatRelief_Type":"Hydration Station","Collection":"No","Collection_Type":null,"Hours":"Mo-Fr 8am-5pm","MondayOpen":"8:00 AM","MondayClose":"5:00 PM","TuesdayOpen":"8:00 AM","TuesdayClose":"5:00 PM","WednesdayOpen":"8:00 AM","WednesdayClose":"5:00 PM","ThursdayOpen":"8:00 AM","ThursdayClose":"5:00 PM","FridayOpen":"8:00 AM","FridayClose":"5:00 PM","SaturdayOpen":null,"SaturdayClose":null,"SundayOpen":null,"SundayClose":null,"MemorialDay":"Closed","Juneteenth":"Regular Hours","IndependenceDay":"Closed","LaborDay":"Closed","Pets":null,"Wheelchair_access":null,"ADA_accessible":null,"Services":null,"Note":"Closed 7/3","image":null,"Status":1,"Active":"Yes"}},{"type":"Feature","id":569,"geometry":{"type":"Point","coordinates":[-111.737723849,33.423287531]},"properties":{"OBJECTID":569,"globalid":"19d5b557-84da-42e6-a674-5ad45723760b","City":"Mesa","Year":2026,"LUT_Location":"Copa_Health_EV","Organization":"Copa Health","Location":"East Valley Campus","Address":"4330 E. University Dr. Mesa AZ 85205","map_link":"https://www.google.com/maps/place/4330+E+University+Dr,+Mesa,+AZ+85205","Start_Date":"2026-06-01","End_Date":"2026-09-30","PrimaryPhone":"480-218-3280","HeatRelief":"Yes","HeatRelief_Type":"Hydration Station","Collection":"Yes","Collection_Type":"Water and General Collection","Hours":"Mo-Fr 8am-5pm","MondayOpen":"8:00 AM","MondayClose":"5:00 PM","TuesdayOpen":"8:00 AM","TuesdayClose":"5:00 PM","WednesdayOpen":"8:00 AM","WednesdayClose":"5:00 PM","ThursdayOpen":"8:00 AM","ThursdayClose":"5:00 PM","FridayOpen":"8:00 AM","FridayClose":"5:00 PM","SaturdayOpen":null,"SaturdayClose":null,"SundayOpen":null,"SundayClose":null,"MemorialDay":"Closed","Juneteenth":"Regular Hours","IndependenceDay":"Closed","LaborDay":"Closed","Pets":null,"Wheelchair_access":null,"ADA_accessible":null,"Services":null,"Note":null,"image":null,"Status":1,"Active":"Yes"}},{"type":"Feature","id":570,"geometry":{"type":"Point","coordinates":[-112.239839524,33.612891232]},"properties":{"OBJECTID":570,"globalid":"a3366729-c360-4d70-b804-bd90e199a639","City":"Peoria","Year":2026,"LUT_Location":"Copa_Health_WV","Organization":"Copa Health","Location":"West Valley Campus","Address":"14100 N. 83rd Ave. Peoria AZ 85381 (Suite #100)","map_link":"https://www.google.com/maps/place/14100+N+83rd+Ave,+Peoria,+AZ+85381","Start_Date":"2026-06-01","End_Date":"2026-09-30","PrimaryPhone":"623-583-0232","HeatRelief":"Yes","HeatRelief_Type":"Hydration Station","Collection":"No","Collection_Type":null,"Hours":"Mo-Fr 8am-5pm","MondayOpen":"8:00 AM","MondayClose":"5:00 PM","TuesdayOpen":"8:00 AM","TuesdayClose":"5:00 PM","WednesdayOpen":"8:00 AM","WednesdayClose":"5:00 PM","ThursdayOpen":"8:00 AM","ThursdayClose":"5:00 PM","FridayOpen":"8:00 AM","FridayClose":"5:00 PM","SaturdayOpen":null,"SaturdayClose":null,"SundayOpen":null,"SundayClose":null,"MemorialDay":"Closed","Juneteenth":"Regular Hours","IndependenceDay":"Closed","LaborDay":"Closed","Pets":null,"Wheelchair_access":null,"ADA_accessible":null,"Services":null,"Note":null,"image":null,"Status":1,"Active":"Yes"}},{"type":"Feature","id":571,"geometry":{"type":"Point","coordinates":[-111.840361623,33.4321831120001]},"properties":{"OBJECTID":571,"globalid":"61f3c157-18cc-4614-b4c8-b2f6629bdfa2","City":"Mesa","Year":2026,"LUT_Location":"Copa_Health_HQ","Organization":"Copa Health","Location":"Copa Health Headquarters","Address":"924 N. Country Club Dr. Mesa AZ 85201","map_link":"https://www.google.com/maps/place/924+N+Country+Club+Dr,+Mesa,+AZ+85201","Start_Date":"2026-06-01","End_Date":"2026-09-30","PrimaryPhone":"480-352-1584","HeatRelief":"Yes","HeatRelief_Type":"Hydration Station","Collection":"No","Collection_Type":null,"Hours":"Mo-Fr 8am-4:30pm","MondayOpen":"8:00 AM","MondayClose":"4:30 PM","TuesdayOpen":"8:00 AM","TuesdayClose":"4:30 PM","WednesdayOpen":"8:00 AM","WednesdayClose":"4:30 PM","ThursdayOpen":"8:00 AM","ThursdayClose":"4:30 PM","FridayOpen":"8:00 AM","FridayClose":"4:30 PM","SaturdayOpen":null,"SaturdayClose":null,"SundayOpen":null,"SundayClose":null,"MemorialDay":"Closed","Juneteenth":"Regular Hours","IndependenceDay":"Closed","LaborDay":"Closed","Pets":null,"Wheelchair_access":null,"ADA_accessible":null,"Services":null,"Note":null,"image":null,"Status":1,"Active":"Yes"}},{"type":"Feature","id":573,"geometry":{"type":"Point","coordinates":[-112.019669186,33.451773335]},"properties":{"OBJECTID":573,"globalid":"12eeb74d-d24f-4f7f-a97c-4fc4667b628e","City":"Phoenix","Year":2026,"LUT_Location":"Apex_BM","Organization":"Apex Transitional Housing ","Location":"Budget Motel","Address":"2836 E. Van Buren St. Phoenix AZ 85008","map_link":"https://www.google.com/maps/place/2836+E+Van+Buren+St,+Phoenix,+AZ+85008","Start_Date":"2026-05-01","End_Date":"2026-09-30","PrimaryPhone":"480-255-2787","HeatRelief":"Yes","HeatRelief_Type":"Hydration Station","Collection":"Yes","Collection_Type":"Water and General Collection","Hours":"Mo-Fr 9am-5pm","MondayOpen":"9:00 AM","MondayClose":"5:00 PM","TuesdayOpen":"9:00 AM","TuesdayClose":"5:00 PM","WednesdayOpen":"9:00 AM","WednesdayClose":"4:00 PM","ThursdayOpen":"9:00 AM","ThursdayClose":"5:00 PM","FridayOpen":"9:00 AM","FridayClose":"5:00 PM","SaturdayOpen":null,"SaturdayClose":null,"SundayOpen":null,"SundayClose":null,"MemorialDay":"Regular Hours","Juneteenth":"Regular Hours","IndependenceDay":"Closed","LaborDay":"Closed","Pets":null,"Wheelchair_access":null,"ADA_accessible":null,"Services":"Homeless services, Health services, Food, Clothing, Hygiene items, Showers, Laundry, ","Note":null,"image":null,"Status":1,"Active":"Yes"}},{"type":"Feature","id":574,"geometry":{"type":"Point","coordinates":[-112.080954179,33.4368431440001]},"properties":{"OBJECTID":574,"globalid":"b78602e0-f009-4d60-95d4-f6e7f0ca00a8","City":"Phoenix","Year":2026,"LUT_Location":"Apex_MH","Organization":"Apex Transitional Housing ","Location":"Memorial Hospital ","Address":"515 W. Buckeye Rd.  Phoenix AZ 85003","map_link":"https://www.google.com/maps/place/515+W+Buckeye+Rd,+Phoenix,+AZ+85003","Start_Date":"2026-06-03","End_Date":"2026-09-30","PrimaryPhone":"480-255-2787","HeatRelief":"Yes","HeatRelief_Type":"Hydration Station","Collection":"No","Collection_Type":null,"Hours":"Mo-Fr 9am-5pm","MondayOpen":"9:00 AM","MondayClose":"5:00 PM","TuesdayOpen":"9:00 AM","TuesdayClose":"5:00 PM","WednesdayOpen":"9:00 AM","WednesdayClose":"5:00 PM","ThursdayOpen":"9:00 AM","ThursdayClose":"5:00 PM","FridayOpen":"9:00 AM","FridayClose":"5:00 PM","SaturdayOpen":null,"SaturdayClose":null,"SundayOpen":null,"SundayClose":null,"MemorialDay":"Closed","Juneteenth":"Regular Hours","IndependenceDay":"Closed","LaborDay":"Closed","Pets":null,"Wheelchair_access":null,"ADA_accessible":null,"Services":null,"Note":null,"image":null,"Status":1,"Active":"Yes"}},{"type":"Feature","id":580,"geometry":{"type":"Point","coordinates":[-112.065805147,33.4698353210001]},"properties":{"OBJECTID":580,"globalid":"1768279b-12c3-45f8-9a6f-4bf9cbd4ec0b","City":"Phoenix","Year":2026,"LUT_Location":"STJW_Phx","Organization":"St. Joseph the Worker","Location":"St. Joseph the Worker - Phoenix","Address":"382 E. Palm Ln. Phoenix AZ 85004 (Suite #150)","map_link":"https://www.google.com/maps/place/382+E+Palm+Ln,+Phoenix,+AZ+85004","Start_Date":"2026-05-01","End_Date":"2026-10-31","PrimaryPhone":"602-309-4061","HeatRelief":"Yes","HeatRelief_Type":"Hydration Station","Collection":"Yes","Collection_Type":"Water Collection Only","Hours":"Mo-Fr 9am-4pm","MondayOpen":"9:00 AM","MondayClose":"4:00 PM","TuesdayOpen":"9:00 AM","TuesdayClose":"4:00 PM","WednesdayOpen":"9:00 AM","WednesdayClose":"4:00 PM","ThursdayOpen":"9:00 AM","ThursdayClose":"4:00 PM","FridayOpen":"9:00 AM","FridayClose":"4:00 PM","SaturdayOpen":null,"SaturdayClose":null,"SundayOpen":null,"SundayClose":null,"MemorialDay":"Closed","Juneteenth":"Closed","IndependenceDay":"Closed","LaborDay":"Closed","Pets":null,"Wheelchair_access":null,"ADA_accessible":null,"Services":null,"Note":null,"image":null,"Status":1,"Active":"Yes"}},{"type":"Feature","id":581,"geometry":{"type":"Point","coordinates":[-111.871616231,33.413971571]},"properties":{"OBJECTID":581,"globalid":"a889ed77-2f05-4270-a910-1ed1c0ba823f","City":"Mesa","Year":2026,"LUT_Location":"STJW_Mesa","Organization":"St. Joseph the Worker","Location":"St. Joseph the Worker - Mesa","Address":"1833 W. Main St. Mesa AZ 85201 (Suite #128)","map_link":"https://www.google.com/maps/place/1833+W+Main+St,+Mesa,+AZ+85202","Start_Date":"2026-05-01","End_Date":"2026-10-31","PrimaryPhone":"602-582-5704","HeatRelief":"Yes","HeatRelief_Type":"Hydration Station","Collection":"Yes","Collection_Type":"Water Collection Only","Hours":"Mo-Fr 9am-4pm","MondayOpen":"9:00 AM","MondayClose":"4:00 PM","TuesdayOpen":"9:00 AM","TuesdayClose":"4:00 PM","WednesdayOpen":"9:00 AM","WednesdayClose":"4:00 PM","ThursdayOpen":"9:00 AM","ThursdayClose":"4:00 PM","FridayOpen":"9:00 AM","FridayClose":"4:00 PM","SaturdayOpen":null,"SaturdayClose":null,"SundayOpen":null,"SundayClose":null,"MemorialDay":"Closed","Juneteenth":"Closed","IndependenceDay":"Closed","LaborDay":"Closed","Pets":null,"Wheelchair_access":null,"ADA_accessible":null,"Services":null,"Note":null,"image":null,"Status":1,"Active":"Yes"}},{"type":"Feature","id":583,"geometry":{"type":"Point","coordinates":[-111.718460671,33.404272619]},"properties":{"OBJECTID":583,"globalid":"60072347-a6d3-4131-bbb7-e9b5dfe08ce4","City":"Mesa","Year":2026,"LUT_Location":"LDS_Clearview","Organization":"The Church of Jesus Christ of Latter-Day Saints - Clearview Stake","Location":"Higley Community Respite Center","Address":"633 S. Higley Rd. Mesa AZ 85206","map_link":"https://www.google.com/maps/place/633+S+Higley+Rd,+Mesa,+AZ+85206","Start_Date":"2026-06-29","End_Date":"2026-09-30","PrimaryPhone":"480-760-1206","HeatRelief":"Yes","HeatRelief_Type":"Respite Center","Collection":"Yes","Collection_Type":"Water and General Collection","Hours":"Mo-Fr 11am-5pm","MondayOpen":"11:00 AM","MondayClose":"5:00 PM","TuesdayOpen":"11:00 AM","TuesdayClose":"5:00 PM","WednesdayOpen":"11:00 AM","WednesdayClose":"5:00 PM","ThursdayOpen":"11:00 AM","ThursdayClose":"5:00 PM","FridayOpen":"11:00 AM","FridayClose":"5:00 PM","SaturdayOpen":null,"SaturdayClose":null,"SundayOpen":null,"SundayClose":null,"MemorialDay":"Closed","Juneteenth":"Closed","IndependenceDay":"Closed","LaborDay":"Closed","Pets":"No","Wheelchair_access":"Yes","ADA_accessible":"Yes","Services":null,"Note":null,"image":null,"Status":1,"Active":"Yes"}},{"type":"Feature","id":584,"geometry":{"type":"Point","coordinates":[-111.962040203,33.4081736410001]},"properties":{"OBJECTID":584,"globalid":"09e5ea94-1815-4ec0-bcf1-1ee16ebf55e2","City":"Tempe","Year":2026,"LUT_Location":"Melabiz_CU_main","Organization":"Melabiz Community Hub ","Location":"Family & Youth Heat Center at Melabiz Community Hub ","Address":"1414 W. Broadway Rd. Tempe AZ 85282","map_link":"https://www.google.com/maps/place/1414+W+Broadway+Rd,+Tempe,+AZ+85282","Start_Date":"2026-07-07","End_Date":"2027-09-30","PrimaryPhone":"602-600-5463","HeatRelief":"Yes","HeatRelief_Type":"Cooling Center","Collection":"Yes","Collection_Type":"Water and General Collection","Hours":"Mo-Fr 10am-4pm","MondayOpen":"10:00 AM","MondayClose":"4:00 PM","TuesdayOpen":"10:00 AM","TuesdayClose":"4:00 PM","WednesdayOpen":"10:00 AM","WednesdayClose":"4:00 PM","ThursdayOpen":"10:00 AM","ThursdayClose":"4:00 PM","FridayOpen":"10:00 AM","FridayClose":"4:00 PM","SaturdayOpen":null,"SaturdayClose":null,"SundayOpen":null,"SundayClose":null,"MemorialDay":"Closed","Juneteenth":"Closed","IndependenceDay":"Closed","LaborDay":"Closed","Pets":"No","Wheelchair_access":"Yes","ADA_accessible":"Yes","Services":"Homeless Services, Clothing, Hygiene items, Food","Note":"This is a family and youth heat center","image":null,"Status":1,"Active":"Yes"}},{"type":"Feature","id":585,"geometry":{"type":"Point","coordinates":[-112.359648353,33.606580288]},"properties":{"OBJECTID":585,"globalid":"e613e261-fc6d-4017-8d72-002dae72c0e6","City":"Surprise","Year":2026,"LUT_Location":"Fazolis_SU","Organization":"Fazoli's","Location":"Fazoli's (Surprise)","Address":"13510 N. Litchfield Rd. Surprise AZ 85379","map_link":"https://www.google.com/maps/place/13510+N+Litchfield+Rd,+Surprise,+AZ+85379","Start_Date":"2026-05-01","End_Date":"2026-09-30","PrimaryPhone":"623-321-7500","HeatRelief":"No","HeatRelief_Type":null,"Collection":"Yes","Collection_Type":"Water Collection Only","Hours":"Mo-Tu, Th & Su 12pm-9:30pm; We 12pm-9pm; Fr & Sa 12pm-10:30pm","MondayOpen":"12:00 PM","MondayClose":"9:30 PM","TuesdayOpen":"12:00 PM","TuesdayClose":"9:30 PM","WednesdayOpen":"12:00 PM","WednesdayClose":"9:00 PM","ThursdayOpen":"12:00 PM","ThursdayClose":"9:30 PM","FridayOpen":"12:00 PM","FridayClose":"10:30 PM","SaturdayOpen":"12:00 PM","SaturdayClose":"10:30 PM","SundayOpen":"12:00 PM","SundayClose":"9:30 PM","MemorialDay":"Regular Hours","Juneteenth":"Regular Hours","IndependenceDay":"Regular Hours","LaborDay":"Regular Hours","Pets":null,"Wheelchair_access":null,"ADA_accessible":null,"Services":null,"Note":null,"image":null,"Status":1,"Active":"Yes"}},{"type":"Feature","id":586,"geometry":{"type":"Point","coordinates":[-111.942816599,33.8349073640001]},"properties":{"OBJECTID":586,"globalid":"783ed6e3-0b41-4202-92b8-a2c174be06e4","City":"Cave Creek","Year":2026,"LUT_Location":"DFL_main","Organization":"Desert Foothills Library","Location":"Desert Foothills Library","Address":"38443 N. School House Rd. Cave Creek AZ 85331","map_link":"https://www.google.com/maps/place/38443+N+School+House+Rd,+Cave+Creek,+AZ+85331","Start_Date":"2026-06-25","End_Date":"2026-09-30","PrimaryPhone":"480-488-2286","HeatRelief":"Yes","HeatRelief_Type":"Cooling Center","Collection":"Yes","Collection_Type":"Water and General Collection","Hours":"Mo, We & Fr 9am-5pm, Tu & Th 9am-6pm, Sa 10am-4pm","MondayOpen":"9:00 AM","MondayClose":"5:00 PM","TuesdayOpen":"9:00 AM","TuesdayClose":"6:00 PM","WednesdayOpen":"9:00 AM","WednesdayClose":"5:00 PM","ThursdayOpen":"9:00 AM","ThursdayClose":"6:00 PM","FridayOpen":"9:00 AM","FridayClose":"6:00 PM","SaturdayOpen":"10:00 AM","SaturdayClose":"4:00 PM","SundayOpen":null,"SundayClose":null,"MemorialDay":"Closed","Juneteenth":"Closed","IndependenceDay":"Closed","LaborDay":"Closed","Pets":"No","Wheelchair_access":"No","ADA_accessible":"No","Services":null,"Note":null,"image":"https://geo.azmag.gov/maps/images/heatrelief/DFL_main.png","Status":1,"Active":"Yes"}},{"type":"Feature","id":587,"geometry":{"type":"Point","coordinates":[-112.074105845,33.503144917]},"properties":{"OBJECTID":587,"globalid":"d59ae65c-fb2b-49d4-8344-da97144dae1f","City":"Phoenix","Year":2026,"LUT_Location":"NAC_DL","Organization":"Native American Connections","Location":"Devine Legacy","Address":"4570 N. Central Ave. Phoenix AZ 85012","map_link":"https://www.google.com/maps/place/4570+N+Central+Ave,+Phoenix,+AZ+85012","Start_Date":"2026-05-01","End_Date":"2026-09-30","PrimaryPhone":"480-627-9005","HeatRelief":"Yes","HeatRelief_Type":"Hydration Station","Collection":"No","Collection_Type":null,"Hours":"Mo-Fr 8am-4pm","MondayOpen":"8:00 AM","MondayClose":"4:00 PM","TuesdayOpen":"8:00 AM","TuesdayClose":"4:00 PM","WednesdayOpen":"8:00 AM","WednesdayClose":"4:00 PM","ThursdayOpen":"8:00 AM","ThursdayClose":"4:00 PM","FridayOpen":"8:00 AM","FridayClose":"4:00 PM","SaturdayOpen":null,"SaturdayClose":null,"SundayOpen":null,"SundayClose":null,"MemorialDay":"Closed","Juneteenth":"Closed","IndependenceDay":"Closed","LaborDay":"Closed","Pets":null,"Wheelchair_access":null,"ADA_accessible":null,"Services":null,"Note":null,"image":null,"Status":1,"Active":"Yes"}},{"type":"Feature","id":588,"geometry":{"type":"Point","coordinates":[-112.103080911,33.5371447680001]},"properties":{"OBJECTID":588,"globalid":"a64a2121-7cd6-4776-9206-0b8e7930e26a","City":"Phoenix","Year":2026,"LUT_Location":"BFKAZ_FP","Organization":"Backpacks for Kids AZ","Location":"Backpacks for Kids AZ - Food Pantry ","Address":"6819 N. 21st Ave. Phoenix AZ 85015 (Suite N)","map_link":"https://www.google.com/maps/place/6819+N+21st+Ave,+Phoenix,+AZ+85015","Start_Date":"2026-07-02","End_Date":"2026-09-30","PrimaryPhone":"602-614-5781","HeatRelief":"Yes","HeatRelief_Type":"Hydration Station","Collection":"Yes","Collection_Type":"Water and General Collection","Hours":"Tu 10am-1pm, We-Th 5pm-8pm","MondayOpen":null,"MondayClose":null,"TuesdayOpen":"10:00 AM","TuesdayClose":"1:00 PM","WednesdayOpen":"5:00 PM","WednesdayClose":"8:00 PM","ThursdayOpen":"5:00 PM","ThursdayClose":"8:00 PM","FridayOpen":null,"FridayClose":null,"SaturdayOpen":null,"SaturdayClose":null,"SundayOpen":null,"SundayClose":null,"MemorialDay":"Closed","Juneteenth":"Closed","IndependenceDay":"Closed","LaborDay":"Closed","Pets":null,"Wheelchair_access":null,"ADA_accessible":null,"Services":"Food","Note":null,"image":null,"Status":1,"Active":"Yes"}},{"type":"Feature","id":596,"geometry":{"type":"Point","coordinates":[-112.141418338,33.374163643]},"properties":{"OBJECTID":596,"globalid":"12182c8a-95e3-4d90-bb1c-8b914a60a403","City":"Phoenix","Year":2026,"LUT_Location":"Aguila_Comm_Cntr","Organization":"City of Phoenix","Location":"Aguila Community Center ","Address":"7858 S. 35th Ave. Laveen Village AZ 85339","map_link":"https://www.google.com/maps/place/7858+S+35th+Ave,+Laveen+Village,+AZ+85339","Start_Date":"2026-06-23","End_Date":"2026-09-30","PrimaryPhone":"602-534-2828","HeatRelief":"Yes","HeatRelief_Type":"Hydration Station","Collection":"No","Collection_Type":null,"Hours":"Mo-Th 9:30am-8:30pm, Fr-Sa 9:30am-4:30pm","MondayOpen":"9:30 AM","MondayClose":"8:30 PM","TuesdayOpen":"9:30 AM","TuesdayClose":"8:30 PM","WednesdayOpen":"9:30 AM","WednesdayClose":"8:30 PM","ThursdayOpen":"9:30 AM","ThursdayClose":"8:30 PM","FridayOpen":"9:30 AM","FridayClose":"4:30 PM","SaturdayOpen":"9:30 AM","SaturdayClose":"4:30 PM","SundayOpen":null,"SundayClose":null,"MemorialDay":"Regular Hours","Juneteenth":"Regular Hours","IndependenceDay":"Regular Hours","LaborDay":"Closed","Pets":null,"Wheelchair_access":null,"ADA_accessible":null,"Services":null,"Note":null,"image":null,"Status":1,"Active":"Yes"}},{"type":"Feature","id":598,"geometry":{"type":"Point","coordinates":[-111.78791029,33.361207558]},"properties":{"OBJECTID":598,"globalid":"6f8d69bc-a585-4c27-8ee0-65d97be354f9","City":"Gilbert","Year":2026,"LUT_Location":"OBSSS_main","Organization":"Ohana Bridal & Suzannes Sewing Service","Location":"Ohana Bridal","Address":"645 N. Gilbert Rd. Gilbert AZ 85234","map_link":"https://www.google.com/maps/place/645+N+Gilbert+Rd,+Gilbert,+AZ+85234","Start_Date":"2026-05-01","End_Date":"2026-09-30","PrimaryPhone":"480-590-4644","HeatRelief":"No","HeatRelief_Type":null,"Collection":"Yes","Collection_Type":"Water and General Collection","Hours":"Mo & Sa 10am-6pm, Tu, Th & Fr 11am-6pm, Su 1pm-4pm","MondayOpen":"10:00 AM","MondayClose":"6:00 PM","TuesdayOpen":"11:00 AM","TuesdayClose":"6:00 PM","WednesdayOpen":null,"WednesdayClose":null,"ThursdayOpen":"11:00 AM","ThursdayClose":"6:00 PM","FridayOpen":"11:00 AM","FridayClose":"6:00 PM","SaturdayOpen":"10:00 AM","SaturdayClose":"6:00 PM","SundayOpen":"1:00 PM","SundayClose":"4:00 PM","MemorialDay":"Closed","Juneteenth":"Regular Hours","IndependenceDay":"Regular Hours","LaborDay":"Regular Hours","Pets":null,"Wheelchair_access":null,"ADA_accessible":null,"Services":null,"Note":null,"image":null,"Status":1,"Active":"Yes"}},{"type":"Feature","id":599,"geometry":{"type":"Point","coordinates":[-112.185198568,33.540178139]},"properties":{"OBJECTID":599,"globalid":"63177321-dc9a-4554-8937-2f04922f5c54","City":"Glendale","Year":2026,"LUT_Location":"BRAC_main","Organization":"Brad Riner Assistance Center ","Location":"Brad Riner Assistance Center ","Address":"7102 N. 58th Dr. Glendale AZ 85301","map_link":"https://www.google.com/maps/place/7102+N+58th+Dr,+Glendale,+AZ+85301","Start_Date":"2026-05-01","End_Date":"2026-09-30","PrimaryPhone":"623-939-1409","HeatRelief":"Yes","HeatRelief_Type":"Hydration Station","Collection":"No","Collection_Type":null,"Hours":"Mo & Tu 10am-2pm","MondayOpen":"10:00 AM","MondayClose":"2:00 PM","TuesdayOpen":"10:00 AM","TuesdayClose":"2:00 PM","WednesdayOpen":null,"WednesdayClose":null,"ThursdayOpen":null,"ThursdayClose":null,"FridayOpen":null,"FridayClose":null,"SaturdayOpen":null,"SaturdayClose":null,"SundayOpen":null,"SundayClose":null,"MemorialDay":"Closed","Juneteenth":"Closed","IndependenceDay":"Closed","LaborDay":"Closed","Pets":null,"Wheelchair_access":null,"ADA_accessible":null,"Services":"Homeless services, Food, Clothing, Hygiene items, Utility Assistance","Note":null,"image":null,"Status":1,"Active":"Yes"}},{"type":"Feature","id":600,"geometry":{"type":"Point","coordinates":[-111.78509435,33.423212645]},"properties":{"OBJECTID":600,"globalid":"47f7d065-3238-4349-b053-76015c3e0ece","City":"Mesa","Year":2026,"LUT_Location":"OLCM_Porch","Organization":"The Porch","Location":"The Porch at One Life Church","Address":"2052 E. University Dr. Mesa AZ 85213","map_link":"https://www.google.com/maps/place/2052+E+University+Dr,+Mesa,+AZ+85213","Start_Date":"2026-05-01","End_Date":"2026-09-30","PrimaryPhone":"904-910-9705","HeatRelief":"Yes","HeatRelief_Type":"Cooling Center","Collection":"Yes","Collection_Type":"Water and General Collection","Hours":"Fr 9am-1pm","MondayOpen":null,"MondayClose":null,"TuesdayOpen":null,"TuesdayClose":null,"WednesdayOpen":null,"WednesdayClose":null,"ThursdayOpen":null,"ThursdayClose":null,"FridayOpen":"9:00 AM","FridayClose":"1:00 PM","SaturdayOpen":null,"SaturdayClose":null,"SundayOpen":null,"SundayClose":null,"MemorialDay":"Regular Hours","Juneteenth":"Regular Hours","IndependenceDay":"Regular Hours","LaborDay":"Regular Hours","Pets":"Yes","Wheelchair_access":null,"ADA_accessible":null,"Services":"Homeless services, Clothing, Hygiene items, Showers, Laundry","Note":null,"image":null,"Status":1,"Active":"Yes"}},{"type":"Feature","id":601,"geometry":{"type":"Point","coordinates":[-112.735950459,32.944106806]},"properties":{"OBJECTID":601,"globalid":"fdb61056-567b-4e38-a9c7-2333bbe0120e","City":"Gila Bend","Year":2026,"LUT_Location":"AdelanteHC_GB","Organization":"Adelante Healthcare","Location":"Gila Bend Clinic","Address":"100 N. Gila Blvd. Gila Bend AZ 85337","map_link":"https://www.google.com/maps/place/100+Gila+Blvd,+Gila+Bend,+AZ+85337","Start_Date":"2026-08-05","End_Date":"2026-10-31","PrimaryPhone":"480-964-2273","HeatRelief":"Yes","HeatRelief_Type":"Hydration Station","Collection":"No","Collection_Type":null,"Hours":"Mo-Fr 7am-4pm","MondayOpen":null,"MondayClose":null,"TuesdayOpen":null,"TuesdayClose":null,"WednesdayOpen":null,"WednesdayClose":null,"ThursdayOpen":null,"ThursdayClose":null,"FridayOpen":null,"FridayClose":null,"SaturdayOpen":null,"SaturdayClose":null,"SundayOpen":null,"SundayClose":null,"MemorialDay":"Closed","Juneteenth":"Regular Hours","IndependenceDay":"Closed","LaborDay":"Closed","Pets":null,"Wheelchair_access":null,"ADA_accessible":null,"Services":"Health services, Utility Assistance","Note":null,"image":null,"Status":1,"Active":"Yes"}},{"type":"Feature","id":602,"geometry":{"type":"Point","coordinates":[-112.347941768,33.4621521330001]},"properties":{"OBJECTID":602,"globalid":"570f068c-6b4f-404a-abf0-2e800230d1ee","City":"Goodyear","Year":2026,"LUT_Location":"AdelanteHC_GY","Organization":"Adelante Healthcare","Location":"Goodyear Clinic","Address":"13471 W. Cornerstone Blvd. Goodyear AZ 85395","map_link":"https://www.google.com/maps/place/13471+W+Cornerstone+Blvd,+Goodyear,+AZ+85395","Start_Date":"2026-08-05","End_Date":"2026-10-31","PrimaryPhone":"480-964-2273","HeatRelief":"Yes","HeatRelief_Type":"Hydration Station","Collection":"No","Collection_Type":null,"Hours":"Mo-Fr 7am-6pm","MondayOpen":null,"MondayClose":null,"TuesdayOpen":null,"TuesdayClose":null,"WednesdayOpen":null,"WednesdayClose":null,"ThursdayOpen":null,"ThursdayClose":null,"FridayOpen":null,"FridayClose":null,"SaturdayOpen":null,"SaturdayClose":null,"SundayOpen":null,"SundayClose":null,"MemorialDay":"Closed","Juneteenth":"Regular Hours","IndependenceDay":"Closed","LaborDay":"Closed","Pets":null,"Wheelchair_access":null,"ADA_accessible":null,"Services":"Health services, Food, Utility Assistance","Note":null,"image":null,"Status":1,"Active":"Yes"}},{"type":"Feature","id":603,"geometry":{"type":"Point","coordinates":[-111.867690651,33.4144716770001]},"properties":{"OBJECTID":603,"globalid":"3ed72375-d784-46c5-89ab-9ec3a672918a","City":"Mesa","Year":2026,"LUT_Location":"AdelanteHC_ME","Organization":"Adelante Healthcare","Location":"Mesa Clinic","Address":"1705 W. Main St. Mesa AZ 85201","map_link":"https://www.google.com/maps/place/1705+W+Main+St,+Mesa,+AZ+85202","Start_Date":"2026-08-05","End_Date":"2026-10-31","PrimaryPhone":"480-964-2273","HeatRelief":"Yes","HeatRelief_Type":"Hydration Station","Collection":"No","Collection_Type":null,"Hours":"Mo-Th 7am-7pm, Fr 7am-6pm, Sa 8am-5pm","MondayOpen":"7:00 AM","MondayClose":"7:00 PM","TuesdayOpen":"7:00 AM","TuesdayClose":"7:00 PM","WednesdayOpen":"7:00 AM","WednesdayClose":"7:00 PM","ThursdayOpen":"7:00 AM","ThursdayClose":"7:00 PM","FridayOpen":"7:00 AM","FridayClose":"6:00 PM","SaturdayOpen":"8:00 AM","SaturdayClose":"5:00 PM","SundayOpen":null,"SundayClose":null,"MemorialDay":"Closed","Juneteenth":"Regular Hours","IndependenceDay":"Closed","LaborDay":"Closed","Pets":null,"Wheelchair_access":null,"ADA_accessible":null,"Services":"Health services, Utility Assistance","Note":null,"image":null,"Status":1,"Active":"Yes"}},{"type":"Feature","id":604,"geometry":{"type":"Point","coordinates":[-112.390854597,33.638374523]},"properties":{"OBJECTID":604,"globalid":"bf6a9679-9114-4d97-826f-956392877c6c","City":"Surprise","Year":2026,"LUT_Location":"AdelanteHC_SU","Organization":"Adelante Healthcare","Location":"Surprise Clinic","Address":"15351 W. Bell Rd. Surprise AZ 85374","map_link":"https://www.google.com/maps/place/15351+W+Bell+Rd,+Surprise,+AZ+85374","Start_Date":"2026-08-05","End_Date":"2026-10-31","PrimaryPhone":"480-964-2273","HeatRelief":"Yes","HeatRelief_Type":"Hydration Station","Collection":"No","Collection_Type":null,"Hours":"Mo-Th 7am-7pm, Fr 7am-6pm, Sa 8am-5pm","MondayOpen":"7:00 AM","MondayClose":"7:00 PM","TuesdayOpen":"7:00 AM","TuesdayClose":"7:00 PM","WednesdayOpen":"7:00 AM","WednesdayClose":"7:00 PM","ThursdayOpen":"7:00 AM","ThursdayClose":"7:00 PM","FridayOpen":"7:00 AM","FridayClose":"6:00 PM","SaturdayOpen":"8:00 AM","SaturdayClose":"5:00 PM","SundayOpen":null,"SundayClose":null,"MemorialDay":"Closed","Juneteenth":"Regular Hours","IndependenceDay":"Closed","LaborDay":"Closed","Pets":null,"Wheelchair_access":null,"ADA_accessible":null,"Services":"Health services, Utility Assistance","Note":null,"image":null,"Status":1,"Active":"Yes"}},{"type":"Feature","id":605,"geometry":{"type":"Point","coordinates":[-112.125812784,33.573484385]},"properties":{"OBJECTID":605,"globalid":"d5e89194-84f3-4f55-ac4c-6e136572f995","City":"Phoenix","Year":2026,"LUT_Location":"AdelanteHC_W_PH","Organization":"Adelante Healthcare","Location":"West Phoenix Clinic","Address":"9610 N. Metro Pkwy. W  Phoenix AZ 85051","map_link":"https://www.google.com/maps/place/9610+N+Metro+Pkwy+W,+Phoenix,+AZ+85051","Start_Date":"2026-08-05","End_Date":"2026-10-31","PrimaryPhone":"480-964-2273","HeatRelief":"Yes","HeatRelief_Type":"Hydration Station","Collection":"No","Collection_Type":null,"Hours":"Mo-Th 7am-7pm, Fr 7am-6pm, Sa 7am-4pm","MondayOpen":"7:00 AM","MondayClose":"7:00 PM","TuesdayOpen":"7:00 AM","TuesdayClose":"7:00 PM","WednesdayOpen":"7:00 AM","WednesdayClose":"7:00 PM","ThursdayOpen":"7:00 AM","ThursdayClose":"7:00 PM","FridayOpen":"7:00 AM","FridayClose":"6:00 PM","SaturdayOpen":"7:00 AM","SaturdayClose":"4:00 PM","SundayOpen":null,"SundayClose":null,"MemorialDay":"Closed","Juneteenth":"Regular Hours","IndependenceDay":"Closed","LaborDay":"Closed","Pets":null,"Wheelchair_access":null,"ADA_accessible":null,"Services":"Health services, Food, Utility Assistance","Note":null,"image":null,"Status":1,"Active":"Yes"}},{"type":"Feature","id":606,"geometry":{"type":"Point","coordinates":[-112.49769309,33.5669913720001]},"properties":{"OBJECTID":606,"globalid":"c6d75474-052d-49c9-a40b-e12b09668d7f","City":"Surprise","Year":2026,"LUT_Location":"Mar_Co_Wht_Tnk_Lib","Organization":"Maricopa County Library District","Location":"White Tank Library  ","Address":"20304 W. White Tank Mountain Rd. Surprise AZ 85355","map_link":"https://www.google.com/maps/place/20304+W+White+Tank+Mountain+Rd,+Waddell,+AZ+85355","Start_Date":"2026-05-01","End_Date":"2026-09-30","PrimaryPhone":"602-652-3000","HeatRelief":"Yes","HeatRelief_Type":"Cooling Center","Collection":"No","Collection_Type":null,"Hours":"Mo-We 10am-7pm, Th-Sa 10am-5pm","MondayOpen":"10:00 AM","MondayClose":"7:00 PM","TuesdayOpen":"10:00 AM","TuesdayClose":"7:00 PM","WednesdayOpen":"10:00 AM","WednesdayClose":"7:00 PM","ThursdayOpen":"10:00 AM","ThursdayClose":"5:00 PM","FridayOpen":"10:00 AM","FridayClose":"5:00 PM","SaturdayOpen":"10:00 AM","SaturdayClose":"5:00 PM","SundayOpen":null,"SundayClose":null,"MemorialDay":"Closed","Juneteenth":"Regular Hours","IndependenceDay":"Closed","LaborDay":"Closed","Pets":"No","Wheelchair_access":"Yes","ADA_accessible":"Yes","Services":null,"Note":null,"image":null,"Status":1,"Active":"Yes"}},{"type":"Feature","id":607,"geometry":{"type":"Point","coordinates":[-112.358606476,33.513650839]},"properties":{"OBJECTID":607,"globalid":"ebaa2447-7aa4-451d-8b74-00e004c40b58","City":"Litchfield Park","Year":2026,"LUT_Location":"Mar_Co_LP_Lib","Organization":"Maricopa County Library District","Location":"Litchfield Park Library  ","Address":"5390 N. Litchfield Rd. Litchfield Park AZ 85340","map_link":"https://www.google.com/maps/place/5390+N+Litchfield+Rd,+Litchfield+Park,+AZ+85340","Start_Date":"2026-08-03","End_Date":"2026-09-30","PrimaryPhone":"602-652-3000","HeatRelief":"Yes","HeatRelief_Type":"Cooling Center","Collection":"No","Collection_Type":null,"Hours":"Mo-We 10am-7pm, Th-Sa 10am-5pm","MondayOpen":"10:00 AM","MondayClose":"7:00 PM","TuesdayOpen":"10:00 AM","TuesdayClose":"7:00 PM","WednesdayOpen":"10:00 AM","WednesdayClose":"7:00 PM","ThursdayOpen":"10:00 AM","ThursdayClose":"5:00 PM","FridayOpen":"10:00 AM","FridayClose":"5:00 PM","SaturdayOpen":"10:00 AM","SaturdayClose":"5:00 PM","SundayOpen":null,"SundayClose":null,"MemorialDay":"Closed","Juneteenth":"Regular Hours","IndependenceDay":"Closed","LaborDay":"Closed","Pets":"No","Wheelchair_access":"Yes","ADA_accessible":"Yes","Services":null,"Note":null,"image":null,"Status":1,"Active":"Yes"}},{"type":"Feature","id":608,"geometry":{"type":"Point","coordinates":[-111.962474585,33.362174737]},"properties":{"OBJECTID":608,"globalid":"6e65a905-89b5-495a-98d3-3422fd4ddc29","City":"Guadalupe","Year":2026,"LUT_Location":"Mar_Co_GU_Lib","Organization":"Maricopa County Library District","Location":"Guadalupe Library  ","Address":"9241 S. Avendia del Yaqui Guadalupe AZ 85283","map_link":"https://www.google.com/maps/place/9241+S+Avenida+del+Yaqui,+Guadalupe,+AZ+85283","Start_Date":"2026-05-01","End_Date":"2026-09-30","PrimaryPhone":"602-652-3000","HeatRelief":"Yes","HeatRelief_Type":"Cooling Center","Collection":"No","Collection_Type":null,"Hours":"Mo 10am-7pm; Tu-Th 10am-6pm; Fr & Sa 10am-5pm","MondayOpen":"10:00 AM","MondayClose":"7:00 PM","TuesdayOpen":"10:00 AM","TuesdayClose":"6:00 PM","WednesdayOpen":"10:00 AM","WednesdayClose":"6:00 PM","ThursdayOpen":"10:00 AM","ThursdayClose":"6:00 PM","FridayOpen":"10:00 AM","FridayClose":"5:00 PM","SaturdayOpen":"10:00 AM","SaturdayClose":"5:00 PM","SundayOpen":null,"SundayClose":null,"MemorialDay":"Closed","Juneteenth":"Regular Hours","IndependenceDay":"Closed","LaborDay":"Closed","Pets":"No","Wheelchair_access":"Yes","ADA_accessible":"Yes","Services":null,"Note":null,"image":"https://geo.azmag.gov/maps/images/heatrelief/Mar_Co_GU_Lib.jpg","Status":1,"Active":"Yes"}},{"type":"Feature","id":609,"geometry":{"type":"Point","coordinates":[-111.881632805,33.2183241980001]},"properties":{"OBJECTID":609,"globalid":"1e998bff-426f-49c5-b9be-0bf07a79d9bf","City":"Sun Lakes","Year":2026,"LUT_Location":"Mar_Co_EdRbsn_Lib","Organization":"Maricopa County Library District","Location":"Ed Robson Library  ","Address":"9330 E. Riggs Rd. Sun Lakes AZ 85248","map_link":"https://www.google.com/maps/place/9330+E+Riggs+Rd,+Sun+Lakes,+AZ+85248","Start_Date":"2026-05-01","End_Date":"2026-09-30","PrimaryPhone":"602-652-3000","HeatRelief":"Yes","HeatRelief_Type":"Cooling Center","Collection":"No","Collection_Type":null,"Hours":"Mo-Sa 9am-5pm","MondayOpen":"9:00 AM","MondayClose":"5:00 PM","TuesdayOpen":"9:00 AM","TuesdayClose":"5:00 PM","WednesdayOpen":"9:00 AM","WednesdayClose":"5:00 PM","ThursdayOpen":"9:00 AM","ThursdayClose":"5:00 PM","FridayOpen":"9:00 AM","FridayClose":"5:00 PM","SaturdayOpen":"9:00 AM","SaturdayClose":"5:00 PM","SundayOpen":null,"SundayClose":null,"MemorialDay":"Closed","Juneteenth":"Regular Hours","IndependenceDay":"Closed","LaborDay":"Closed","Pets":"No","Wheelchair_access":"Yes","ADA_accessible":"Yes","Services":null,"Note":null,"image":null,"Status":1,"Active":"Yes"}},{"type":"Feature","id":610,"geometry":{"type":"Point","coordinates":[-113.172119069,33.9423759260001]},"properties":{"OBJECTID":610,"globalid":"9eb3a556-f23b-4d10-8a23-30e62cb64e4f","City":"Aguila","Year":2026,"LUT_Location":"Mar_Co_Agl_Lib","Organization":"Maricopa County Library District","Location":"Aguila Library ","Address":"51300 US-60 Aguila AZ 85320","map_link":"https://www.google.com/maps/place/51300+US-60,+Aguila,+AZ+85320","Start_Date":"2026-05-01","End_Date":"2026-09-30","PrimaryPhone":"602-652-3000","HeatRelief":"Yes","HeatRelief_Type":"Cooling Center","Collection":"No","Collection_Type":null,"Hours":"Mo 10am-7pm, Tu-Th 10am-6pm, Fr-Sa 10am-5pm","MondayOpen":"10:00 AM","MondayClose":"7:00 PM","TuesdayOpen":"10:00 AM","TuesdayClose":"6:00 PM","WednesdayOpen":"10:00 AM","WednesdayClose":"6:00 PM","ThursdayOpen":"10:00 AM","ThursdayClose":"6:00 PM","FridayOpen":"10:00 AM","FridayClose":"5:00 PM","SaturdayOpen":"10:00 AM","SaturdayClose":"5:00 PM","SundayOpen":null,"SundayClose":null,"MemorialDay":"Closed","Juneteenth":"Regular Hours","IndependenceDay":"Closed","LaborDay":"Closed","Pets":"No","Wheelchair_access":"Yes","ADA_accessible":"Yes","Services":null,"Note":null,"image":null,"Status":1,"Active":"Yes"}},{"type":"Feature","id":611,"geometry":{"type":"Point","coordinates":[-111.747822762,33.2626615340001]},"properties":{"OBJECTID":611,"globalid":"c5a46d10-de41-40d4-87a5-28cc6e330267","City":"Gilbert","Year":2026,"LUT_Location":"Mar_Co_Prry_Lib","Organization":"Maricopa County Library District","Location":"Perry Library  ","Address":"1965 E. Queen Creek Rd. Gilbert AZ 85297","map_link":"https://www.google.com/maps/place/1965+E+Queen+Creek+Rd,+Gilbert,+AZ+85297","Start_Date":"2026-05-01","End_Date":"2026-09-30","PrimaryPhone":"602-652-3000","HeatRelief":"Yes","HeatRelief_Type":"Cooling Center","Collection":"No","Collection_Type":null,"Hours":"Mo-Th 10am-7pm, Fr-Sa 10am-4pm","MondayOpen":"10:00 AM","MondayClose":"7:00 PM","TuesdayOpen":"10:00 AM","TuesdayClose":"7:00 PM","WednesdayOpen":"10:00 AM","WednesdayClose":"7:00 PM","ThursdayOpen":"10:00 AM","ThursdayClose":"7:00 PM","FridayOpen":"10:00 AM","FridayClose":"4:00 PM","SaturdayOpen":"10:00 AM","SaturdayClose":"4:00 PM","SundayOpen":null,"SundayClose":null,"MemorialDay":"Closed","Juneteenth":"Regular Hours","IndependenceDay":"Closed","LaborDay":"Closed","Pets":"No","Wheelchair_access":"Yes","ADA_accessible":"Yes","Services":null,"Note":null,"image":null,"Status":1,"Active":"Yes"}},{"type":"Feature","id":612,"geometry":{"type":"Point","coordinates":[-111.72171,33.6029600000001]},"properties":{"OBJECTID":612,"globalid":"384a195c-8c27-40de-8508-8bcda62dd8c7","City":"Fountain Hills","Year":2026,"LUT_Location":"Mar_Co_FtHills_Lib","Organization":"Maricopa County Library District","Location":"Fountain Hills Library  ","Address":"12901 N. La Montana Dr. Fountain Hills AZ 85268","map_link":"https://www.google.com/maps/place/12901+N+La+Montana+Dr,+Fountain+Hills,+AZ+85268","Start_Date":"2026-05-01","End_Date":"2026-09-30","PrimaryPhone":"602-652-3000","HeatRelief":"Yes","HeatRelief_Type":"Cooling Center","Collection":"No","Collection_Type":null,"Hours":"Mo-We 9am-7pm, Th-Sa 9am-5pm","MondayOpen":"9:00 AM","MondayClose":"7:00 PM","TuesdayOpen":"9:00 AM","TuesdayClose":"7:00 PM","WednesdayOpen":"9:00 AM","WednesdayClose":"7:00 PM","ThursdayOpen":"9:00 AM","ThursdayClose":"5:00 PM","FridayOpen":"9:00 AM","FridayClose":"5:00 PM","SaturdayOpen":"9:00 AM","SaturdayClose":"5:00 PM","SundayOpen":null,"SundayClose":null,"MemorialDay":"Closed","Juneteenth":"Regular Hours","IndependenceDay":"Closed","LaborDay":"Closed","Pets":"No","Wheelchair_access":"Yes","ADA_accessible":"Yes","Services":null,"Note":null,"image":null,"Status":1,"Active":"Yes"}},{"type":"Feature","id":613,"geometry":{"type":"Point","coordinates":[-112.139911838,33.8523554400001]},"properties":{"OBJECTID":613,"globalid":"b5728643-7b4b-4489-8e8b-fa2b433f9ff6","City":"Phoenix","Year":2026,"LUT_Location":"Mar_Co_N_Vlly_Lib","Organization":"Maricopa County Library District","Location":"North Valley Regional Library  ","Address":"40410 N. Gavilan Peak Pkwy. Phoenix AZ 85086","map_link":"https://www.google.com/maps/place/40410+N+Gavilan+Peak+Pkwy,+Anthem,+AZ+85086","Start_Date":"2026-05-01","End_Date":"2026-09-30","PrimaryPhone":"602-652-3000","HeatRelief":"Yes","HeatRelief_Type":"Cooling Center","Collection":"No","Collection_Type":null,"Hours":"Mo-Th 3pm-8pm, Sa-Su 9am-5pm","MondayOpen":"3:00 PM","MondayClose":"8:00 PM","TuesdayOpen":"3:00 PM","TuesdayClose":"8:00 PM","WednesdayOpen":"3:00 PM","WednesdayClose":"8:00 PM","ThursdayOpen":"3:00 PM","ThursdayClose":"8:00 PM","FridayOpen":null,"FridayClose":null,"SaturdayOpen":"9:00 AM","SaturdayClose":"5:00 PM","SundayOpen":"9:00 AM","SundayClose":"5:00 PM","MemorialDay":"Closed","Juneteenth":"Regular Hours","IndependenceDay":"Closed","LaborDay":"Closed","Pets":"No","Wheelchair_access":"Yes","ADA_accessible":"Yes","Services":null,"Note":null,"image":null,"Status":1,"Active":"Yes"}},{"type":"Feature","id":614,"geometry":{"type":"Point","coordinates":[-112.324337993,33.6070000120001]},"properties":{"OBJECTID":614,"globalid":"add6c2b0-f6ff-480e-9785-a30ac2b4383a","City":"El Mirage","Year":2026,"LUT_Location":"Mar_Co_El_Mrg_Lib","Organization":"Maricopa County Library District","Location":"El Mirage Library  ","Address":"13513 N. El Mirage Rd. El Mirage AZ 85335","map_link":"https://www.google.com/maps/place/13513+N+El+Mirage+Rd,+El+Mirage,+AZ+85335","Start_Date":"2026-05-01","End_Date":"2026-09-30","PrimaryPhone":"602-652-3000","HeatRelief":"Yes","HeatRelief_Type":"Cooling Center","Collection":"No","Collection_Type":null,"Hours":"Mo-We & Fr-Sa 9am-5pm, Th 9am-7pm","MondayOpen":"9:00 AM","MondayClose":"5:00 PM","TuesdayOpen":"9:00 AM","TuesdayClose":"5:00 PM","WednesdayOpen":"9:00 AM","WednesdayClose":"5:00 PM","ThursdayOpen":"9:00 AM","ThursdayClose":"7:00 PM","FridayOpen":"9:00 AM","FridayClose":"5:00 PM","SaturdayOpen":"9:00 AM","SaturdayClose":"5:00 PM","SundayOpen":null,"SundayClose":null,"MemorialDay":"Closed","Juneteenth":"Regular Hours","IndependenceDay":"Closed","LaborDay":"Closed","Pets":"No","Wheelchair_access":"Yes","ADA_accessible":"Yes","Services":null,"Note":null,"image":null,"Status":1,"Active":"Yes"}},{"type":"Feature","id":615,"geometry":{"type":"Point","coordinates":[-112.385364527,33.467523339]},"properties":{"OBJECTID":615,"globalid":"516d91f7-cf51-48bf-a442-c6b2c11a53dd","City":"Goodyear","Year":2026,"LUT_Location":"Mar_Co_GTL_Lib","Organization":"Maricopa County Library District","Location":"Georgia T. Lord Library ","Address":"1900 N. Civic Sq. Goodyear AZ 85395","map_link":"https://www.google.com/maps/place/1900+N+Civic+Sq,+Goodyear,+AZ+85395","Start_Date":"2026-05-01","End_Date":"2026-09-30","PrimaryPhone":"602-652-3000","HeatRelief":"Yes","HeatRelief_Type":"Cooling Center","Collection":"No","Collection_Type":null,"Hours":"Mo-Th 9am-8pm, Fr & Sa 9am-5pm, Su 1pm-5pm","MondayOpen":"9:00 AM","MondayClose":"8:00 PM","TuesdayOpen":"9:00 AM","TuesdayClose":"8:00 PM","WednesdayOpen":"9:00 AM","WednesdayClose":"8:00 PM","ThursdayOpen":"9:00 AM","ThursdayClose":"8:00 PM","FridayOpen":"9:00 AM","FridayClose":"5:00 PM","SaturdayOpen":"9:00 AM","SaturdayClose":"5:00 PM","SundayOpen":"1:00 PM","SundayClose":"5:00 PM","MemorialDay":"Closed","Juneteenth":"Regular Hours","IndependenceDay":"Closed","LaborDay":"Closed","Pets":"No","Wheelchair_access":"Yes","ADA_accessible":"Yes","Services":null,"Note":null,"image":null,"Status":1,"Active":"Yes"}},{"type":"Feature","id":616,"geometry":{"type":"Point","coordinates":[-111.864875672,33.4339952670001]},"properties":{"OBJECTID":616,"globalid":"fc243979-f45d-469c-b480-5fabfab0021d","City":"Mesa","Year":2026,"LUT_Location":"Fazolis_Mesa","Organization":"Fazoli's","Location":"Fazoli's (Mesa)","Address":"953 N. Dobson Rd. Mesa AZ 85201","map_link":"https://www.google.com/maps/place/953+N+Dobson+Rd,+Mesa,+AZ+85201","Start_Date":"2026-05-01","End_Date":"2026-09-30","PrimaryPhone":"602-390-8438","HeatRelief":"No","HeatRelief_Type":null,"Collection":"Yes","Collection_Type":"Water and General Collection","Hours":"Mo-Su 10:30am-9:30pm","MondayOpen":"10:30 AM","MondayClose":"9:30 PM","TuesdayOpen":"10:30 AM","TuesdayClose":"9:30 PM","WednesdayOpen":"10:30 AM","WednesdayClose":"9:30 PM","ThursdayOpen":"10:30 AM","ThursdayClose":"9:30 PM","FridayOpen":"10:30 AM","FridayClose":"9:30 PM","SaturdayOpen":"10:30 AM","SaturdayClose":"9:30 PM","SundayOpen":"10:30 AM","SundayClose":"9:30 PM","MemorialDay":"Closed","Juneteenth":"Closed","IndependenceDay":"Closed","LaborDay":"Closed","Pets":null,"Wheelchair_access":null,"ADA_accessible":null,"Services":null,"Note":null,"image":null,"Status":1,"Active":"Yes"}},{"type":"Feature","id":617,"geometry":{"type":"Point","coordinates":[-112.184260549,33.5815330240001]},"properties":{"OBJECTID":617,"globalid":"9045619c-a0dc-4243-a040-212b3e257452","City":"Glendale","Year":2026,"LUT_Location":"Fazolis_Glendale","Organization":"Fazoli's","Location":"Fazoli's (Glendale)","Address":"5825 W. Peoria Ave. Glendale AZ 85302","map_link":"https://www.google.com/maps/place/5825+W+Peoria+Ave,+Glendale,+AZ+85302","Start_Date":"2026-05-01","End_Date":"2026-09-30","PrimaryPhone":"602-390-8438","HeatRelief":"No","HeatRelief_Type":null,"Collection":"Yes","Collection_Type":"Water and General Collection","Hours":"Mo-Su 10:30am-9:30pm","MondayOpen":"10:30 AM","MondayClose":"9:30 PM","TuesdayOpen":"10:30 AM","TuesdayClose":"9:30 PM","WednesdayOpen":"10:30 AM","WednesdayClose":"9:30 PM","ThursdayOpen":"10:30 AM","ThursdayClose":"9:30 PM","FridayOpen":"10:30 AM","FridayClose":"9:30 PM","SaturdayOpen":"10:30 AM","SaturdayClose":"9:30 PM","SundayOpen":"10:30 AM","SundayClose":"9:30 PM","MemorialDay":"Closed","Juneteenth":"Closed","IndependenceDay":"Closed","LaborDay":"Closed","Pets":null,"Wheelchair_access":null,"ADA_accessible":null,"Services":null,"Note":null,"image":null,"Status":1,"Active":"Yes"}}]}