id,suggested,status,type,site,organization,address,overture_match,overture_category,match_dist_m,places_within_150m,map,verdict,note
2,REVIEW,absent,Cooling Center,Rio Vista Recreation Center,City of Peoria,8866 W. Thunderbird Rd. Peoria AZ 85381,,,,Rio Vista Community Park [park] 16m; Veterans Memorial Rio Vista [furniture_store] 18m; Rio Vista Pond [structure_and_geography] 64m,https://www.openstreetmap.org/?mlat=33.615245&mlon=-112.244568#map=19/33.615245/-112.244568,absent,"only park/pond nearby, not rec center"
15,REVIEW,absent,Hydration Station,Pecos Community Center  ,City of Phoenix,17010 S. 48th St. Phoenix AZ 85048,,,,Phoenix City Government Parks and Recreation Facilities [central_government_office] 40m; Pecos Park [park] 127m,https://www.openstreetmap.org/?mlat=33.291866&mlon=-111.981046#map=19/33.291866/-111.981046,absent,"Pecos Park is a park, not the center"
18,REVIEW,absent,Cooling Center,Peoria Main Library,City of Peoria,8463 W. Monroe St. Peoria AZ 85345,,,,Peoria Public Library [library] 21m; Photo Art by Al Ungar [shopping] 49m; Healthy N Fit With Stacy Rae [gym] 49m; Diegos Mobile Detail LLC [auto_detailing] 49m,https://www.openstreetmap.org/?mlat=33.576830&mlon=-112.241490#map=19/33.576830/-112.241490,other_name,"Peoria Public Library is same library, diff name"
19,REVIEW,absent,Hydration Station,Peoria City Hall,City of Peoria,8401 W. Monroe St. Peoria AZ 85345,,,,"Willow District - Peoria, Arizona [central_government_office] 3m; Peoria AZ Arts and Events [funeral_services_and_cemeteries] 4m; Kanfuela Kaffé [coffee_shop] 5m; City of Peoria Jobs [central_government_office] 9m",https://www.openstreetmap.org/?mlat=33.575890&mlon=-112.239790#map=19/33.575890/-112.239790,other_name,"Willow District gov office at 3m, likely city hall"
25,REVIEW,absent,Cooling Center,Surprise Resource Center,City of Surprise,12641 W. Santa Fe Dr.,,,,Hollyhock Community Pool [swimming_pool] 54m; Villanueva Community Center [community_center] 73m; Villanueva Recreation Center [gym] 73m; Surprise City Court [health_and_medical] 104m,https://www.openstreetmap.org/?mlat=33.626402&mlon=-112.332061#map=19/33.626402/-112.332061,absent,different named community center nearby
26,REVIEW,absent,Cooling Center,Vista del Camino Community Center  ,City of Scottsdale,7700 E. Roosevelt St. Scottsdale AZ 85257,,,,Yavapai Fields [active_life] 10m; Vista Del Camino Park [park] 16m; Scottsdale Community Partners [community_services_non_profits] 17m; Eagle Eye Property Inspections [builders] 85m,https://www.openstreetmap.org/?mlat=33.458772&mlon=-111.913726#map=19/33.458772/-111.913726,absent,park is not the community center itself
29,REVIEW,absent,Cooling Center,Prickly Pear Library  ,City of Phoenix,3635 W. Baseline Rd. Phoenix AZ 85339,,,,Public Library [library] 15m; Cesar Chavez Library [library] 48m,https://www.openstreetmap.org/?mlat=33.376556&mlon=-112.138760#map=19/33.376556/-112.138760,other_name,generic 'Public Library' likely this branch
43,REVIEW,absent,Hydration Station,Harmon Recreation Center ,City of Phoenix,1425 S. 5th Ave. Phoenix AZ 85003,,,,Harmon Park [park] 20m; Harmon Pool [swimming_pool] 57m; Harmon Library [library] 116m; Advanced Cardiac Specialists [public_health_clinic] 128m,https://www.openstreetmap.org/?mlat=33.434844&mlon=-112.080082#map=19/33.434844/-112.080082,absent,Harmon Park/Pool/Library are different facilities
44,REVIEW,absent,Hydration Station,Hayden Neighborhood Recreation Center,City of Phoenix,420 W. Tamarisk Ave. Phoenix AZ 85041,,,,Hayden Park [park] 73m,https://www.openstreetmap.org/?mlat=33.404268&mlon=-112.079833#map=19/33.404268/-112.079833,absent,"only Hayden Park nearby, not rec center"
62,REVIEW,absent,Hydration Station,Sunnyslope Family Services Center,City of Phoenix,914 W. Hatcher Rd. Phoenix AZ 85021 (Lobby),,,,Arizona Women's Education And Employment [charity_organization] 3m; Central Arizona Shelter Services [community_services_non_profits] 3m; Transitional Living Communities Residential [None] 54m; A&n Smoke Shop [tobacco_shop] 55m,https://www.openstreetmap.org/?mlat=33.571947&mlon=-112.085539#map=19/33.571947/-112.085539,absent,no matching name in nearby places
63,REVIEW,absent,Hydration Station,Escalante Multigenerational Center,City of Tempe,2150 E. Orange St. Tempe AZ 85281,,,,Escalante Multi-Generational Center [community_center] 26m; Escalante Community Center [park] 30m; TCAA Senior Centers [community_services_non_profits] 36m; Escalante Pool [swimming_pool] 36m,https://www.openstreetmap.org/?mlat=33.418967&mlon=-111.894596#map=19/33.418967/-111.894596,other_name,Escalante Multi-Generational Center is same site
64,REVIEW,absent,Hydration Station,Unlimited Potential,Unlimited Potential,3146 E. Wier Ave. Phoenix AZ 85040 (Room 34),,,,ChyAnn Radio [radio_station] 7m; Black Wall Street Arizona Inc [professional_services] 15m; Pride Of The Southside [marketing_agency] 35m; Arizona Microgreens [farm] 54m,https://www.openstreetmap.org/?mlat=33.403593&mlon=-112.014752#map=19/33.403593/-112.014752,absent,no matching name nearby
65,REVIEW,absent,Cooling Center,Mustang Library,City of Scottsdale,10101 N. 90th St. Scottsdale AZ 85258,,,,Scottsdale Public Library [library] 18m; PayPal Scottsdale [internet_service_provider] 65m,https://www.openstreetmap.org/?mlat=33.577758&mlon=-111.884526#map=19/33.577758/-111.884526,other_name,Scottsdale Public Library = system name for branch
81,REVIEW,absent,Hydration Station,Senior Opportunities West Senior Center,City of Phoenix,1220 S. 7th Ave. Phoenix AZ 85007,,,,SBHIS Medicare Solutions [insurance_agency] 18m; insurus medicare solutions [corporate_office] 19m; Maricopa County Government [central_government_office] 28m; Wic Food Plus Site [central_government_office] 47m,https://www.openstreetmap.org/?mlat=33.435540&mlon=-112.082972#map=19/33.435540/-112.082972,absent,no matching name nearby
92,REVIEW,absent,Hydration Station,South Mountain Clinic,Terros Health,3540 E. Baseline Rd. Phoenix AZ 85042,,,,1st Care Family Medicine [diagnostic_services] 6m; IMS Urgent Care - Phoenix [urgent_care_clinic] 13m; Lifewell [community_services_non_profits] 14m; Hanger Orthotics and Prosthetics [None] 15m,https://www.openstreetmap.org/?mlat=33.378752&mlon=-112.005147#map=19/33.378752/-112.005147,other_name,"Lifewell = Terros old name, as ids 95/96"
93,REVIEW,absent,Hydration Station,Oak Clinic,Terros Health,4451 E. Oak Street Phoenix AZ 85008,,,,Lifewell Behavioral Wellness [None] 14m; ATM Costco [atms] 117m; ATM QUIKTRIP - TRANSFUND [atms] 120m; Camelback Mtn [hiking_trail] 122m,https://www.openstreetmap.org/?mlat=33.472456&mlon=-111.985350#map=19/33.472456/-111.985350,other_name,"Lifewell = Terros old name, as ids 95/96"
94,REVIEW,absent,Hydration Station,Desert Cove Clinic (IHH),Terros Health,10844 N. 23rd Ave. Phoenix AZ 85008,,,,Midwest Publishing [organization] 11m; MPI [coworking_space] 15m; Chameleon Glass [glass_and_mirror_sales_service] 52m; Don't Buy Solar Yet [solar_installation] 61m,https://www.openstreetmap.org/?mlat=33.585726&mlon=-112.108812#map=19/33.585726/-112.108812,absent,no matching name nearby
95,REVIEW,absent,Hydration Station,University Clinic ,Terros Health,262 E. University Dr. Mesa AZ 85201,,,,Lifewell - University [health_and_medical] 49m; Lifewell University [None] 50m; Iglesia Universal [church_cathedral] 76m; Fallas Paredes 330 [clothing_store] 112m,https://www.openstreetmap.org/?mlat=33.422411&mlon=-111.825305#map=19/33.422411/-111.825305,other_name,"Lifewell - University likely same clinic, old name"
96,REVIEW,absent,Cooling Center,Mitchell Clinic,Terros Health,40 E. Mitchell Dr. Phoenix AZ 85012,,,,"Lifewell - Mitchell [corporate_office] 21m; Triple R Behavioral Health, Inc. [counseling_and_mental_health] 31m; Wendy Rocha Saucedo [pediatrician] 56m; Ismael-AZ 1st Land & Home Real Estate Co [real_estate_agent] 57m",https://www.openstreetmap.org/?mlat=33.488829&mlon=-112.071769#map=19/33.488829/-112.071769,other_name,"Lifewell - Mitchell likely same clinic, old name"
100,REVIEW,absent,Hydration Station,Human Services City of Buckeye,City of Buckeye,110 E. Irwin Ave. Buckeye AZ 85326,,,,Earl Edgar Recreational Park [park] 149m,https://www.openstreetmap.org/?mlat=33.363654&mlon=-112.590179#map=19/33.363654/-112.590179,absent,"only a park nearby, not human services site"
101,REVIEW,absent,Hydration Station,Yideeską́ądi Hózhǫǫ́jí Center (YHC),Yideeską́ądi Hózhǫǫ́jí Center (YHC),3008 N. 3rd. St. Phoenix AZ 85012,,,,"Ivy K. Radciffe, Apn [diagnostic_services] 23m; Downtown Medical [health_and_medical] 23m; Construction Zone [architect] 45m; National Cash Offer [real_estate_service] 46m",https://www.openstreetmap.org/?mlat=33.482638&mlon=-112.069877#map=19/33.482638/-112.069877,absent,no matching name nearby
105,REVIEW,absent,Cooling Center,Diamond Street Resource Center ,Recovering Community Advocates,1245 E Diamond St Phoenix AZ 85006,,,,Real Life PHX [environmental_conservation_organization] 5m; UnitePHX [community_services_non_profits] 27m; Crossroads Christian Fellowship [church_cathedral] 39m; Aim Right Ministries [religious_organization] 50m,https://www.openstreetmap.org/?mlat=33.459399&mlon=-112.054413#map=19/33.459399/-112.054413,absent,no matching name nearby
109,REVIEW,absent,Cooling Center,Glendale Main Library,City of Glendale,5959 W. Brown St. Glendale AZ 85302,,,,Glendale Public Library [library] 16m; Glendale Xeriscape Garden [botanical_garden] 36m; Veterans Memorial [monument] 80m,https://www.openstreetmap.org/?mlat=33.577433&mlon=-112.187241#map=19/33.577433/-112.187241,other_name,Glendale Public Library is same main branch
113,REVIEW,absent,Cooling Center,Hamilton Library,City of Chandler,3700 S. Arizona Ave. Chandler AZ 85248,,,,Chandler Public Library [library] 45m; Hamilton High School Gridiron Club [stadium_arena] 62m; TOPAZ Water Polo [gym] 73m; Chandler City Government [library] 75m,https://www.openstreetmap.org/?mlat=33.253272&mlon=-111.842513#map=19/33.253272/-111.842513,other_name,"branch only under system name, as Scottsdale"
121,REVIEW,absent,Hydration Station,O'Neil Community Center ,City of Glendale,6448 W. Missouri Ave. Glendale AZ 85301,,,,O'Neil Park [park] 8m; Breakthrough Life Church [church_cathedral] 37m; William C Jack School [elementary_school] 129m; O'Neil Park [park] 141m,https://www.openstreetmap.org/?mlat=33.517058&mlon=-112.198568#map=19/33.517058/-112.198568,absent,"only O'Neil Park nearby, not center"
124,REVIEW,absent,Hydration Station,Glendale Community Services ,City of Glendale,7677 W. Bethany Home Rd. Glendale AZ 85303,,,,GESD System of Care Center [community_center] 99m; GESD Family Hub [day_care_preschool] 106m,https://www.openstreetmap.org/?mlat=33.521879&mlon=-112.223241#map=19/33.521879/-112.223241,absent,GESD entries are different org/facility
125,REVIEW,absent,Hydration Station,Arizona Friends of Homeless,Arizona Friends of Homeless,1118 W. Glendale Ave. Phoenix AZ 85021 (Beth El Congregation),,,,Beth El Congregation [synagogue] 1m; Orangewood Uptown Farmers Market [farmers_market] 1m; Tuscany Condominium [landmark_and_historical_building] 106m,https://www.openstreetmap.org/?mlat=33.539093&mlon=-112.088504#map=19/33.539093/-112.088504,other_name,site located at Beth El Congregation per address
126,REVIEW,absent,Cooling Center,Cooltainer 1601,AZ Faith Network,1645 W Jefferson St. Phoenix AZ 85007,,,,Arizona Offender Operations [central_government_office] 9m; Arizona Department of Corrections [central_government_office] 88m; Executive Clemency Board [central_government_office] 94m; Arizona Department of Education [education] 106m,https://www.openstreetmap.org/?mlat=33.446623&mlon=-112.094223#map=19/33.446623/-112.094223,absent,"mobile unit, no matching listing"
127,REVIEW,absent,Hydration Station,DREAMreach Ministry,Dream City Church,2205 E. Eugie Terrace Phoenix AZ 85022,,,,Edelweiss German Deli [delicatessen] 7m; Thrift To Thrive [thrift_store] 7m; Panda Travel [travel_services] 20m; Phoenix Alterations [sewing_and_alterations] 20m,https://www.openstreetmap.org/?mlat=33.608893&mlon=-112.035989#map=19/33.608893/-112.035989,absent,no matching name nearby
128,REVIEW,absent,Respite Center,20 W Jackson,City of Phoenix,20 W. Jackson St. Phoenix AZ 85003,,,,10 W Jackson Street [parking] 3m; 1 W. Jackson [parking] 70m; Encanto Justice Court [courthouse] 78m; RA Sushi [sushi_restaurant] 78m,https://www.openstreetmap.org/?mlat=33.445170&mlon=-112.074518#map=19/33.445170/-112.074518,absent,"only nearby parking lots, not this address"
129,REVIEW,absent,Hydration Station,Kiwanis Recreation Center,City of Tempe,6111 S. All America Way Tempe AZ 85283,,,,Kiwanis Park Swimming Pool [swimming_pool] 3m; Kiwanis Community Park [park] 38m; Kiwanis Park Batting Range [batting_cage] 97m,https://www.openstreetmap.org/?mlat=33.366747&mlon=-111.935298#map=19/33.366747/-111.935298,absent,"Kiwanis pool/park nearby, not rec center"
132,REVIEW,absent,Hydration Station,1111 W. Hatcher,Cleo N Lewis Ministries Inc.,1111 W. Hatcher Rd. Phoenix AZ 85021,,,,Murray's Cocktail Bar [bar_crawl] 11m; Dollar Store & More Carniceria Dos Hermanos [discount_store] 27m; General Trading [contractor] 29m; Latino Restaurant [latin_american_restaurant] 30m,https://www.openstreetmap.org/?mlat=33.571023&mlon=-112.087744#map=19/33.571023/-112.087744,absent,no matching name nearby
133,REVIEW,absent,Respite Center,Iglesia Apostólica de la Comunidad,Helping With All My Heart,8724 N. 35th Ave. Phoenix AZ 85051,,,,Ballet Folklorico Mexicapan [dance_school] 23m; Rhema Christian Center [church_cathedral] 24m; Alta Vista Masonry [contractor] 63m; Magela Income Tax N [trusts] 70m,https://www.openstreetmap.org/?mlat=33.564671&mlon=-112.134515#map=19/33.564671/-112.134515,absent,no matching name nearby
135,REVIEW,absent,Hydration Station,North Tempe Multigenerational Center,City of Tempe,1555 N. Bridalwreath St. Tempe AZ 85281,,,,North Tempe Multi-Generational Center [campus_building] 3m; Maricopa County Head Start [preschool] 6m; Boys & Girls Clubs Of The Valley - North Tempe Branch [charity_organization] 78m; Cecil Shamley School [school] 103m,https://www.openstreetmap.org/?mlat=33.446683&mlon=-111.921715#map=19/33.446683/-111.921715,other_name,"exact match with hyphen, matcher missed it"
136,REVIEW,absent,Hydration Station,Westside Multigenerational Center,City of Tempe,715 W. 5th St. Tempe AZ 85281,,,,31 Day Fitness [womens_clothing_store] 19m; Westside Community Center [central_government_office] 23m; Cahill Senior Center [senior_citizen_services] 31m; Boys & Girls Club [youth_organizations] 31m,https://www.openstreetmap.org/?mlat=33.425014&mlon=-111.948686#map=19/33.425014/-111.948686,other_name,Westside Community Center likely same site
140,REVIEW,absent,Hydration Station,El Mirage Customer Service (Utility Service Center),City of El Mirage,14011 N 1st Ave El Mirage AZ 85335,,,,El Mirage Library [water_supplier] 45m; El Mirage Senior Center [venue_and_event_space] 67m; El Mirage City Court [courthouse] 74m; Integrated Tang Soo Do Academy [martial_arts_club] 74m,https://www.openstreetmap.org/?mlat=33.611095&mlon=-112.325745#map=19/33.611095/-112.325745,other_name,water_supplier category matches utility center
141,REVIEW,absent,Respite Center,Glendale Mission & Ministry IDDS,AZ Faith Network,6242 N. 59th Ave. Glendale AZ 85301,,,,First Christian Church [church_cathedral] 24m; Glendale Mission And Ministry Center [community_services_non_profits] 24m; Discovery Headstart [home_service] 78m; Tots Unlimited [preschool] 110m,https://www.openstreetmap.org/?mlat=33.528914&mlon=-112.187552#map=19/33.528914/-112.187552,other_name,Glendale Mission And Ministry Center = same site
148,REVIEW,absent,Cooling Center,Cooltainer 1818,AZ Faith Network,1818 W. Adams St. Phoenix AZ 85007,,,,Arizona State Government Administration Department [central_government_office] 40m; Arizona Office Of Vital Records [central_government_office] 46m; Bureau Of Special Licensing [central_government_office] 46m; Licensing Services Division [department_of_motor_vehicles] 46m,https://www.openstreetmap.org/?mlat=33.449543&mlon=-112.099302#map=19/33.449543/-112.099302,absent,"mobile unit, no matching listing"
152,REVIEW,absent,Cooling Center,Arabian Library ,City of Scottsdale,10215 E. McDowell Mountain Ranch Rd. Scottsdale AZ 85255,,,,Scottsdale Public Library [library] 17m; Desert Canyon Middle School [middle_school] 144m,https://www.openstreetmap.org/?mlat=33.627681&mlon=-111.863416#map=19/33.627681/-111.863416,other_name,Scottsdale Public Library = system name for branch
156,REVIEW,absent,Cooling Center,Buckeye Downtown Library,City of Buckeye,310 N. 6th St. Buckeye AZ 85326,,,,Buckeye Public Library [library] 19m; Arizona Welding & Repair [automotive_repair] 58m; Buckeye BioDiesel [chemical_plant] 78m,https://www.openstreetmap.org/?mlat=33.372822&mlon=-112.583178#map=19/33.372822/-112.583178,other_name,Buckeye Public Library = system name for downtown
160,REVIEW,absent,Hydration Station,Sanctuary Recovery Centers,Sanctuary Recovery Centers,10828 N. Cave Creek Rd. Phoenix AZ 85020,,,,Economy Self Storage [self_storage_facility] 32m; Care Transit [transportation] 50m; White Horse Medical Transportation [transportation] 51m; Cowboy Corner [sporting_goods] 52m,https://www.openstreetmap.org/?mlat=33.584715&mlon=-112.050630#map=19/33.584715/-112.050630,absent,no matching name nearby
163,REVIEW,absent,Hydration Station,De La Cruz Tire Shop,De La Cruz Tire Shop,3001 N. 16th St.  Phoenix AZ 85016,,,,Hargraves Auto Repair Center [automotive_services_and_repair] 20m; Sulyy's Tire Shop [tire_dealer_and_repair] 27m; JV Furniture [furniture_store] 28m; Jjs Tacos [taco_restaurant] 30m,https://www.openstreetmap.org/?mlat=33.482090&mlon=-112.047502#map=19/33.482090/-112.047502,absent,"different tire shop, not De La Cruz"
169,REVIEW,absent,Cooling Center,Valle del Sol - Indian School,Valle del Sol,4344 W Indian School Rd Phoenix AZ 85031,,,,Genx [clothing_store] 1m; Stratus Event Center [party_and_event_planning] 22m; El Herradero Western Wear [clothing_store] 25m; Gen X [clothing_store] 27m,https://www.openstreetmap.org/?mlat=33.496016&mlon=-112.153995#map=19/33.496016/-112.153995,absent,no Valle del Sol match nearby
174,REVIEW,absent,Hydration Station,ATR Resource Services,ATR Resource Services,4135 W. Thomas Rd. Phoenix Az 85009 (Suite #2),,,,Isaac School District [school] 12m; Bosa Donuts [donuts] 66m; Romero's Mexican Food [None] 66m; Vasijas Mexican Restaurant [mexican_restaurant] 70m,https://www.openstreetmap.org/?mlat=33.480116&mlon=-112.149152#map=19/33.480116/-112.149152,absent,no matching name nearby
175,REVIEW,absent,Cooling Center,Arizona Complete Health Avondale Resource Center ,City of Avondale,995 E. Riley Dr. Avondale AZ 85323,,,,Avondale Youth Advisory Commission [professional_services] 85m,https://www.openstreetmap.org/?mlat=33.438901&mlon=-112.336135#map=19/33.438901/-112.336135,absent,no matching name nearby
177,REVIEW,absent,Hydration Station,Via Linda Senior Center ,City of Scottsdale,10440 E. Via Linda Scottsdale AZ 85258,,,,Scottsdale Leadership Inc [charity_organization] 0m; Scottsdale Senior Center [arts_and_entertainment] 27m; Boys & Girls Clubs Of Greater Scottsdale - Virginia G. Piper Branch [youth_organizations] 40m; Arizona State University [stadium_arena] 92m,https://www.openstreetmap.org/?mlat=33.576005&mlon=-111.855033#map=19/33.576005/-111.855033,other_name,Scottsdale Senior Center likely same site
180,REVIEW,absent,Hydration Station,Mountain Park Glendale Clinic,Mountain Park Health Center,6975 W. Glendale Ave. Glendale AZ 85303,,,,Desert Eagle Estates [apartments] 120m,https://www.openstreetmap.org/?mlat=33.537729&mlon=-112.209288#map=19/33.537729/-112.209288,absent,no matching name nearby
200,REVIEW,absent,Hydration Station,Unhooked Recovery ,Unhooked Recovery ,5801 E. Main St. Mesa AZ 85205,,,,Turning Point Glassworks [auto_glass_service] 18m; Arizona Carpet Cleaning [home_cleaning] 22m; Crosshope Bible Church [church_cathedral] 27m; CertaPro Painters of Mesa/Tempe [None] 28m,https://www.openstreetmap.org/?mlat=33.415320&mlon=-111.704886#map=19/33.415320/-111.704886,absent,no matching name nearby
201,REVIEW,absent,Cooling Center,Queen Creek Library,Town of Queen Creek,21802 S. Ellsworth Rd. Queen Creek AZ 85142,,,,"Life Church Queen Creek [church_cathedral] 12m; ABC/123 Preschool Academy [preschool] 13m; Nueva Vida En Cristo QC [church_cathedral] 23m; QC Bible Church - Queen Creek, Arizona [church_cathedral] 26m",https://www.openstreetmap.org/?mlat=33.250244&mlon=-111.635567#map=19/33.250244/-111.635567,absent,"no library entry nearby, only churches"
207,REVIEW,absent,Hydration Station,Metro Center,Copa Health,10217 N. Metro Pkwy W. Phoenix AZ 85051,,,,Jason's Deli [delicatessen] 54m; Spirit Halloween [party_supply] 59m; Red Lobster [seafood_restaurant] 92m; Mrbeast Burger [food_delivery_service] 111m,https://www.openstreetmap.org/?mlat=33.579057&mlon=-112.123124#map=19/33.579057/-112.123124,absent,"mall stores nearby, not Copa Health site"
209,REVIEW,absent,Hydration Station,West Valley Campus,Copa Health,14100 N. 83rd Ave. Peoria AZ 85381 (Suite #100),,,,"Tucson Pain Physicians, Llc [health_and_medical] 0m; Generations At Home Wellness Care [home_health_care] 0m; Arizona Community Pharmacy [pharmacy] 0m; Reasy Financial [mortgage_broker] 4m",https://www.openstreetmap.org/?mlat=33.612891&mlon=-112.239840#map=19/33.612891/-112.239840,absent,no Copa Health match nearby
212,REVIEW,absent,Hydration Station,Memorial Hospital ,Apex Transitional Housing ,515 W. Buckeye Rd.  Phoenix AZ 85003,,,,"Phoenix Family Medical Care [family_practice] 7m; Biltmore Ear, Nose & Throat [ear_nose_and_throat] 8m; Better Vision Better Prices [optometrist] 15m; Patterson Gastroenterology: Patterson Edward MD [pediatric_gastroenterology] 15m",https://www.openstreetmap.org/?mlat=33.436843&mlon=-112.080954#map=19/33.436843/-112.080954,absent,no matching name nearby
214,REVIEW,absent,Hydration Station,St. Joseph the Worker - Mesa,St. Joseph the Worker,1833 W. Main St. Mesa AZ 85201 (Suite #128),,,,Mosquito Squad [pest_control_service] 23m; Fox's Pizza Den Adm Office [italian_restaurant] 26m; A Greener Place Aquamation [pet_services] 35m; MG Stone [countertop_installation] 36m,https://www.openstreetmap.org/?mlat=33.413972&mlon=-111.871616#map=19/33.413972/-111.871616,absent,no matching name nearby
218,REVIEW,absent,Hydration Station,Devine Legacy,Native American Connections,4570 N. Central Ave. Phoenix AZ 85012,,,,Iconic Massage Rejuvenation [spas] 25m; Gila River Indian Community Urban Center [college_university] 40m; Soaring Eagles Home Care [retirement_home] 55m; PROMESA [None] 72m,https://www.openstreetmap.org/?mlat=33.503145&mlon=-112.074106#map=19/33.503145/-112.074106,absent,"different Native org nearby, not a match"
219,REVIEW,absent,Hydration Station,Backpacks for Kids AZ - Food Pantry ,Backpacks for Kids AZ,6819 N. 21st Ave. Phoenix AZ 85015 (Suite N),,,,Sun West Technical Sales [plastic_company] 17m; Phoenix Online Auction [auction_house] 22m; Images Glam Bar [hair_salon] 22m; Mohamed’s Driving School [driving_school] 25m,https://www.openstreetmap.org/?mlat=33.537145&mlon=-112.103081#map=19/33.537145/-112.103081,absent,no matching name nearby
220,REVIEW,absent,Hydration Station,Aguila Community Center ,City of Phoenix,7858 S. 35th Ave. Laveen Village AZ 85339,,,,Cesar Chavez Community Center [community_center] 25m; Cesar Chavez Dog Park [dog_park] 109m; Chavez Skate Park [skate_park] 141m,https://www.openstreetmap.org/?mlat=33.374164&mlon=-112.141418#map=19/33.374164/-112.141418,absent,Cesar Chavez Community Center is different site
222,REVIEW,absent,Cooling Center,The Porch at One Life Church,The Porch,2052 E. University Dr. Mesa AZ 85213,,,,Trinity Church Hispanos [church_cathedral] 29m; Trinity Preschool & Kindergarten [elementary_school] 29m; BSA Troop 451 [youth_organizations] 31m; One Life Church - University Campus [church_cathedral] 36m,https://www.openstreetmap.org/?mlat=33.423213&mlon=-111.785094#map=19/33.423213/-111.785094,other_name,One Life Church - University Campus is host church
229,REVIEW,absent,Cooling Center,Litchfield Park Library  ,Maricopa County Library District,5390 N. Litchfield Rd. Litchfield Park AZ 85340,,,,The Hilltop School for the Arts [high_school] 130m; Mattamy Homes - Sunset Terrace [home_developer] 145m,https://www.openstreetmap.org/?mlat=33.513651&mlon=-112.358606#map=19/33.513651/-112.358606,absent,no library match nearby
232,REVIEW,absent,Cooling Center,Aguila Library ,Maricopa County Library District,51300 US-60 Aguila AZ 85320,,,,Post Office-Aguila [post_office] 144m; United States Postal Service [shipping_center] 147m; Woody's Food Stores [gas_station] 149m,https://www.openstreetmap.org/?mlat=33.942376&mlon=-113.172119#map=19/33.942376/-113.172119,absent,no library match nearby
20,REVIEW,operator,Hydration Station,51st Avenue Recovery Center  ,Terros Health,4616 N. 51st Ave. Phoenix AZ 85031 (Ste #108),,,,Parkvale Medical Building [medical_center] 9m; Total Care Chiropractic and Injury [chiropractor] 13m; Success On The Spectrum [psychotherapist] 15m; Premium Health [public_health_clinic] 15m,https://www.openstreetmap.org/?mlat=33.504850&mlon=-112.169650#map=19/33.504850/-112.169650,absent,no Terros entity within 150m
21,REVIEW,operator,Hydration Station,27th Avenue Integrated Care  ,Terros Health,3864 N. 27th Ave. Phoenix AZ 85017,,,,Genoa Healthcare [pharmacy] 4m; Café 27 - Youth Center [youth_organizations] 50m; Terros Behavioral Health Colter Clinic [None] 59m; Riddle Painting [painting] 64m,https://www.openstreetmap.org/?mlat=33.492700&mlon=-112.117110#map=19/33.492700/-112.117110,absent,Terros Colter Clinic is a different branch
22,REVIEW,operator,Hydration Station,McDowell Road Integrated Care  ,Terros Health,4909 E. McDowell Rd. Phoenix AZ 85008,,,,Terros Health [None] 0m; Ladder Program – Mcdowell Health Center [None] 1m; Genoa Healthcare [pharmacy] 53m; Phoenix Flower Shops [flowers_and_gifts_shop] 67m,https://www.openstreetmap.org/?mlat=33.465110&mlon=-111.976060#map=19/33.465110/-111.976060,operator_ok,"Terros Health entity at 0m, this address"
23,REVIEW,operator,Hydration Station,Priest Drive Recovery Center  ,Terros Health,1642 S. Priest Dr. Tempe 85281 AZ (Ste. 101),,,,Genoa Healthcare [pharmacy] 31m; Terros Health [None] 43m; Safety Services Company [business_to_business] 89m; Canyon State Electric [electrician] 97m,https://www.openstreetmap.org/?mlat=33.410210&mlon=-111.962750#map=19/33.410210/-111.962750,operator_ok,Terros Health entity 43m away
24,REVIEW,operator,Hydration Station,23rd Avenue Recovery Center  ,Terros Health,8836 N. 23rd Ave. Phoenix AZ 85021 (Ste. B-1),,,,Goot Nursing Home Pharmacy [pharmacy] 6m; Health Diagnostics Laboratory [health_and_medical] 6m; SJVC Phoenix  [elementary_school] 14m; Fox Valley Electric and Solar [electrician] 21m,https://www.openstreetmap.org/?mlat=33.564983&mlon=-112.109066#map=19/33.564983/-112.109066,absent,no Terros entity within 150m
57,REVIEW,operator,Hydration Station,Olive Avenue Integrated Care,Terros Health,6153 W. Olive Ave. Glendale AZ 85302,,,,Terros Health [hospital] 33m; Touchstone Behavioral Health [None] 34m; Raising Arizona Preschool [preschool] 53m; Church of Jesus Christ of Latter Day Saints [church_cathedral] 69m,https://www.openstreetmap.org/?mlat=33.566724&mlon=-112.192443#map=19/33.566724/-112.192443,operator_ok,Terros Health entity 33m away
58,REVIEW,operator,Cooling Center,Stapley Drive Integrated Care,Terros Health,1111 S. Stapley Dr. Mesa AZ 85204,,,,Terros Health [None] 26m; Neurological Rehabilitation Center [medical_center] 37m; Nicole Lyons [skilled_nursing] 37m; Triad Pain Management & Rehabilitation [pain_management] 39m,https://www.openstreetmap.org/?mlat=33.394993&mlon=-111.804581#map=19/33.394993/-111.804581,operator_ok,Terros Health entity 26m away
59,REVIEW,operator,Cooling Center,Downtown Family Health Clinic,Circle the City,220 S. 12th Ave. Phoenix AZ 85007,,,,Circle the City [community_services_non_profits] 13m; CASS Dental Clinic [dentist] 23m; Central Arizona Shelter Services [homeless_shelter] 46m; Human Services Campus [homeless_shelter] 48m,https://www.openstreetmap.org/?mlat=33.445378&mlon=-112.088581#map=19/33.445378/-112.088581,operator_ok,Circle the City entity 13m away
67,REVIEW,operator,Cooling Center,Phoenix Maryvale Corps,The Salvation Army,4318 W. Clarendon Ave. Phoenix AZ 85031,,,,Salvation Army [charity_organization] 37m; Super Llantas [tire_dealer_and_repair] 72m; Dones Immigration Services [immigration_law] 85m; GJH Motors LLC [industrial_equipment] 90m,https://www.openstreetmap.org/?mlat=33.491820&mlon=-112.152280#map=19/33.491820/-112.152280,operator_ok,Salvation Army entity 37m away
71,REVIEW,operator,Cooling Center,Phoenix Citadel Corps,The Salvation Army,628 N. 3rd Ave. Phoenix AZ 85003,,,,Salvation Army [community_services_non_profits] 20m; Echelon Phoenix [community_services_non_profits] 34m; AVE Phoenix Sky [landmark_and_historical_building] 62m; The Wei Team [mortgage_broker] 67m,https://www.openstreetmap.org/?mlat=33.455260&mlon=-112.078090#map=19/33.455260/-112.078090,operator_ok,Salvation Army entity 20m away
72,REVIEW,operator,Cooling Center,Mesa Corps,The Salvation Army,241 E. 6th St. Mesa AZ 85201,,,,Salvation Army [community_services_non_profits] 32m; Mesa Silvercrest [religious_organization] 66m; Escobedo Park [park] 80m; MesaMoves [central_government_office] 140m,https://www.openstreetmap.org/?mlat=33.424860&mlon=-111.825630#map=19/33.424860/-111.825630,operator_ok,Salvation Army entity 32m away
73,REVIEW,operator,Cooling Center,Warren Ledbetter Service Center,The Salvation Army,2702 E. Washington St. Phoenix AZ 85034,,,,The Salvation Army Family Store & Donation Center [thrift_store] 16m; Goodwill Career Center [education] 19m; Gauer Modules [automation_services] 39m; All Taxi Dispatch Llc [restaurant] 61m,https://www.openstreetmap.org/?mlat=33.448632&mlon=-112.023429#map=19/33.448632/-112.023429,absent,only a separate Salvation Army thrift store nearby
74,REVIEW,operator,Cooling Center,Estrella Mountain Corps,The Salvation Army,11 N. 3rd Ave. Avondale AZ 85323,,,,The Salvation Army Estrella Mountain [community_services_non_profits] 8m; Avondale Tire Center [tire_dealer_and_repair] 79m; ACE Cash Express [installment_loans] 79m; Sessions Tire & Auto Service Center [automotive_repair] 80m,https://www.openstreetmap.org/?mlat=33.436034&mlon=-112.352616#map=19/33.436034/-112.352616,other_name,Salvation Army Estrella Mountain matches site name
111,REVIEW,operator,Cooling Center,Chandler Downtown Library,City of Chandler,22 S. Delaware St. Chandler AZ 85225,,,,Chandler Public Library [library] 28m; City Of Chandler Planning & Development [central_government_office] 62m; Chandler Building Information [central_government_office] 78m; Chandler City Engineer [central_government_office] 79m,https://www.openstreetmap.org/?mlat=33.303435&mlon=-111.838328#map=19/33.303435/-111.838328,other_name,Chandler Public Library likely the downtown branch
151,REVIEW,operator,Hydration Station,SSVF Veterans programs ,Community Bridges (CBI),4001 N. 3rd St. Phoenix AZ 85012,,,,Lane Ehrlich [lawyer] 14m; University of Arizona [college_university] 23m; Children's Action Alliance [corporate_office] 23m; SOTO Law [lawyer] 23m,https://www.openstreetmap.org/?mlat=33.493886&mlon=-112.069340#map=19/33.493886/-112.069340,absent,no Community Bridges entity nearby
173,REVIEW,operator,Cooling Center,Streets of Destiny Global Outreach Center ,Streets of Destiny,3444 E. Van Buren St. Phoenix AZ 85008,,,,Streets of Destiny Church [church_cathedral] 5m; Magic Keys to Learning Children's Developmental Center [home_service] 12m; Ba Auto Car Sales [used_car_dealer] 18m; Yerberia latina [None] 29m,https://www.openstreetmap.org/?mlat=33.451640&mlon=-112.006729#map=19/33.451640/-112.006729,operator_ok,Streets of Destiny Church entity 5m away
178,REVIEW,operator,Hydration Station,Mountain Park Gateway Clinic ,Mountain Park Health Center,3830 E. Van Buren St. Phoenix AZ 85008,,,,Hilton Garden Inn Phoenix Airport North [hotel] 49m; Mountain Park Health Center [medical_center] 60m; Wood Oviatt Gilman [lawyer] 90m; IMetabolic Biopharma Corporation [biotechnology_company] 93m,https://www.openstreetmap.org/?mlat=33.451649&mlon=-111.997975#map=19/33.451649/-111.997975,operator_ok,Mountain Park Health Center entity 60m away
179,REVIEW,operator,Hydration Station,Mountain Park Baseline Clinic,Mountain Park Health Center,635 E. Baseline Rd. Phoenix AZ 85042,,,,Marianne Youssef DMD [general_dentistry] 40m; Dr. Alice Antonescu [pediatrician] 42m; Rhuan Rudy [psychologist] 42m; Shiva Sobhanian [health_and_medical] 42m,https://www.openstreetmap.org/?mlat=33.376943&mlon=-112.067576#map=19/33.376943/-112.067576,absent,no Mountain Park entity nearby
181,REVIEW,operator,Hydration Station,Mountain Park Goodyear Clinic,Mountain Park Health Center,140 N. Litchfield Rd. Goodyear AZ 85338,,,,Nocio Interventional Pain Management [diagnostic_services] 18m; Nova Surgery Centers [hospital] 21m; Desert Spine and Scoliosis Center [orthopedist] 36m; Mountain Park Health Center [medical_center] 42m,https://www.openstreetmap.org/?mlat=33.447884&mlon=-112.358625#map=19/33.447884/-112.358625,operator_ok,Mountain Park Health Center entity 42m away
182,REVIEW,operator,Hydration Station,Mountain Park Maryvale Clinic,Mountain Park Health Center,6601 W. Thomas Rd. Phoenix AZ 85033,,,,TitleBucks [bar] 24m; Mountain Park Health Center [medical_center] 24m; Free STD Clinics [medical_center] 67m; Amanda L Williams [health_and_medical] 68m,https://www.openstreetmap.org/?mlat=33.479464&mlon=-112.201422#map=19/33.479464/-112.201422,operator_ok,Mountain Park Health Center entity 24m away
183,REVIEW,operator,Hydration Station,Mountain Park Baseline Jesse Owens Clinic,Mountain Park Health Center,325 E. Baseline Rd. Phoenix AZ 85042,,,,Vanguard Health [public_health_clinic] 3m; Good Night Pediatrics [diagnostic_services] 3m; Jesse Owen Urgent Care [urgent_care_clinic] 3m; Foot & Ankle Clinics of Arizona [podiatry] 62m,https://www.openstreetmap.org/?mlat=33.376964&mlon=-112.069061#map=19/33.376964/-112.069061,absent,no Mountain Park entity; different urgent care nearby
188,REVIEW,operator,Respite Center,Christ Church Mesa,City Hope,655 E. University Dr. Mesa AZ 85203,,,,City Hope [community_services_non_profits] 16m; Word of Grace Bookstore [church_cathedral] 36m; Hillsong Church Mesa [church_cathedral] 66m; City of Grace [church_cathedral] 72m,https://www.openstreetmap.org/?mlat=33.420643&mlon=-111.817614#map=19/33.420643/-111.817614,operator_ok,City Hope entity 16m away
208,REVIEW,operator,Hydration Station,East Valley Campus,Copa Health,4330 E. University Dr. Mesa AZ 85205,,,,Partners In Recovery [None] 15m; Copa Health - East Valley [counseling_and_mental_health] 23m; Super Plus [gas_station] 75m; Blue Rhino Propane Exchange [propane_supplier] 76m,https://www.openstreetmap.org/?mlat=33.423288&mlon=-111.737724#map=19/33.423288/-111.737724,other_name,Copa Health - East Valley matches site name
223,REVIEW,operator,Hydration Station,Gila Bend Clinic,Adelante Healthcare,100 N. Gila Blvd. Gila Bend AZ 85337,,,,Adelante Healthcare [naturopathic_holistic] 28m; Carl's Jr. [burger_restaurant] 137m,https://www.openstreetmap.org/?mlat=32.944107&mlon=-112.735950#map=19/32.944107/-112.735950,operator_ok,Adelante Healthcare entity 28m away
224,REVIEW,operator,Hydration Station,Goodyear Clinic,Adelante Healthcare,13471 W. Cornerstone Blvd. Goodyear AZ 85395,,,,Adelante Healthcare Goodyear [obstetrician_and_gynecologist] 46m; Estrella Day School [specialty_school] 113m; Chuck E. Cheese [arcade] 115m; The Wellness Center [yoga_studio] 118m,https://www.openstreetmap.org/?mlat=33.462152&mlon=-112.347942#map=19/33.462152/-112.347942,other_name,Adelante Healthcare Goodyear matches site name
225,REVIEW,operator,Hydration Station,Mesa Clinic,Adelante Healthcare,1705 W. Main St. Mesa AZ 85201,,,,Adelante Healthcare [medical_center] 12m; Adelante Mesa WIC [wellness_program] 38m; Arizona Catering [corporate_office] 88m; Budget Truck Rental [truck_rentals] 127m,https://www.openstreetmap.org/?mlat=33.414472&mlon=-111.867691#map=19/33.414472/-111.867691,operator_ok,Adelante Healthcare entity 12m away
226,REVIEW,operator,Hydration Station,Surprise Clinic,Adelante Healthcare,15351 W. Bell Rd. Surprise AZ 85374,,,,Adelante Healthcare [alternative_medicine] 12m; ameriCARE Sun City [home_health_care] 13m; Angela Johansson [pediatrician] 22m; To Process and Serve [legal_services] 24m,https://www.openstreetmap.org/?mlat=33.638375&mlon=-112.390855#map=19/33.638375/-112.390855,operator_ok,Adelante Healthcare entity 12m away
227,REVIEW,operator,Hydration Station,West Phoenix Clinic,Adelante Healthcare,9610 N. Metro Pkwy. W  Phoenix AZ 85051,,,,Adelante Healthcare [public_health_clinic] 2m; Blazin' Mongolian BBQ [asian_fusion_restaurant] 33m; Adelante West Phoenix WIC [wellness_program] 38m; GameStop [video_game_store] 38m,https://www.openstreetmap.org/?mlat=33.573484&mlon=-112.125813#map=19/33.573484/-112.125813,operator_ok,Adelante Healthcare entity 2m away
1,REVIEW,site,Hydration Station,Peoria Development and Community Services,City of Peoria,9875 N. 85th Ave. Peoria AZ 85345,City Of Peoria Development & Community Services,central_government_office,24.0,Peoria Planning and Zoning [central_government_office] 15m; City Of Peoria Development & Community Services [central_government_office] 24m; Peoria Fire Department Administration [fire_department] 93m; Devour The World [festival] 94m,https://www.openstreetmap.org/?mlat=33.574460&mlon=-112.240890#map=19/33.574460/-112.240890,ok,
6,REVIEW,site,Hydration Station,Marcos de Niza Senior Center  ,City of Phoenix,305 W. Pima Rd. Phoenix AZ 85003,Marcos De Niza Pal Center,gym,6.0,Marcos De Niza Pal Center [gym] 6m; Arizona Listening Center Llc [health_and_medical] 44m,https://www.openstreetmap.org/?mlat=33.432847&mlon=-112.077713#map=19/33.432847/-112.077713,wrong_match,Pal Center gym differs from senior center
11,REVIEW,site,Hydration Station,Goelet A. C. Beuf Community Center  ,City of Phoenix,3435 W. Pinnacle Peak Rd. Phoenix AZ 85027,Goelet A Beuf Community Center,community_center,20.0,Goelet A Beuf Community Center [community_center] 20m; Pinnacle Peak Park [shopping] 73m; North Valley Assembly of God [church_cathedral] 132m,https://www.openstreetmap.org/?mlat=33.697048&mlon=-112.131765#map=19/33.697048/-112.131765,ok,
45,REVIEW,site,Hydration Station,Holiday Park Recreation Center ,City of Phoenix,4560 N. 67th Ave. Phoenix AZ 85035,Holiday Park,park,46.0,Holiday Pool [swimming_pool] 42m; Holiday Park [park] 46m; RN Construction & Remodeling [contractor] 137m,https://www.openstreetmap.org/?mlat=33.503525&mlon=-112.203820#map=19/33.503525/-112.203820,wrong_match,"matched to park, not the rec center"
46,REVIEW,site,Hydration Station,University Park Recreation Center ,City of Phoenix,1102 W. Van Buren St. Phoenix AZ 85007,University Park,park,62.0,University Park [park] 62m; Holiday Inn Express & Suites Phoenix Dwtn - State Capitol By Ihg [hotel] 82m; 24 A Always Available Locks [key_and_locksmith] 91m; The Food Shop [restaurant] 94m,https://www.openstreetmap.org/?mlat=33.451933&mlon=-112.086688#map=19/33.451933/-112.086688,wrong_match,"matched to park, not the rec center"
47,REVIEW,site,Hydration Station,Verde Park Recreation Center ,City of Phoenix,916 E. Van Buren St. Phoenix AZ 85006,Verde Park,park,40.0,Verde Park [park] 40m; SpringHill Suites [hotel] 88m; Grand Canyon Cedar Ridge Trail [active_life] 96m; Camden Copper Square Apartments [rental_service] 103m,https://www.openstreetmap.org/?mlat=33.452018&mlon=-112.061789#map=19/33.452018/-112.061789,wrong_match,"matched to park, not the rec center"
48,REVIEW,site,Hydration Station,Eastlake Park Community Center ,City of Phoenix,1549 E. Jefferson St. Phoenix AZ 85034,Eastlake Park,park,79.0,Phoenix City Government Parks and Recreation Facilities [central_government_office] 54m; Taqueria obson #2 [mexican_restaurant] 61m; Nia Foundation [youth_organizations] 64m; Next Ride Auto [used_car_dealer] 67m,https://www.openstreetmap.org/?mlat=33.446485&mlon=-112.048069#map=19/33.446485/-112.048069,wrong_match,"matched to park, not the community center"
53,REVIEW,site,Hydration Station,Parson's Family Health Center at Circle the City,Circle the City,3522 N. 3rd Ave. Phoenix AZ 85013,Circle The City - Parsons Family Health Center,public_health_clinic,15.0,Circle The City - Parsons Family Health Center [public_health_clinic] 15m; Dr. Kelli Glaser [family_practice] 17m; Good Night Pediatrics [family_practice] 58m; Western Vascular Institute [surgeon] 61m,https://www.openstreetmap.org/?mlat=33.488890&mlon=-112.078490#map=19/33.488890/-112.078490,ok,
54,REVIEW,site,Cooling Center,Phoenix Dream Center,Phoenix Dream Center,3210 Grand Ave. Phoenix AZ 85017,Phoenix Dream Center Studios,music_production,46.0,NAPA AutoCare Center [automotive_repair] 28m; Phoenix Dream Center Studios [music_production] 46m; Church On The Street [church_cathedral] 59m; Nogales Dream Center [community_services_non_profits] 60m,https://www.openstreetmap.org/?mlat=33.489961&mlon=-112.127860#map=19/33.489961/-112.127860,wrong_match,"matched to Studios, different facility/purpose"
60,REVIEW,site,Hydration Station,Key Campus Brian Garcia Welcome Center ,Keys to Change ,204 S. 12th Ave. Phoenix AZ 85007,Brian Garcia Welcome Center,community_services_non_profits,27.0,Brian Garcia Welcome Center [community_services_non_profits] 27m; Chaplaincy For The Homeless [community_services_non_profits] 54m; St Vincent De Paul Human Services [environmental_conservation_organization] 86m; St Vincent de Paul- Phoenix Dining Room [None] 86m,https://www.openstreetmap.org/?mlat=33.444560&mlon=-112.087451#map=19/33.444560/-112.087451,ok,
68,REVIEW,site,Cooling Center,Apache Junction Corps,The Salvation Army,605 E. Broadway Ave. Apache Junction AZ 85119,The Salvation Army Apache Junction Corps Community Center,homeless_shelter,30.0,The Salvation Army Apache Junction Corps Community Center [homeless_shelter] 30m; Golden Sands Resorts [accommodation] 99m; Apache Palms Trailer Park & Apartments [landmark_and_historical_building] 123m,https://www.openstreetmap.org/?mlat=33.407749&mlon=-111.539353#map=19/33.407749/-111.539353,ok,
69,REVIEW,site,Cooling Center,Chandler Corps,The Salvation Army,85 E. Saragosa St. Chandler AZ 85225,Salvation Army: Chandler Corps - Food Distribution Center,food_banks,0.0,Salvation Army: Chandler Corps - Food Distribution Center [food_banks] 0m; Chandler Corps Community Center [community_center] 20m; CSA Youth Department [religious_organization] 63m; Phenomenal Auto Care [auto_detailing] 124m,https://www.openstreetmap.org/?mlat=33.294550&mlon=-111.839930#map=19/33.294550/-111.839930,ok,
70,REVIEW,site,Cooling Center,Glendale Corps,The Salvation Army,6010 W. Northern Ave. Glendale AZ 85301,The Salvation Army Glendale Corps,charity_organization,54.0,The Salvation Army Glendale Corps [charity_organization] 54m; FYZICAL Therapy & Balance Centers - Downtown Glendale [None] 55m; Paradise Kitchen And Bath [kitchen_and_bath] 55m; Fresenius Kidney Care [dialysis_clinic] 92m,https://www.openstreetmap.org/?mlat=33.553455&mlon=-112.189997#map=19/33.553455/-112.189997,ok,
75,REVIEW,site,Cooling Center,Phoenix Kroc Center,The Salvation Army,1375 E. Broadway Rd. Phoenix AZ 85040,KCVA - Kroc Center Volleyball Academy,community_center,21.0,Science Prep Academy [specialty_school] 9m; Youth STEM Academy [printing_services] 15m; KCVA - Kroc Center Volleyball Academy [community_center] 21m; Church at the Kroc [church_cathedral] 42m,https://www.openstreetmap.org/?mlat=33.406276&mlon=-112.052551#map=19/33.406276/-112.052551,ok,
76,REVIEW,site,Cooling Center,North West Valley Corps,The Salvation Army,17420 N. Avenue of the Arts Blvd. Surprise AZ 85378,The Salvation Army North West Valley Corps,church_cathedral,19.0,The Salvation Army North West Valley Corps [church_cathedral] 19m; Unitarian Universalist Church [church_cathedral] 141m,https://www.openstreetmap.org/?mlat=33.642222&mlon=-112.305794#map=19/33.642222/-112.305794,ok,
80,REVIEW,site,Hydration Station,Andre House ,Andre House,213 S. 11th Ave. Phoenix AZ 85007,Andre House Of Arizona,charity_organization,17.0,Andre House Of Arizona [charity_organization] 17m; Madison Street Veterans Association [outdoor_gear] 40m; St. Vincent De Paul Society [community_services_non_profits] 68m; Westech Recyclers [speech_training] 75m,https://www.openstreetmap.org/?mlat=33.445368&mlon=-112.086669#map=19/33.445368/-112.086669,ok,
83,REVIEW,site,Hydration Station,Cholla Health Center,Neighborhood Outreach Access to Health,8705 E. McDowell Rd. Scottsdale AZ 85257,Noah Cholla Health Center,diagnostic_services,144.0,Sam's Market and Liquor [liquor_store] 123m; Unique Trucks [truck_dealer] 140m; Just Digital Coin Bitcoin ATM [atms] 144m; Noah Cholla Health Center [diagnostic_services] 144m,https://www.openstreetmap.org/?mlat=33.465150&mlon=-111.892945#map=19/33.465150/-111.892945,ok,
84,REVIEW,site,Hydration Station,Copperwood Health Center,Neighborhood Outreach Access to Health,11851 N. 51st Ave. Glendale AZ 85304 (Suite B110),Noah Copperwood Health Center,public_health_clinic,30.0,"Marilyn Yelder, CPNP-PC [diagnostic_services] 2m; Two Lips For Talking [pathologist] 11m; Arizona 3D Dental Lab [dentist] 11m; AZ Feet Fixers [podiatry] 24m",https://www.openstreetmap.org/?mlat=33.593623&mlon=-112.167775#map=19/33.593623/-112.167775,ok,
85,REVIEW,site,Hydration Station,Desert Mission Health Center,Neighborhood Outreach Access to Health,9015 N. 3rd St. Phoenix AZ 85020,Noah Desert Mission Health Center,public_health_clinic,4.0,Noah Desert Mission Health Center [public_health_clinic] 4m; Imperial Motors [automotive_services_and_repair] 58m; AZ Auto eXchange [automotive_repair] 62m; AutoFund [car_dealer] 64m,https://www.openstreetmap.org/?mlat=33.568486&mlon=-112.069250#map=19/33.568486/-112.069250,ok,
86,REVIEW,site,Hydration Station,Palomino Health Center,Neighborhood Outreach Access to Health,16251 N. Cave Creek Rd. Phoenix AZ 85032,NOAH Palomino Health Center,prenatal_perinatal_care,4.0,NOAH Palomino Health Center [prenatal_perinatal_care] 4m; Dana Cohen [physician_assistant] 7m; Dr. Katherine Chuang [health_and_medical] 7m; Arizona Bible Church [church_cathedral] 7m,https://www.openstreetmap.org/?mlat=33.634774&mlon=-112.030369#map=19/33.634774/-112.030369,ok,
87,REVIEW,site,Hydration Station,Venado Valley Health Center,Neighborhood Outreach Access to Health,20440 N. 27th Ave. Phoenix AZ 85027,NOAH Venado Valley Health Center,medical_center,16.0,NOAH Venado Valley Health Center [medical_center] 16m; Honorhealth [diagnostic_services] 24m; National Bank of Arizona [bank_credit_union] 70m; Sonora Quest Laboratories [laboratory_testing] 111m,https://www.openstreetmap.org/?mlat=33.673149&mlon=-112.117742#map=19/33.673149/-112.117742,ok,
88,REVIEW,site,Hydration Station,Midtown Health Center,Neighborhood Outreach Access to Health,4131 N. 24th St. Phoenix AZ 85016 (Suite B102),Noah Midtown Health Center,public_health_clinic,71.0,White Rose Hospice [hospice] 12m; Beautiful Skin and Nails [beauty_salon] 14m; Shanti Massage Therapy  [massage_therapy] 16m; Todica Accounting [accountant] 16m,https://www.openstreetmap.org/?mlat=33.495660&mlon=-112.029660#map=19/33.495660/-112.029660,ok,
103,REVIEW,site,Cooling Center,Social Spin - Phoenix,Social Spin Foundation ,2418 E. Portland St. Phoenix AZ 85008,Social Spin Laundromat,laundromat,0.0,Social Spin Laundromat [laundromat] 0m; Ministerios Fuente de Agua Viva [church_cathedral] 52m; True Judicious [marketing_agency] 52m; U-Haul Neighborhood Dealer [storage_facility] 57m,https://www.openstreetmap.org/?mlat=33.460653&mlon=-112.029584#map=19/33.460653/-112.029584,ok,
112,REVIEW,site,Cooling Center,Sunset Library,City of Chandler,4930 W. Ray Rd. Chandler AZ 85226,Chandler Public Library - Sunset,library,25.0,Chandler Public Library - Sunset [library] 25m; Chandler Sunset Plaza [library] 54m; Luxury Spa [massage_therapy] 74m; Smiles Of Chandler Pllc [health_and_medical] 74m,https://www.openstreetmap.org/?mlat=33.321411&mlon=-111.925121#map=19/33.321411/-111.925121,ok,
114,REVIEW,site,Cooling Center,Basha Library,City of Chandler,5990 S. Val Vista Dr. Chandler AZ 85249,Chandler Public Library - Basha,library,9.0,Chandler Public Library - Basha [library] 9m; Basha High School [high_school] 68m; Sing Your Style [vocal_coach] 127m,https://www.openstreetmap.org/?mlat=33.219946&mlon=-111.756653#map=19/33.219946/-111.756653,ok,
115,REVIEW,site,Cooling Center,Heroes Regional Library,City of Glendale,6075 N 83rd Ave. Glendale AZ 85303,Heroes Regional Park Library,library,20.0,Heroes Regional Park Library [library] 20m; Grand Canal Linear Park [park] 23m,https://www.openstreetmap.org/?mlat=33.525057&mlon=-112.235881#map=19/33.525057/-112.235881,ok,
116,REVIEW,site,Cooling Center,Tumbleweed Recreation Center,City of Chandler,745 E. Germann Rd. Chandler AZ 85286,Tumbleweed Park Recreation Center,sports_and_recreation_venue,45.0,"Troop 285 - Chandler, AZ [community_services_non_profits] 5m; The BBQ & Beer Festival [music_venue] 5m; Tumbleweed Park Recreation Center [sports_and_recreation_venue] 45m; AZ Vet Direct [veterinarian] 65m",https://www.openstreetmap.org/?mlat=33.276255&mlon=-111.829235#map=19/33.276255/-111.829235,ok,
120,REVIEW,site,Hydration Station,Rose Lane Community Center ,City of Glendale,5003 W. Marlette Ave. Glendale AZ 85301,Rose Lane Aquatics Center,swimming_pool,45.0,Rose Lane Aquatics Center [swimming_pool] 45m; Colegio Biblico Apostolico Internacional Distrito de Arizona [religious_organization] 95m; The Experience Church [church_cathedral] 99m; Glendale Apostolic Church [church_cathedral] 109m,https://www.openstreetmap.org/?mlat=33.528682&mlon=-112.167544#map=19/33.528682/-112.167544,wrong_match,"matched to Aquatics Center pool, not the center"
130,REVIEW,site,Respite Center,Community Christian Church (Disciples of Christ),Community Christian Church (Disciples of Christ),1701 S. College Ave. Tempe AZ 85281,Community Christian Church,church_cathedral,34.0,Arizona Interfaith Power And Light [organization] 1m; Guardian Angels Catholic Community [catholic_church] 17m; Community Christian Church [church_cathedral] 34m; Daily Park [park] 91m,https://www.openstreetmap.org/?mlat=33.409278&mlon=-111.934348#map=19/33.409278/-111.934348,ok,
134,REVIEW,site,Cooling Center,Tempe Public Library,City of Tempe,3500 S. Rural Rd. Tempe AZ 85282,Friends Of The Tempe Public Library Inc,restaurant,0.0,Tempe PRE [preschool] 0m; Friends Of The Tempe Public Library Inc [restaurant] 0m; Connections Cafe [cafe] 35m; City ofTempe Historical Museum [art_gallery] 36m,https://www.openstreetmap.org/?mlat=33.391210&mlon=-111.928450#map=19/33.391210/-111.928450,ok,
142,REVIEW,site,Hydration Station,The Arizona Kosher Food Pantry,The Arizona Kosher Food Pantry,7118 N. 7th St. Phoenix AZ 85020,Arizona Kosher Pantry,food_banks,8.0,"Arizona Kosher Pantry [food_banks] 8m; Ezras Cholim of Phoenix [food_banks] 10m; Esmero Hair Design [hair_salon] 22m; Psychologist Lisa Colangelo Fischer, Ph.D. [health_and_medical] 32m",https://www.openstreetmap.org/?mlat=33.540625&mlon=-112.065405#map=19/33.540625/-112.065405,ok,
143,REVIEW,site,Hydration Station,Mesa Main Library,City of Mesa,64 E. First St. Mesa AZ 85201,THINKspot at the Main Library,library,28.0,Mesa Public Library [library] 20m; THINKspot at the Main Library [library] 28m; Arizona Trauma Institute [None] 78m; LITTLE FLOWER SHOP [florist] 80m,https://www.openstreetmap.org/?mlat=33.418196&mlon=-111.829568#map=19/33.418196/-111.829568,ok,
144,REVIEW,site,Cooling Center,Surprise Regional Public Library,City of Surprise,16089 N. Bullard Ave. Surprise AZ 85374,Surprise Regional Library,library,5.0,Surprise Regional Library [library] 5m; Friends of the Surprise Libraries [library] 31m; Northwest Teen Narwhals [library] 32m; Maricopa County Recording Kiosk [central_government_office] 35m,https://www.openstreetmap.org/?mlat=33.629950&mlon=-112.376220#map=19/33.629950/-112.376220,ok,
145,REVIEW,site,Hydration Station,Labor's Community Service Agency ,Labor's Community Service Agency,3117 N. 16th St. Phoenix AZ 85016 (Ste #100),Labor's Community Services Agency No Rental Assistance,charity_organization,10.0,"Macayo Mexican Restaurant [restaurant] 1m; BCTGM Local 232 AFL-CIO, CLC [labor_union] 4m; Maricopa Area Labor Federation [charity_organization] 4m; Arizona Alliance for Retired Americans [community_services_non_profits] 4m",https://www.openstreetmap.org/?mlat=33.484732&mlon=-112.047336#map=19/33.484732/-112.047336,ok,
149,REVIEW,site,Cooling Center,Justa Resource & Day Center ,Justa Center,1001 W. Jefferson St. Phoenix AZ 85007,Justa Center,senior_citizen_services,2.0,Justa Center [senior_citizen_services] 2m; Back To Basic Automotive [automotive_repair] 49m; GBI Custom [metal_fabricator] 67m; lane Splitters Garage [motorcycle_dealer] 80m,https://www.openstreetmap.org/?mlat=33.446900&mlon=-112.086110#map=19/33.446900/-112.086110,ok,
150,REVIEW,site,Cooling Center,Mesa Dining Room,Society of St. Vincent de Paul,67 W. Broadway Rd. Mesa AZ 85210,St Vincent Mesa Dining Room,french_restaurant,5.0,St Vincent Mesa Dining Room [french_restaurant] 5m; Sinaloa Restaurant [mexican_restaurant] 52m; CARSTAR East Valley Collision [auto_body_shop] 69m; Llantera Del Centro [tire_dealer_and_repair] 70m,https://www.openstreetmap.org/?mlat=33.407442&mlon=-111.833605#map=19/33.407442/-111.833605,ok,
153,REVIEW,site,Respite Center,St Johns Lutheran Church,AZ Faith Network,7205 N. 51st Ave Glendale AZ 85301,St John's Lutheran Church,church_cathedral,21.0,West Valley Community Food Pantry [food_banks] 5m; Iglesia Luterana VIDA NUEVA [church_cathedral] 9m; St John's Lutheran Church [church_cathedral] 21m,https://www.openstreetmap.org/?mlat=33.542555&mlon=-112.167837#map=19/33.542555/-112.167837,ok,
154,REVIEW,site,Cooling Center,MesaCAN,A New Leaf,635 E. Broadway Rd. Mesa AZ 85204,A New Leaf | MesaCAN Economic Development Program,organization,9.0,Wic State Agency [hospital] 9m; A New Leaf | MesaCAN Economic Development Program [organization] 9m; Marisol Federal Credit Union [bank_credit_union] 10m; Mcdph Mesa Immunization Clinic [hospital] 18m,https://www.openstreetmap.org/?mlat=33.407641&mlon=-111.817282#map=19/33.407641/-111.817282,ok,
157,REVIEW,site,Cooling Center,Coyote Library,City of Buckeye,21699 W. Yuma Rd. Buckeye AZ 85326 (Suite 116),Buckeye Public Library - Coyote Branch,library,13.0,Buckeye Public Library - Coyote Branch [library] 13m; City Of Buckeye Fire Department [fire_protection_service] 29m; Buckeye police Substation [police_department] 36m; Buckeye Police Foundation [charity_organization] 48m,https://www.openstreetmap.org/?mlat=33.434360&mlon=-112.517409#map=19/33.434360/-112.517409,ok,
159,REVIEW,site,Hydration Station,Florian,Copa Health,4250 E. Florian Ave. Mesa AZ 85206,Copa - Florian Otc,counseling_and_mental_health,0.0,"Copa - Florian Otc [counseling_and_mental_health] 0m; Marc Community Resources [None] 1m; Arizona Gold Properties [real_estate_agent] 86m; Morris Hall, PLLC [lawyer] 86m",https://www.openstreetmap.org/?mlat=33.395659&mlon=-111.739249#map=19/33.395659/-111.739249,ok,
161,REVIEW,site,Hydration Station,Red Mountain Library ,City of Mesa,635 N. Power Rd. Mesa AZ 85205,Mesa Public Library - Red Mountain Branch,library,7.0,Mesa Public Library - Red Mountain Branch [library] 7m; THINKspot at the Red Mountain Library Branch [library] 31m; ProRider - Phoenix LLC [driving_school] 104m; Power 38 Townhomes [landmark_and_historical_building] 105m,https://www.openstreetmap.org/?mlat=33.427367&mlon=-111.683597#map=19/33.427367/-111.683597,ok,
164,REVIEW,site,Respite Center,"First United Methodist Church of Mesa, Outreach Center",First Community Missions DBA Friends at First Mesa,15 E. First Ave. Mesa AZ 85210,First United Methodist Church of Mesa,church_cathedral,51.0,Friends@First Mesa [community_services_non_profits] 17m; First United Methodist Church of Mesa [church_cathedral] 51m; PFLAG Phoenix  [community_services_non_profits] 59m; Crossroads [abuse_and_addiction_treatment] 83m,https://www.openstreetmap.org/?mlat=33.412239&mlon=-111.830796#map=19/33.412239/-111.830796,ok,
165,REVIEW,site,Hydration Station,Posses of Sun City West,Posses of Sun City West,20450 N. Stardust Blvd. Sun City West AZ 85375,Sheriffs Posse of Sun City West,community_services_non_profits,13.0,Sheriffs Posse of Sun City West [community_services_non_profits] 13m; Unity Church of Surprise [None] 93m; Unity Church Of Surprise [church_cathedral] 111m; Amazing Grace Fellowship Of Phoenix [church_cathedral] 112m,https://www.openstreetmap.org/?mlat=33.669838&mlon=-112.372070#map=19/33.669838/-112.372070,ok,
166,REVIEW,site,Cooling Center,Valle del Sol Central,Valle del Sol,3807 N 7th St Phoenix AZ 85014,Valle Del Sol,public_health_clinic,26.0,Valle Del Sol [public_health_clinic] 26m; Katherine Kramer Bloom [health_and_medical] 26m; Centennial Contractors [contractor] 51m; KS State Bank [bank_credit_union] 51m,https://www.openstreetmap.org/?mlat=33.491982&mlon=-112.064643#map=19/33.491982/-112.064643,ok,
167,REVIEW,site,Cooling Center,Valle del Sol South Phoenix ,Valle del Sol,1209 S 1st Ave Phoenix AZ 85003,Valle Del Sol,public_health_clinic,3.0,"Duran Brothers Air Duct Service [air_duct_cleaning_service] 2m; Dr. Howard K. Mason, Md [diagnostic_services] 3m; Dr. Gorky Herrera, Md [diagnostic_services] 3m; Valle Del Sol [public_health_clinic] 3m",https://www.openstreetmap.org/?mlat=33.435620&mlon=-112.074704#map=19/33.435620/-112.074704,ok,
168,REVIEW,site,Cooling Center,Valle del Sol West Phoenix,Valle del Sol,502 N. 27th Ave Phoenix AZ 85009,Valle Del Sol,public_health_clinic,1.0,Valle Del Sol [public_health_clinic] 1m,https://www.openstreetmap.org/?mlat=33.454054&mlon=-112.117789#map=19/33.454054/-112.117789,ok,
171,REVIEW,site,Cooling Center,Valle del Sol - East Valley,Valle del Sol,334 W 10th Place  Mesa AZ 85201 (Suite #100),Valle Del Sol,public_health_clinic,21.0,Valle Del Sol [public_health_clinic] 21m; Brenner Mark Do [health_and_medical] 21m; Project Breakthrough Wellness Center [wellness_program] 21m; Centro Médico Familiar [family_practice] 68m,https://www.openstreetmap.org/?mlat=33.434505&mlon=-111.838976#map=19/33.434505/-111.838976,ok,
172,REVIEW,site,Cooling Center,Valle del Sol - Southeast Valley,Valle del Sol,4135 S Power Rd Mesa AZ 85212 (Suite #108),Valle Del Sol,counseling_and_mental_health,82.0,"East Valley TMJ, Facial Pain, and Sleep Center office of Jeffrey C Wight, DDS [dentist] 6m; General & Robotic Surgical Associates [surgeon] 12m; Arizona Dental Heights [general_dentistry] 15m; Bulletproof Bookkeeping [bookkeeper] 20m",https://www.openstreetmap.org/?mlat=33.340280&mlon=-111.686606#map=19/33.340280/-111.686606,ok,
176,REVIEW,site,Hydration Station,Mountain Park Tempe Clinic  ,Mountain Park Health Center,1840 E. Broadway Rd. Tempe AZ 85282,Mountain Park Health Center Tempe Clinic,family_practice,34.0,Mountain Park Health Center Tempe Clinic [family_practice] 34m; Skipperbud's [boat_dealer] 77m; Marine Max Of Arizona [boating_places] 77m; Endless Vitality [medical_center] 123m,https://www.openstreetmap.org/?mlat=33.408535&mlon=-111.907597#map=19/33.408535/-111.907597,ok,
184,REVIEW,site,Cooling Center,Civic Center Library,City of Scottsdale,3839 N. Drinkwater Blvd. Scottsdale AZ 85251,Scottsdale Civic Center,civic_center,111.0,Scottsdale Public Library [library] 1m; Scottsdale Civil War Roundtable [community_services_non_profits] 90m; LOVE Sculpture [art_museum] 91m; Scottsdale Pedicabs [transportation] 108m,https://www.openstreetmap.org/?mlat=33.491937&mlon=-111.920499#map=19/33.491937/-111.920499,wrong_match,"matched broader Civic Center, not the library"
186,REVIEW,site,Hydration Station,CASS (Central Arizona Shelter Services),CASS (Central Arizona Shelter Services),230 S. 12th Ave. Phoenix AZ 85007,Central Arizona Shelter Services,homeless_shelter,70.0,Safe Haven [homeless_shelter] 40m; Circle The City - Downtown Medical Respite Center [medical_center] 40m; First United Church Of Phoenix [church_cathedral] 44m; Brian Garcia Welcome Center [community_services_non_profits] 45m,https://www.openstreetmap.org/?mlat=33.444635&mlon=-112.088005#map=19/33.444635/-112.088005,ok,
190,REVIEW,site,Hydration Station,Sam Garcia Library,City of Avondale,495 E. Western Ave. Avondale AZ 85323,Sam Garcia Western Avenue Library,library,16.0,Sam Garcia Western Avenue Library [library] 16m; The Old Town Avondale Art Walk [art_gallery] 20m; Avondale Library [library] 21m; Keepsake Trophy & Engraving [trophy_shop] 25m,https://www.openstreetmap.org/?mlat=33.435273&mlon=-112.344780#map=19/33.435273/-112.344780,ok,
193,REVIEW,site,Hydration Station,Paz de Cristo,Paz de Cristo ,424 W. Broadway Rd. Mesa AZ 85210,Paz De Cristo Outreach Center,community_center,0.0,Paz De Cristo Outreach Center [community_center] 0m; Mesa Solar Panels - Energy Savings Solutions [solar_installation] 2m; Brown Evans Distributing Co [gas_station] 48m; Senergy Petroleum [energy_company] 61m,https://www.openstreetmap.org/?mlat=33.408373&mlon=-111.840518#map=19/33.408373/-111.840518,ok,
194,REVIEW,site,Respite Center,Family Heat Center at Trinity United Methodist Church,AZ Faith Network,3104 W. Glendale Ave. Phoenix AZ 85051,Trinity United Methodist Church,church_cathedral,8.0,Trinity United Methodist Church [church_cathedral] 8m; Tacos El Perico [mexican_restaurant] 16m; Az Super Trucking Llc [transportation] 79m; Tumps [preschool] 79m,https://www.openstreetmap.org/?mlat=33.538949&mlon=-112.126180#map=19/33.538949/-112.126180,ok,
197,REVIEW,site,Hydration Station,Buckeye Senior/Community Center,City of Buckeye,201 E. Centre Ave. Buckeye AZ 85326,Buckeye Community Center & Senior Programming,public_service_and_government,11.0,Buckeye Community Center & Senior Programming [public_service_and_government] 11m; Buckeye Head Start [home_service] 74m; Buckeye Fire Department Station 701 [fire_department] 139m; Buckeye Sports Field [park] 143m,https://www.openstreetmap.org/?mlat=33.366137&mlon=-112.589105#map=19/33.366137/-112.589105,ok,
199,REVIEW,site,Cooling Center,Phoenix Dining room,Society of St. Vincent de Paul,1075 W. Jackson St. Phoenix AZ 85007,St Vincent de Paul- Phoenix Dining Room,,23.0,St. Vincent De Paul Society [community_services_non_profits] 4m; Maricopa County Human Service Campus [community_services_non_profits] 21m; Homeless Id Project [community_services_non_profits] 21m; Lodestar Day Resource Center [charity_organization] 21m,https://www.openstreetmap.org/?mlat=33.444760&mlon=-112.086490#map=19/33.444760/-112.086490,ok,
204,REVIEW,site,Hydration Station,Tolleson Fire Department,City of Tolleson,203 N. 92nd Ave. Tolleson AZ 85353,Tolleson Fire Department Station 161,fire_department,41.0,Tolleson Fire & EMS Explorers [printing_services] 0m; Tolleson Fire Department Station 161 [fire_department] 41m; Oro Verde Products [grocery_store] 46m; Mr Joe's Auto Repair [automotive_repair] 69m,https://www.openstreetmap.org/?mlat=33.449330&mlon=-112.257070#map=19/33.449330/-112.257070,ok,
205,REVIEW,site,Hydration Station,Arrowhead Campus,Copa Health,5625 W. Bell Rd. Glendale AZ 85308,Copa Health - Arrowhead Campus,,17.0,Copa Health - Arrowhead Campus [None] 17m; Outback Steakhouse [steakhouse] 49m; Delta Dental of Arizona [dentist] 62m; Arizona Dental Insurance Service [insurance_agency] 65m,https://www.openstreetmap.org/?mlat=33.637980&mlon=-112.179789#map=19/33.637980/-112.179789,ok,
206,REVIEW,site,Hydration Station,Gateway Campus,Copa Health,5222 E. Baseline Rd. Gilbert AZ 85234,Copa Health - Gateway Campus,counseling_and_mental_health,57.0,Partners In Recovery [None] 4m; Crosswoods Indoor Golf Center [arts_and_entertainment] 27m; PS Academy Arizona [private_school] 54m; EE Support Services [home_health_care] 57m,https://www.openstreetmap.org/?mlat=33.379743&mlon=-111.718984#map=19/33.379743/-111.718984,ok,
215,REVIEW,site,Respite Center,Higley Community Respite Center,The Church of Jesus Christ of Latter-Day Saints - Clearview Stake,633 S. Higley Rd. Mesa AZ 85206,Higley Community Cooling Center,community_center,34.0,The Church of Jesus Christ of Latter-day Saints [religious_organization] 27m; Higley Community Cooling Center [community_center] 34m; Wendy Bergman [health_and_medical] 80m; Ryan Olmstead [health_and_medical] 80m,https://www.openstreetmap.org/?mlat=33.404273&mlon=-111.718461#map=19/33.404273/-111.718461,ok,
216,REVIEW,site,Cooling Center,Family & Youth Heat Center at Melabiz Community Hub ,Melabiz Community Hub ,1414 W. Broadway Rd. Tempe AZ 85282,Melabiz Community Hub,community_services_non_profits,18.0,Arizona Homeschool Network Association- Ahna [educational_services] 4m; Tire Kickers Inspection Station #6 [car_inspection] 4m; Aventis College [college_university] 4m; Sprint Store-tempe [mobile_phone_store] 4m,https://www.openstreetmap.org/?mlat=33.408174&mlon=-111.962040#map=19/33.408174/-111.962040,ok,
221,REVIEW,site,Hydration Station,Brad Riner Assistance Center ,Brad Riner Assistance Center ,7102 N. 58th Dr. Glendale AZ 85301,Brad Riner Assistance Office,community_services_non_profits,53.0,First United Methodist Church [church_cathedral] 10m; Brad Riner Assistance Office [community_services_non_profits] 53m; AJ LAW [personal_injury_law] 55m; Harvest Intercontinental Church-Arizona [religious_organization] 61m,https://www.openstreetmap.org/?mlat=33.540178&mlon=-112.185199#map=19/33.540178/-112.185199,ok,
0,auto-ok,site,Cooling Center,Peoria Community Center,City of Peoria,8335 W. Jefferson St. Peoria AZ 85345,Peoria Community Center,central_government_office,15.0,Peoria City Library [library] 11m; Peoria Community Center [central_government_office] 15m; Peoria Community Action Program [community_services_non_profits] 21m; Abaka Foundation [organization] 25m,https://www.openstreetmap.org/?mlat=33.579132&mlon=-112.238699#map=19/33.579132/-112.238699,,
3,auto-ok,site,Cooling Center,Sunrise Mountain Library,City of Peoria,21109 N. 98th Ave. Peoria AZ 85382,Sunrise Mountain Library,library,2.0,Sunrise Mountain Library [library] 2m; City of Peoria-Northern Branch [central_government_office] 105m,https://www.openstreetmap.org/?mlat=33.675422&mlon=-112.269196#map=19/33.675422/-112.269196,,
4,auto-ok,site,Hydration Station,Travis L. Williams Family Services Center  ,City of Phoenix,4732 S. Central Ave. Phoenix AZ 85040,Travis L Williams Family Services Center,community_services_non_profits,2.0,Travis L Williams Family Services Center [community_services_non_profits] 2m; City Of Phoenix Landlord & Tenant Program [central_government_office] 31m; Des Job Center [central_government_office] 31m; Phoenix City Government: South [central_government_office] 31m,https://www.openstreetmap.org/?mlat=33.403107&mlon=-112.074076#map=19/33.403107/-112.074076,,
5,auto-ok,site,Hydration Station,John F. Long Family Service Center,City of Phoenix,3454 N. 51st Ave. Phoenix AZ 85031,John F. Long Family Services Center,public_service_and_government,75.0,"Maryvale Revitalization Corporation [charity_organization] 39m; African Association Of Arizona [organization] 39m; Healthy Mothers Healthy Babies, Maricopa County [womens_health_clinic] 39m; John F. Long Family Services Center [public_service_and_government] 75m",https://www.openstreetmap.org/?mlat=33.489710&mlon=-112.170131#map=19/33.489710/-112.170131,,
7,auto-ok,site,Hydration Station,Chinese Senior Center  ,City of Phoenix,734 W. Elm St. Phoenix AZ 85013,Phoenix Chinese Senior Center,senior_citizen_services,6.0,Phoenix Chinese Senior Center [senior_citizen_services] 6m; Smart Route Today [education] 8m; Ukrainian American Cultural Center [cultural_center] 36m; Arizona Active Paws [pet_sitting] 72m,https://www.openstreetmap.org/?mlat=33.506835&mlon=-112.084365#map=19/33.506835/-112.084365,,
8,auto-ok,site,Hydration Station,Deer Valley Community Center  ,City of Phoenix,2001 W. Wahalla Ln. Phoenix AZ 85027,Deer Valley Community Center,community_center,57.0,Rising Phoenix Karate [martial_arts_club] 37m; Deer Valley Community Center [community_center] 57m; Knight Transportation Inc [corporate_office] 83m; Southwest Fencing Club [social_club] 89m,https://www.openstreetmap.org/?mlat=33.666300&mlon=-112.102947#map=19/33.666300/-112.102947,,
9,auto-ok,site,Hydration Station,Desert West Community Center  ,City of Phoenix,6501 W. Virginia Ave. Phoenix AZ 85035,Desert West Community Center,community_center,9.0,Desert West Community Center [community_center] 9m; Desert Park West Volleyball Court [volleyball_court] 121m,https://www.openstreetmap.org/?mlat=33.476395&mlon=-112.200735#map=19/33.476395/-112.200735,,
10,auto-ok,site,Hydration Station,Devonshire Senior Center  ,City of Phoenix,2802 E. Devonshire Ave. Phoenix AZ 85016,Devonshire Senior Center,senior_citizen_services,15.0,Devonshire Senior Center [senior_citizen_services] 15m; Phoenix Devonshire Office [central_government_office] 27m; Los Olivos Disc Golf Course [disc_golf_course] 73m; Arcadia Plaza [None] 74m,https://www.openstreetmap.org/?mlat=33.496967&mlon=-112.020990#map=19/33.496967/-112.020990,,
12,auto-ok,site,Hydration Station,Helen Drake Senior Center  ,City of Phoenix,7600 N. 27th Ave. Phoenix AZ 85051,Helen Drake Senior Center,senior_citizen_services,21.0,Helen Drake Senior Center [senior_citizen_services] 21m; Phoenix Fire Department Station 30 [fire_department] 79m,https://www.openstreetmap.org/?mlat=33.548401&mlon=-112.117699#map=19/33.548401/-112.117699,,
13,auto-ok,site,Hydration Station,McDowell Place Senior Center  ,City of Phoenix,1845 E. McDowell Rd. Phoenix AZ 85006,McDowell Place Senior Center,senior_citizen_services,8.0,McDowell Place Senior Center [senior_citizen_services] 8m; Tacos Y Mariscos El Tacon Tento [mexican_restaurant] 41m; TCB Interiors [interior_design] 53m; El Ranchero [mexican_restaurant] 59m,https://www.openstreetmap.org/?mlat=33.465455&mlon=-112.041390#map=19/33.465455/-112.041390,,
14,auto-ok,site,Hydration Station,Paradise Valley Community Center  ,City of Phoenix,17402 N. 40th St. Phoenix AZ 85032,Paradise Valley Community Center,community_center,54.0,Parks & Recreation Department [central_government_office] 43m; Phoenix Paradise Valley Senior [senior_citizen_services] 43m; Paradise Valley Skatepark [park] 46m; Paradise Valley Community Center [community_center] 54m,https://www.openstreetmap.org/?mlat=33.645202&mlon=-111.997402#map=19/33.645202/-111.997402,,
16,auto-ok,site,Hydration Station,Shadow Mountain Senior Center  ,City of Phoenix,3546 E. Sweetwater Ave. Phoenix AZ 85032,Shadow Mountain Senior Center,senior_citizen_services,9.0,Shadow Mountain Senior Center [senior_citizen_services] 9m; Shadow Mountain Community Center [venue_and_event_space] 145m,https://www.openstreetmap.org/?mlat=33.604719&mlon=-112.004972#map=19/33.604719/-112.004972,,
17,auto-ok,site,Hydration Station,South Mountain Community Center  ,City of Phoenix,212 E. Alta Vista Rd. Phoenix AZ 85042,South Mountain Community Center,community_center,10.0,Dragon's Den [gym] 9m; South Mountain Community Center [community_center] 10m; South Mountain Senior Center [senior_citizen_services] 25m,https://www.openstreetmap.org/?mlat=33.388883&mlon=-112.070525#map=19/33.388883/-112.070525,,
27,auto-ok,site,Cooling Center,Agave Library  ,City of Phoenix,23550 N. 36th Ave. Phoenix AZ 85310,Agave Library,library,3.0,Agave Library [library] 3m; LibertyX Bitcoin ATM [atms] 69m; Chevron Station Glendale [gas_station] 74m; 4 Sons Food Stores [convenience_store] 75m,https://www.openstreetmap.org/?mlat=33.699386&mlon=-112.139876#map=19/33.699386/-112.139876,,
28,auto-ok,site,Cooling Center,Century Library  ,City of Phoenix,1750 E. Highland Ave. Phoenix AZ 85016,Century Library,library,21.0,Century Library [library] 21m; Hutchinson Shockey Erley & Co. [financial_service] 121m; Premium Financing Specialists [installment_loans] 121m; Floor & Decor [carpet_store] 125m,https://www.openstreetmap.org/?mlat=33.505985&mlon=-112.043418#map=19/33.505985/-112.043418,,
30,auto-ok,site,Cooling Center,Cholla Library  ,City of Phoenix,10050 E. Metro Pkwy. Phoenix AZ 85051,Cholla Library,library,19.0,Cholla Library [library] 19m; Hibachi Grill & Supreme Buffet [buffet_restaurant] 71m; Harbor Seafood Super Buffet [seafood_restaurant] 76m; Habachi-San Japanese Grill [japanese_restaurant] 78m,https://www.openstreetmap.org/?mlat=33.578235&mlon=-112.119642#map=19/33.578235/-112.119642,,
31,auto-ok,site,Cooling Center,Desert Broom Library  ,City of Phoenix,29710 N. Cave Creek Rd. Phoenix AZ 85331,Desert Broom Library,library,5.0,Desert Broom Library [library] 5m; Arroyo Veterinary Services [veterinarian] 138m; Kristi Rhodes [optometrist] 138m; Tatum Ranch Group Llc [restaurant] 138m,https://www.openstreetmap.org/?mlat=33.754486&mlon=-111.992269#map=19/33.754486/-111.992269,,
32,auto-ok,site,Cooling Center,Desert Sage Library  ,City of Phoenix,7602 W. Encanto Blvd. Phoenix AZ 85035,Desert Sage Library,library,18.0,Desert Sage Library [library] 18m; Hope Neurological & Medical Services [pain_management] 80m; Meraki Salon & Barber [hair_salon] 124m; Five Below [discount_store] 144m,https://www.openstreetmap.org/?mlat=33.473966&mlon=-112.223292#map=19/33.473966/-112.223292,,
33,auto-ok,site,Cooling Center,Harmon Library  ,City of Phoenix,1325 S. 5th Ave. Phoenix AZ 85003,Harmon Library,library,15.0,Harmon Library [library] 15m; Maricopa Urgent Care [health_and_medical] 93m; Warren H Heller Md Psp [health_and_medical] 117m; Ramos Golden Cafe [restaurant] 117m,https://www.openstreetmap.org/?mlat=33.435914&mlon=-112.080063#map=19/33.435914/-112.080063,,
34,auto-ok,site,Cooling Center,Ironwood Library  ,City of Phoenix,4333 E. Chandler Blvd. Phoenix AZ 85048,Ironwood Library,library,27.0,Ironwood Library [library] 27m; Emergency Room at Arizona General Hospital Ahwatukee [emergency_room] 101m; Nhale Training Center [home_health_care] 107m; Allegro Apartments [landmark_and_historical_building] 111m,https://www.openstreetmap.org/?mlat=33.304833&mlon=-111.989479#map=19/33.304833/-111.989479,,
35,auto-ok,site,Cooling Center,Juniper Library  ,City of Phoenix,1825 W. Union Hills Dr. Phoenix AZ 85027,Juniper Library,library,15.0,Juniper Library [library] 15m; Babel Mediterranean Market [specialty_foods] 73m; FedEx [freight_and_cargo_service] 81m; WALGREENS #9057 [money_transfer_services] 82m,https://www.openstreetmap.org/?mlat=33.654164&mlon=-112.098291#map=19/33.654164/-112.098291,,
36,auto-ok,site,Cooling Center,Mesquite Library  ,City of Phoenix,4525 E. Paradise Village Pkwy N. Phoenix AZ 85032,Mesquite Library,library,4.0,Mesquite Library [library] 4m; City Of Phoenix Election Center [central_government_office] 17m; CBD Emporium [herb_and_spice_shop] 102m; Paradise Valley Mall [shopping_center] 102m,https://www.openstreetmap.org/?mlat=33.604683&mlon=-111.983396#map=19/33.604683/-111.983396,,
37,auto-ok,site,Cooling Center,Ocotillo Library  ,City of Phoenix,102 W. Southern Ave. Phoenix AZ 85041,Ocotillo Library,library,3.0,Ocotillo Library [library] 3m; Salsitas [mexican_restaurant] 43m; South Central Market [liquor_store] 65m; Sam's Barber-Beauty Shop [barber] 70m,https://www.openstreetmap.org/?mlat=33.392520&mlon=-112.074752#map=19/33.392520/-112.074752,,
38,auto-ok,site,Cooling Center,Palo Verde Library  ,City of Phoenix,4402 N. 51st Ave. Phoenix AZ 85031,Palo Verde Library,library,15.0,Palo Verde Library [library] 15m; Maryvale Taekwondo [martial_arts_club] 44m; Maryvale Community Center [community_center] 58m; Fisher Fine Arts [dance_school] 67m,https://www.openstreetmap.org/?mlat=33.500424&mlon=-112.169907#map=19/33.500424/-112.169907,,
39,auto-ok,site,Cooling Center,Saguaro Library  ,City of Phoenix,2808 N. 46th St. Phoenix AZ 85008,Saguaro Library,library,24.0,Saguaro Library [library] 24m; Petco Grooming [pet_groomer] 111m; Cold Stone Creamery [milk_bar] 113m; Señor Taco Express [taco_restaurant] 116m,https://www.openstreetmap.org/?mlat=33.478686&mlon=-111.982913#map=19/33.478686/-111.982913,,
40,auto-ok,site,Cooling Center,Yucca Library  ,City of Phoenix,5648 N. 15th Ave. Phoenix AZ 85015,Yucca Library,library,14.0,Yucca Library [library] 14m; Absolute Ink [tattoo] 141m; Vic Tims Guitar School [music_school] 146m,https://www.openstreetmap.org/?mlat=33.519805&mlon=-112.091596#map=19/33.519805/-112.091596,,
41,auto-ok,site,Cooling Center,Acacia Library  ,City of Phoenix,750 E. Townley Ave. Phoenix AZ 85020,Acacia Library,library,9.0,Acacia Library [library] 9m; Walgreens [pharmacy] 81m; Harbor Freight Tools [hardware_store] 84m; LibertyX Bitcoin ATM [atms] 85m,https://www.openstreetmap.org/?mlat=33.566179&mlon=-112.063090#map=19/33.566179/-112.063090,,
42,auto-ok,site,Hydration Station,Bret Tarver Learning Center,City of Phoenix,1516 N. 35th Ave. Phoenix AZ 85009,Bret Tarver Learning Center,community_center,27.0,Transport Nenas [rental_service] 14m; Bret Tarver Learning Center [community_center] 27m; Life Choices Women's Clinic [womens_health_clinic] 47m; La Reyna Bakery [bakery] 48m,https://www.openstreetmap.org/?mlat=33.465709&mlon=-112.135031#map=19/33.465709/-112.135031,,
49,auto-ok,site,Hydration Station,Longview Neighborhood Recreation Center,City of Phoenix,4040 N. 14th St. Phoenix AZ 85014,Longview Neighborhood Recreation Center,sports_and_recreation_venue,20.0,Longview Park [park] 11m; Longview Neighborhood Recreation Center [sports_and_recreation_venue] 20m; Arizona Autism Charter School [school] 74m; A1 Minute Key Service [key_and_locksmith] 76m,https://www.openstreetmap.org/?mlat=33.494237&mlon=-112.051858#map=19/33.494237/-112.051858,,
50,auto-ok,site,Hydration Station,Maryvale Community Center,City of Phoenix,4420 N. 51st Ave. Phoenix AZ 85032,Maryvale Community Center,community_center,43.0,Fisher Fine Arts [dance_school] 10m; Maryvale Taekwondo [martial_arts_club] 35m; Maryvale Pool [swimming_pool] 35m; Maryvale Community Center [community_center] 43m,https://www.openstreetmap.org/?mlat=33.501058&mlon=-112.169580#map=19/33.501058/-112.169580,,
51,auto-ok,site,Hydration Station,Mountain View Community Center,City of Phoenix,1104 E. Grovers Ave. Phoenix AZ 85022,Mountain View Community Center,community_center,16.0,Mountain View Community Center [community_center] 16m; Phoenix City Government [central_government_office] 33m; Thunderbird Arts Center [art_school] 65m; Anteater Recording Studio [music_production] 86m,https://www.openstreetmap.org/?mlat=33.647897&mlon=-112.059407#map=19/33.647897/-112.059407,,
52,auto-ok,site,Hydration Station,Washington Activity Center,City of Phoenix,2240 W. Citrus Wy. Phoenix AZ 85015,Washington Activity Center,community_center,114.0,GO Beyond International Tennis Academy [tennis_court] 29m; Phoenix Tennis Center [tennis_court] 30m; Washington Activity Center [community_center] 114m; USA Global Tennis [gym] 132m,https://www.openstreetmap.org/?mlat=33.530332&mlon=-112.106290#map=19/33.530332/-112.106290,,
55,auto-ok,site,Hydration Station,Adam Diaz Senior Center,City of Phoenix,4115 W. Thomas Rd. Phoenix AZ 85019,Adam Diaz Senior Center,senior_citizen_services,47.0,Adam Diaz Senior Center [senior_citizen_services] 47m; Isaac School District [school] 96m,https://www.openstreetmap.org/?mlat=33.480463&mlon=-112.148071#map=19/33.480463/-112.148071,,
56,auto-ok,site,Hydration Station,Sunnyslope Community Center,City of Phoenix,802 E. Vogel Ave. Phoenix AZ 85020,Sunnyslope Community Center,community_center,56.0,Phoenix Sunnyslope Senior Center [senior_citizen_services] 17m; Sunnyslope Community Center [community_center] 56m; Great Mound [landmark_and_historical_building] 70m; Veterans of Foreign Wars Post 9400 [community_services_non_profits] 89m,https://www.openstreetmap.org/?mlat=33.573544&mlon=-112.062613#map=19/33.573544/-112.062613,,
61,auto-ok,site,Hydration Station,NourishPHX,NourishPHX,501 S. 9th Ave. Phoenix AZ 85007,NourishPHX,food_banks,18.0,NourishPHX [food_banks] 18m; Specialty Textile Services [laundromat] 36m; Spectex [b2b_textiles] 38m; Resell Electronics [electronics] 87m,https://www.openstreetmap.org/?mlat=33.442582&mlon=-112.084460#map=19/33.442582/-112.084460,,
66,auto-ok,site,Hydration Station,City of Refuge,City of Refuge ,3147 N. Black Canyon Hwy Phoenix AZ 85015,City of refuge,homeless_shelter,22.0,Iglesia en la Calle Phoenix [religious_organization] 1m; City of refuge [homeless_shelter] 22m; Bella Manor [landmark_and_historical_building] 118m; Guru Freddy [massage_therapy] 129m,https://www.openstreetmap.org/?mlat=33.485772&mlon=-112.112470#map=19/33.485772/-112.112470,,
77,auto-ok,site,Hydration Station,Granite Reef Senior Center ,City of Scottsdale,1700 N. Granite Reef Rd. Scottsdale AZ 85257,Granite Reef Senior Center,senior_citizen_services,9.0,Granite Reef Senior Center [senior_citizen_services] 9m; GRSC [real_estate_service] 22m; Pets On Wheels [community_services_non_profits] 23m; Waste Not [charity_organization] 23m,https://www.openstreetmap.org/?mlat=33.467166&mlon=-111.901341#map=19/33.467166/-111.901341,,
78,auto-ok,site,Cooling Center,Appaloosa Library ,City of Scottsdale,7377 E. Silverstone Dr. Scottsdale AZ 85255,Appaloosa Library,library,8.0,Appaloosa Library [library] 8m; Rawhide [steakhouse] 130m,https://www.openstreetmap.org/?mlat=33.695168&mlon=-111.922394#map=19/33.695168/-111.922394,,
79,auto-ok,site,Hydration Station,Paiute Neighborhood Center ,City of Scottsdale,6535 E. Osborn Rd. Scottsdale AZ 85251,Paiute Neighborhood Center,community_center,63.0,Paiute Elementary School [elementary_school] 7m; Ville De Marie Academy [elementary_school] 43m; Scottsdale Housing Authority [housing_authorities] 53m; Southwest Autism Research & Resource Center (sarrc) - Scottsdale Paiute Campus [preschool] 53m,https://www.openstreetmap.org/?mlat=33.487045&mlon=-111.940438#map=19/33.487045/-111.940438,,
82,auto-ok,site,Hydration Station,Mom's Pantry,Mom's Pantry,13440 N. Cave Creek Rd. Phoenix AZ 85022,Mom's Pantry,food_banks,5.0,Mom's Pantry [food_banks] 5m; Heritage Hats [hat_shop] 43m; Coconut Contracting [landscaping] 47m; Gulick Brothers Hair [hair_salon] 60m,https://www.openstreetmap.org/?mlat=33.609561&mlon=-112.036551#map=19/33.609561/-112.036551,,
89,auto-ok,site,Cooling Center,Burton Barr Central Library,City of Phoenix,1221 N. Central Ave. Phoenix AZ 85004,Burton Barr Central Library,library,20.0,Hive Central [library] 13m; At Central Gallery [art_gallery] 13m; College Depot [library] 15m; Burton Barr Central Library [library] 20m,https://www.openstreetmap.org/?mlat=33.462516&mlon=-112.073123#map=19/33.462516/-112.073123,,
90,auto-ok,site,Cooling Center,South Mountain Community Library  ,City of Phoenix,7050 S. 24th St. Phoenix AZ 85042,South Mountain Community Library,library,3.0,South Mountain Community Library [library] 3m; Maricopa SBDC [professional_services] 69m; South Mountain Community College [college_university] 95m; MEChA de SMCC [community_services_non_profits] 99m,https://www.openstreetmap.org/?mlat=33.382128&mlon=-112.031300#map=19/33.382128/-112.031300,,
91,auto-ok,site,Hydration Station,Buckeye Family Resource Center,City of Buckeye,210 S. 6th St. Buckeye AZ 85326 (Building 700),Buckeye Family Resource Center,community_center,17.0,Buckeye Family Resource Center [community_center] 17m; Buckeye Airport Transportation [airport_shuttles] 66m; New Jerusalem Ministries [church_cathedral] 68m; Vivint Home Security Systems [home_security] 75m,https://www.openstreetmap.org/?mlat=33.369050&mlon=-112.584085#map=19/33.369050/-112.584085,,
97,auto-ok,site,Cooling Center,Avondale Baptist Church,Avondale Baptist Church,1001 N. Central Ave. Avondale AZ 85323,Avondale Baptist Church,baptist_church,21.0,Avondale Baptist Church [baptist_church] 21m; FSBCA Kids [religious_organization] 23m; Avondale Junior High School [high_school] 143m,https://www.openstreetmap.org/?mlat=33.445962&mlon=-112.348529#map=19/33.445962/-112.348529,,
98,auto-ok,site,Hydration Station,Spectrum Medical Care Center ,Spectrum Medical Care Center ,200 E. Monterey Way Phoenix AZ 85012,Spectrum Medical Care Center,family_practice,69.0,Living Body Works Llc [maternity_centers] 3m; HeartStrings Family Chiropractic [chiropractor] 11m; Simply Psychology Llc [child_psychiatrist] 27m; Palacios Crew Counseling Llc [None] 27m,https://www.openstreetmap.org/?mlat=33.485494&mlon=-112.070683#map=19/33.485494/-112.070683,,
99,auto-ok,site,Hydration Station,Victory Community Church ,The Burnidge Soup Kitchen,3402 W. Osborn Rd. Phoenix AZ 85017,Victory Community Church,church_cathedral,36.0,"Blue Rhino Propane Exchange [propane_supplier] 10m; The Burnidge Soup Kitchen [community_services_non_profits] 31m; Victory Community Church [church_cathedral] 36m; Kemtek Xtals, Inc. [None] 53m",https://www.openstreetmap.org/?mlat=33.488114&mlon=-112.132275#map=19/33.488114/-112.132275,,
102,auto-ok,site,Hydration Station,All Faith Community Services- Buckeye,All Faith Community Services,214 S. 5th. St. Buckeye AZ 85326,All Faith Community Services,charity_organization,9.0,All Faith Community Services [charity_organization] 9m; Skyway Church of Buckeye [church_cathedral] 11m; New Jerusalem Ministries [church_cathedral] 41m; Buckeye Apostolic Church [church_cathedral] 85m,https://www.openstreetmap.org/?mlat=33.368544&mlon=-112.584795#map=19/33.368544/-112.584795,,
104,auto-ok,site,Respite Center,AZCEND,AZCEND,345 S. California St. Chandler AZ 85225,AZCEND,food_banks,11.0,AZCEND [food_banks] 11m; Chandler Christian Community Center [food_banks] 13m; Chandler Community Action Program [housing_authorities] 23m; Del Sol Mercado Y Carniceria [grocery_store] 79m,https://www.openstreetmap.org/?mlat=33.298040&mlon=-111.843440#map=19/33.298040/-111.843440,,
106,auto-ok,site,Hydration Station,FIBCO Family Services,FIBCO Family Services,1141 E. Jefferson St. Phoenix AZ 85034,"FIBCO Family Services, Inc.",community_services_non_profits,17.0,"Much Moore Academy LLC [day_care_preschool] 2m; Dream Zone FIBC Student Ministries  [religious_organization] 9m; FIBCO Family Services, Inc. [community_services_non_profits] 17m; First Institutional Baptist Church [baptist_church] 27m",https://www.openstreetmap.org/?mlat=33.446752&mlon=-112.057816#map=19/33.446752/-112.057816,,
107,auto-ok,site,Cooling Center,Glendale Adult Center,City of Glendale,5970 W. Brown St. Glendale AZ 85302,Glendale Adult Center,sports_and_recreation_venue,12.0,Glendale Parks & Recreation [park] 5m; Glendale Lapidary Lab [community_center] 6m; Glendale Adult Center [sports_and_recreation_venue] 12m; Desert Diamond Pool Service [contractor] 93m,https://www.openstreetmap.org/?mlat=33.579660&mlon=-112.189600#map=19/33.579660/-112.189600,,
108,auto-ok,site,Cooling Center,Foothills Recreation & Aquatics Center,City of Glendale,5600 W. Union Hills Rd. Glendale AZ 85308,Foothills Recreation and Aquatics Center,sports_and_recreation_venue,29.0,Desert Judo [martial_arts_club] 12m; BNI Arrowhead Traditions [community_services_non_profits] 14m; Skunk Creek Linear Park [park] 24m; Foothills Recreation and Aquatics Center [sports_and_recreation_venue] 29m,https://www.openstreetmap.org/?mlat=33.654920&mlon=-112.178080#map=19/33.654920/-112.178080,,
110,auto-ok,site,Cooling Center,Foothills Library,City of Glendale,19055 N. 57th Ave. Glendale AZ 85308,Foothills Library,library,31.0,Foothills Library [library] 31m; Arrowhead Oral & Maxillofacial Surgery [general_dentistry] 70m; Foothills Dog Park [dog_park] 145m,https://www.openstreetmap.org/?mlat=33.659369&mlon=-112.179981#map=19/33.659369/-112.179981,,
117,auto-ok,site,Cooling Center,Chandler Nature Center,City of Chandler,4050 E. Chandler Heights Rd. Chandler AZ 85249,Chandler Nature Center,nature_reserve,2.0,Chandler Nature Center [nature_reserve] 2m; Environmental Education Center [central_government_office] 7m; Chandler Police Department [police_department] 79m,https://www.openstreetmap.org/?mlat=33.235017&mlon=-111.770787#map=19/33.235017/-111.770787,,
118,auto-ok,site,Hydration Station,GESD System of Care Center,City of Glendale,7677 W. Bethany Home Rd. Glendale AZ 85303,GESD System of Care Center,community_center,20.0,GESD Family Hub [day_care_preschool] 15m; GESD System of Care Center [community_center] 20m; Glendale Elementary School District #40 [elementary_school] 98m,https://www.openstreetmap.org/?mlat=33.522857&mlon=-112.223492#map=19/33.522857/-112.223492,,
119,auto-ok,site,Hydration Station,Glendale Community Center ,City of Glendale,5401 W. Ocotillo Rd. Glendale AZ 85301,Glendale Community Center,community_center,5.0,Glendale Youth Sports [youth_organizations] 3m; Glendale Community Center [community_center] 5m,https://www.openstreetmap.org/?mlat=33.534797&mlon=-112.175282#map=19/33.534797/-112.175282,,
122,auto-ok,site,Respite Center,Scottsdale Congregational United Church of Christ,Community House,4425 N. Granite Reef Rd. Scottsdale AZ 85251,Scottsdale Congregational United Church of Christ,church_cathedral,21.0,Scottsdale Neighborhood Arts Place [arts_and_entertainment] 19m; Performance Ballroom Dance [dance_school] 20m; Scottsdale Congregational United Church of Christ [church_cathedral] 21m; Sacred Grounds Jazz Coffeehouse [coffee_shop] 38m,https://www.openstreetmap.org/?mlat=33.500932&mlon=-111.900178#map=19/33.500932/-111.900178,,
123,auto-ok,site,Hydration Station,Glendale City Court,City of Glendale,5711 W. Glendale Ave. Glendale AZ 85301,Glendale City Court,courthouse,5.0,Glendale City Court [courthouse] 5m; Jetza Pizza Restaurante & Gelateria [pizza_restaurant] 23m; Cultura Mexicana [mexican_restaurant] 25m; Lenny's Burger Shop [burger_restaurant] 25m,https://www.openstreetmap.org/?mlat=33.538374&mlon=-112.181662#map=19/33.538374/-112.181662,,
131,auto-ok,site,Hydration Station,Logos Outreach Ministries,Logos Outreach Ministries,500 W. Southern Ave. Mesa AZ 85210 (Suite31-32),Logos Outreach Ministries,religious_organization,100.0,C'z Barbershop [barber] 14m; Relentless Training- Mesa [boot_camp] 18m; Pistol Parlour [sporting_goods] 29m; Oasis Christian Center [church_cathedral] 40m,https://www.openstreetmap.org/?mlat=33.394085&mlon=-111.843063#map=19/33.394085/-111.843063,,
137,auto-ok,site,Cooling Center,Church of the Epiphany,City of Tempe,2222 S. Price Rd. Tempe AZ 85381,The Church of the Epiphany,church_cathedral,36.0,"Indian Christian Church [church_cathedral] 14m; Telugu Christian Church, Phoenix , Arizona - తెలుగు క్రైస్తవ చర్చి, ఫీనిక్స్, అరిజోనా [church_cathedral] 15m; Unity Of Tempe [church_cathedral] 17m; Next Horizons Child Development Center [day_care_preschool] 20m",https://www.openstreetmap.org/?mlat=33.403359&mlon=-111.892916#map=19/33.403359/-111.892916,,
138,auto-ok,site,Hydration Station,El Mirage Fire Department,City of El Mirage,13601 N. El Mirage Rd. El Mirage AZ 85335,El Mirage Fire Department,fire_department,16.0,City of El Mirage Fire Station [fire_protection_service] 4m; El Mirage Fire Department [fire_department] 16m; El Mirage Library [library] 28m; Señor coffee [coffee_shop] 94m,https://www.openstreetmap.org/?mlat=33.607610&mlon=-112.324250#map=19/33.607610/-112.324250,,
139,auto-ok,site,Hydration Station,El Mirage Police Department,City of El Mirage,12401 W. Cinnabar Ave. El Mirage AZ 85335,El Mirage Police Department,police_department,13.0,El Mirage Police Department [police_department] 13m; Nomadic Ice Cream Rolls [food_truck] 132m; Windy City Dogs [hot_dog_restaurant] 139m; City of El Mirage City Park [park] 145m,https://www.openstreetmap.org/?mlat=33.574025&mlon=-112.326786#map=19/33.574025/-112.326786,,
146,auto-ok,site,Cooling Center,Asante Library  ,City of Surprise,16755 W. Vereda Solana Dr. Surprise AZ 85387,Asante Library,library,17.0,Asante Library [library] 17m; FamilySearch center [organization] 110m; Asante Community Park [None] 113m,https://www.openstreetmap.org/?mlat=33.697571&mlon=-112.418351#map=19/33.697571/-112.418351,,
147,auto-ok,site,Respite Center,Larkspur Christian Church,AZ Faith Network,10614 N. 43rd Ave Glendale AZ 85304,Larkspur Christian Church,church_cathedral,8.0,Casa Builders [construction_services] 7m; Larkspur Christian Church [church_cathedral] 8m; 2ND Chance Behavioral Health Services LLC [alcohol_and_drug_treatment_center] 47m; Twice The Ice [convenience_store] 48m,https://www.openstreetmap.org/?mlat=33.583266&mlon=-112.151977#map=19/33.583266/-112.151977,,
155,auto-ok,site,Hydration Station,Lincoln Family Downtown YMCA,YMCA,350 N. 1st Ave. Phoenix AZ 85003,Lincoln Family Downtown YMCA,community_center,35.0,AZ Department Of Corrections [central_government_office] 20m; Lincoln Family Downtown YMCA [community_center] 35m; Valley of the Sun YMCA [gym] 41m; Just Air LLC - Air Conditioning And Heating Company Phoenix AZ [automotive_services_and_repair] 51m,https://www.openstreetmap.org/?mlat=33.453240&mlon=-112.075629#map=19/33.453240/-112.075629,,
158,auto-ok,site,Hydration Station,The Reborn Church ,The Reborn Church ,3043 W. Indian School Rd. Phoenix AZ 85017,Reborn Church,church_cathedral,108.0,U-Haul Neighborhood Dealer [truck_rentals] 12m; First Finance Co LLC [notary_public] 22m; Future Movers [storage_facility] 22m; Degenerate Genius LLC [marketing_agency] 22m,https://www.openstreetmap.org/?mlat=33.494829&mlon=-112.123937#map=19/33.494829/-112.123937,,
162,auto-ok,site,Hydration Station,Dobson Ranch Library ,City of Mesa,2425 S. Dobson Rd. Mesa AZ 85202,Dobson Ranch Library,library,8.0,Dobson Ranch Library [library] 8m; Dobson Ranch Park [park] 81m; Mesa Fire and Medical Department Station 207 [fire_department] 82m; Mesa Police Department Metro Traffics Station [police_department] 83m,https://www.openstreetmap.org/?mlat=33.371037&mlon=-111.878992#map=19/33.371037/-111.878992,,
170,auto-ok,site,Cooling Center,Valle del Sol - Maryvale,Valle del Sol,8410 W. Thomas Rd Phoenix AZ 85037 (Suite #116),Valle del Sol-Maryvale,,14.0,"Estrella Internal Medicine and Geriatrics Clinic, PLC [diagnostic_services] 3m; Valle del Sol-Maryvale [None] 14m; Physician Group of Arizona [public_health_clinic] 18m; CleanSlate Outpatient Addiction Medicine [abuse_and_addiction_treatment] 21m",https://www.openstreetmap.org/?mlat=33.480760&mlon=-112.241408#map=19/33.480760/-112.241408,,
185,auto-ok,site,Hydration Station,Sun City Posse,Sun City Posse,10861 W. Sunland Dr. Sun City AZ 85351,Sun City Posse,community_services_non_profits,22.0,Sun City Posse [community_services_non_profits] 22m,https://www.openstreetmap.org/?mlat=33.627718&mlon=-112.293044#map=19/33.627718/-112.293044,,
187,auto-ok,site,Hydration Station,Fountain Hills Chamber of Commerce,Fountain Hills Chamber of Commerce,16837 E. Palisades Blvd. Fountain Hills AZ 85268,Fountain Hills Chamber Of Commerce,chambers_of_commerce,2.0,Fountain Hills Chamber Of Commerce [chambers_of_commerce] 2m; Fountain Hills Toastmasters Club [charity_organization] 2m; Visit Fountain Hills [travel_services] 3m; LUX Thai Massage & Spa [spas] 23m,https://www.openstreetmap.org/?mlat=33.607242&mlon=-111.716854#map=19/33.607242/-111.716854,,
189,auto-ok,site,Hydration Station,Avondale Civic Center Library,City of Avondale,11350 Civic Center Dr. Avondale AZ 85323,Avondale Civic Center Library,library,10.0,Avondale Civic Center Library [library] 10m; Avondale City Clerk [town_hall] 135m,https://www.openstreetmap.org/?mlat=33.445061&mlon=-112.302752#map=19/33.445061/-112.302752,,
191,auto-ok,site,Hydration Station,Mercy House Community Center,Mercy House Community Center,1249 S. 111th Ave. Avondale AZ 85329,Mercy House Community Center,community_center,5.0,"Mercy House Community Center [community_center] 5m; 1ra IAFCJ Avondale, AZ [religious_organization] 86m; Padre Andres Arango, St. William Catholic Church [catholic_church] 127m; Saint Williams Catholic Church [catholic_church] 139m",https://www.openstreetmap.org/?mlat=33.433441&mlon=-112.297719#map=19/33.433441/-112.297719,,
192,auto-ok,site,Respite Center,Wesley United Methodist Church,AZ Faith Network,750 E. Southern Ave. Phoenix AZ 85040,Wesley United Methodist Church,church_cathedral,19.0,No Dreams Lost Foundation [food_banks] 6m; Wesley United Methodist Church [church_cathedral] 19m; Perez Electric and Handyman Services [electrician] 140m,https://www.openstreetmap.org/?mlat=33.392612&mlon=-112.062472#map=19/33.392612/-112.062472,,
195,auto-ok,site,Cooling Center,Fountain of Life Christian Fellowship,Fountain of Life Christian Fellowship,6625 E. Main St. Mesa AZ 85205,Fountain of Life Christian Fellowship,church_cathedral,2.0,Mission Kitchen 153 [community_services_non_profits] 1m; Fountain of Life Christian Fellowship [church_cathedral] 2m; Melcher Mortuary Mission Chapel & Crematory [funeral_services_and_cemeteries] 36m; STORE MORE! Self Storage [self_storage_facility] 80m,https://www.openstreetmap.org/?mlat=33.415242&mlon=-111.688899#map=19/33.415242/-111.688899,,
196,auto-ok,site,Hydration Station,Freestone Recreation Center,Town of Gilbert,1144 E. Guadalupe Rd. Gilbert AZ 85234,Freestone Recreation Center,sports_and_recreation_venue,30.0,Freestone Disc Golf Course [park] 28m; Mental Sports and Fitness Academy [gym] 29m; Freestone Recreation Center [sports_and_recreation_venue] 30m; Kilali's Polynesian Revue & Dance School [dance_school] 45m,https://www.openstreetmap.org/?mlat=33.363837&mlon=-111.766374#map=19/33.363837/-111.766374,,
198,auto-ok,site,Cooling Center,McQueen Park Activity Center,Town of Gilbert,510 N. Horne St. Gilbert AZ 85233,McQueen Park Activity Center,sports_and_recreation_venue,13.0,"Gilbert Town Government Parks & Recreation-70 E Civic Center Drive [central_government_office] 3m; McQueen Park Activity Center [sports_and_recreation_venue] 13m; Archaeo Church [church_cathedral] 24m; Vivace Music, LLC [art_school] 50m",https://www.openstreetmap.org/?mlat=33.357449&mlon=-111.818436#map=19/33.357449/-111.818436,,
202,auto-ok,site,Cooling Center,Southeast Regional Library  ,Town of Gilbert,775 N Greenfield Rd. Gilbert AZ 85234,Southeast Regional Library,library,40.0,Friends Place Bookstore [community_services_non_profits] 35m; Southeast Regional Library [library] 40m; New Covenant Bible Fellowship [church_cathedral] 42m; Gilbert Public Library [library] 42m,https://www.openstreetmap.org/?mlat=33.363965&mlon=-111.737741#map=19/33.363965/-111.737741,,
203,auto-ok,site,Hydration Station,Tolleson Police Department,City of Tolleson,8350 W. Van Buren St. Tolleson AZ 85353,Tolleson Police Department,police_department,9.0,Tolleson Police Department [police_department] 9m; Tolleson City Court [courthouse] 13m; TPA Protection Agency [None] 97m; Nationwide Gourmets of Arizona [None] 98m,https://www.openstreetmap.org/?mlat=33.452431&mlon=-112.240440#map=19/33.452431/-112.240440,,
210,auto-ok,site,Hydration Station,Copa Health Headquarters,Copa Health,924 N. Country Club Dr. Mesa AZ 85201,Copa Health - Headquarters,counseling_and_mental_health,15.0,Angela S Hurley [health_and_medical] 15m; Copa Health - Headquarters [counseling_and_mental_health] 15m; Marc Center [diagnostic_services] 15m; Terence Jones [health_and_medical] 15m,https://www.openstreetmap.org/?mlat=33.432183&mlon=-111.840362#map=19/33.432183/-111.840362,,
211,auto-ok,site,Hydration Station,Budget Motel,Apex Transitional Housing ,2836 E. Van Buren St. Phoenix AZ 85008,Budget Motel,motel,15.0,Budget Motel [motel] 15m; Oyo Hotel Phoenix Airport E Van Buren [hotel] 46m; Titan Transmission Werkz [automotive_repair] 49m; Blacktop Motors LLC [car_dealer] 49m,https://www.openstreetmap.org/?mlat=33.451773&mlon=-112.019669#map=19/33.451773/-112.019669,,
213,auto-ok,site,Hydration Station,St. Joseph the Worker - Phoenix,St. Joseph the Worker,382 E. Palm Ln. Phoenix AZ 85004 (Suite #150),St. Joseph the Worker,community_services_non_profits,12.0,St. Joseph the Worker [community_services_non_profits] 12m; Nami [cafe] 39m; Veggie Boy 2 Llc [health_and_medical] 45m; The Husband and Wife Law Team [personal_injury_law] 53m,https://www.openstreetmap.org/?mlat=33.469835&mlon=-112.065805#map=19/33.469835/-112.065805,,
217,auto-ok,site,Cooling Center,Desert Foothills Library,Desert Foothills Library,38443 N. School House Rd. Cave Creek AZ 85331,Desert Foothills Library,library,16.0,Desert Foothills Library [library] 16m; Desert Foothills Gallery [art_gallery] 29m; Spur Cross Inn Bed & Breakfast [bed_and_breakfast] 90m; K. Hovnanian Homes Galloway Ridge [home_developer] 105m,https://www.openstreetmap.org/?mlat=33.834907&mlon=-111.942817#map=19/33.834907/-111.942817,,
228,auto-ok,site,Cooling Center,White Tank Library  ,Maricopa County Library District,20304 W. White Tank Mountain Rd. Surprise AZ 85355,White Tank Library,library,13.0,White Tank Library [library] 13m; White Tank Mountain Regional Park [landmark_and_historical_building] 17m; White Tanks Regional Park - Sonoran Loop Competitive Track [active_life] 17m; Friends of White Tank Park [community_services_non_profits] 30m,https://www.openstreetmap.org/?mlat=33.566991&mlon=-112.497693#map=19/33.566991/-112.497693,,
230,auto-ok,site,Cooling Center,Guadalupe Library  ,Maricopa County Library District,9241 S. Avendia del Yaqui Guadalupe AZ 85283,Guadalupe Library,library,72.0,Guadalupe Municipal Court [courthouse] 16m; Town of Guadalupe [town_hall] 26m; Guadalupe Community Action Program [community_services_non_profits] 30m; South Mountain Community College Guadalupe Center [college_university] 50m,https://www.openstreetmap.org/?mlat=33.362175&mlon=-111.962475#map=19/33.362175/-111.962475,,
231,auto-ok,site,Cooling Center,Ed Robson Library  ,Maricopa County Library District,9330 E. Riggs Rd. Sun Lakes AZ 85248,Ed Robson Library,library,10.0,Maricopa County Library District [library] 8m; Ed Robson Library [library] 10m; Oasis Of Grace Assembly Of God [church_cathedral] 10m; Sun Lakes United Methodist Church [church_cathedral] 90m,https://www.openstreetmap.org/?mlat=33.218324&mlon=-111.881633#map=19/33.218324/-111.881633,,
233,auto-ok,site,Cooling Center,Perry Library  ,Maricopa County Library District,1965 E. Queen Creek Rd. Gilbert AZ 85297,Perry Library,library,10.0,Perry Library [library] 10m; Perry Bands [elementary_school] 85m; Chandler Unified School District No 80 [elementary_school] 87m; Perry High School [high_school] 87m,https://www.openstreetmap.org/?mlat=33.262662&mlon=-111.747823#map=19/33.262662/-111.747823,,
234,auto-ok,site,Cooling Center,Fountain Hills Library  ,Maricopa County Library District,12901 N. La Montana Dr. Fountain Hills AZ 85268,Fountain Hills Library,library,33.0,River of Time Museum and Exploration Center [history_museum] 12m; Fountain Hls & Lower Verde Rvr Vly Museum & Hist Society [museum] 33m; Fountain Hills Library [library] 33m; Centennial Circle [sculpture_statue] 41m,https://www.openstreetmap.org/?mlat=33.602960&mlon=-111.721710#map=19/33.602960/-111.721710,,
235,auto-ok,site,Cooling Center,North Valley Regional Library  ,Maricopa County Library District,40410 N. Gavilan Peak Pkwy. Phoenix AZ 85086,North Valley Regional Library,library,76.0,King's Church [church_cathedral] 14m; North Valley Regional Library [library] 76m,https://www.openstreetmap.org/?mlat=33.852355&mlon=-112.139912#map=19/33.852355/-112.139912,,
236,auto-ok,site,Cooling Center,El Mirage Library  ,Maricopa County Library District,13513 N. El Mirage Rd. El Mirage AZ 85335,El Mirage Library,library,75.0,El Mirage Fire Department [fire_department] 52m; City of El Mirage Fire Station [fire_protection_service] 68m; El Mirage Library [library] 75m; Casa Mirage Apartments [landmark_and_historical_building] 101m,https://www.openstreetmap.org/?mlat=33.607000&mlon=-112.324338#map=19/33.607000/-112.324338,,
237,auto-ok,site,Cooling Center,Georgia T. Lord Library ,Maricopa County Library District,1900 N. Civic Sq. Goodyear AZ 85395,Georgia T. Lord Library,library,42.0,"City of Goodyear, AZ USA [town_hall] 32m; Goodyear Economic Development [central_government_office] 38m; Goodyear City Manager [None] 40m; Goodyear Utilities Customer Service [central_government_office] 42m",https://www.openstreetmap.org/?mlat=33.467523&mlon=-112.385365#map=19/33.467523/-112.385365,,
